year,state,bill_name,issues,label,source,status,status_detail,status_date
2021,AL,SB 10,Anti-Trans bills | Prohibiting heathcare for transgender youth,harmful,aclu,Introduced,Died,
2021,AL,HB 1,Anti-Trans bills | Prohibiting heathcare for transgender youth,harmful,aclu,Introduced,Indefinitely postponed,2021-05-06
2021,AL,SB 5,Anti-Trans bills | Prohibiting heathcare for transgender youth,harmful,aclu,Introduced,Prefiled for 2022,2022-01-11
2021,AL,HB 391,Anti-Trans bills | Excluding transgender youth from athletics,harmful,aclu,Introduced,Signed by Governor,
2021,AR,SB 347,Anti-Trans bills | Prohibiting heathcare for transgender youth,harmful,aclu,Introduced,Died in committee,2021-10-15
2021,AR,HB 1570,Anti-Trans bills | Prohibiting heathcare for transgender youth,harmful,aclu,Introduced,Signed into law,2021-04-13
2021,AR,HB 1882,Anti-Trans bills | Single-Sex Facility Restrictions,harmful,aclu,Introduced,Died,2021-10-15
2021,AR,HB 1905,Anti-Trans bills | Single-Sex Facility Restrictions,harmful,aclu,Introduced,Referred to committee,2021-04-12
2021,AR,SJR 16,Anti-Trans bills | Excluding transgender youth from athletics,harmful,aclu,Introduced,Died,2021-10-15
2021,AR,SB 354,Anti-Trans bills | Excluding transgender youth from athletics,harmful,aclu,Introduced,Signed by Governor,2021-03-29
2021,AR,SB 450,Anti-Trans bills | Excluding transgender youth from athletics,harmful,aclu,Introduced,Signed by Governor,2021-04-29
2021,AR,HB 1749,Other Anti-Trans Bills,harmful,aclu,Introduced,Died,2021-10-15
2021,AR,HJR 1024,Religious exemptions |  Religious Freedom Restoration Acts (RFRAs),harmful,aclu,Introduced,Postponed indefinitely by committee,2021-10-15
2021,AR,SJR 14,Religious exemptions |  Religious Freedom Restoration Acts (RFRAs),harmful,aclu,Introduced,Reviewed by Governor,2021-04-30
2021,AR,SB 289,Religious exemptions | Religious Exemptions in Healthcare Implicating LGBTQ People,harmful,aclu,Introduced,Signed by Governor,2021-03-29
2021,AR,SB 389,Other Anti-LGBTQ Bills,harmful,aclu,Introduced,Delivered to Governor,2021-04-01
2021,AZ,SB 1511,Anti-Trans bills | Prohibiting heathcare for transgender youth,harmful,aclu,Introduced,Read second time,2021-02-20
2021,AZ,SB 1637,Anti-Trans bills | Excluding transgender youth from athletics,harmful,aclu,Introduced,Read for the first time,2021-06-30
2021,AZ,HB 2011,Anti-Trans bills | other school or curriculum restrictions,harmful,aclu,Introduced,Prefiled,2021-12-07
2021,AZ,HB 2710,Other Anti-Trans Bills,harmful,aclu,Introduced,Died,2021-10-15
2021,AZ,SB 1163,LGBTQ Equality Bills | Allowing updated gender markers on ID,harmful,aclu,Introduced,Read second time,2021-01-19
2021,AZ,HB 2652,LGBTQ Equality Bills | Other good bills,harmful,aclu,Introduced,Read for the first time,2021-05-24
2021,FL,HB 935,Anti-Trans bills | Prohibiting heathcare for transgender youth,harmful,aclu,Introduced,Died in subcommittee,2021-04-30
2021,FL,HB 211,Anti-Trans bills | Prohibiting heathcare for transgender youth,harmful,aclu,Introduced,Prefiled for 2022; referred to committee,2021-10-06
2021,FL,HB 935,Anti-Trans bills | Excluding transgender youth from athletics,harmful,aclu,Introduced,Died in subcommittee,2021-04-30
2021,FL,HB 1475,Anti-Trans bills | Excluding transgender youth from athletics,harmful,aclu,Introduced,Died in committee,2021-04-30
2021,FL,SB 2012,Anti-Trans bills | Excluding transgender youth from athletics,harmful,aclu,Introduced,Died in committee,2021-04-30
2021,GA,HB 401,Anti-Trans bills | Prohibiting heathcare for transgender youth,harmful,aclu,Introduced,Read for the second time,2021-02-16
2021,GA,HB 276,Anti-Trans bills | Excluding transgender youth from athletics,harmful,aclu,Introduced,Read for the second time,2021-02-08
2021,GA,HB 372,Anti-Trans bills | Excluding transgender youth from athletics,harmful,aclu,Introduced,Read for the second time,2021-02-22
2021,GA,SB 266,Anti-Trans bills | Excluding transgender youth from athletics,harmful,aclu,Introduced,Read for the second time,2021-03-05
2021,IA,HF 193,Anti-Trans bills | Prohibiting heathcare for transgender youth,harmful,aclu,Introduced,Referred to committee,2021-01-22
2021,IA,HF 183,Anti-Trans bills | Excluding transgender youth from athletics,harmful,aclu,Introduced,Referred to committee,2021-01-22
2021,IA,SF 167,Other Anti-Trans Bills,harmful,aclu,Introduced,Subcommittee recommends passage,2021-02-26
2021,IA,HF 272,Other Anti-Trans Bills,harmful,aclu,Introduced,Referred to committee,2021-01-27
2021,IA,HF 326,Other Anti-Trans Bills,harmful,aclu,Introduced,Referred to committee,2021-02-02
2021,IA,HF 170,Religious exemptions |  Religious Freedom Restoration Acts (RFRAs),harmful,aclu,Introduced,,2021-01-22
2021,IA,SF 436,Religious exemptions |  Religious Freedom Restoration Acts (RFRAs),harmful,aclu,Introduced,Subcommittee recommends passage,2021-03-02
2021,IA,HF 170,Religious exemptions | Religious Exemptions in Adoption & Foster Care,harmful,aclu,Introduced,,2021-01-22
2021,IA,HF 170,Other religious exemption bills,harmful,aclu,Introduced,Referred to committee,2021-01-22
2021,IN,SB 224,Anti-Trans bills | Prohibiting heathcare for transgender youth,harmful,aclu,Introduced,Died in committee,2021-02-23
2021,IN,HB 1503,Religious exemptions |  Religious Freedom Restoration Acts (RFRAs),harmful,aclu,Introduced,Died in committee,2021-02-23
2021,IN,SB 288,Other anti-LGBTQ bills,harmful,aclu,Introduced,Read for the second time,2021-02-22
2021,IN,SB 289,Other anti-LGBTQ bills,harmful,aclu,Introduced,Referred to committee,2021-01-11
2021,KS,HB 2210,Anti-Trans bills | Prohibiting heathcare for transgender youth,harmful,aclu,Introduced,Referred to committee,2021-02-03
2021,KS,SB 208,Anti-Trans bills | Excluding transgender youth from athletics,harmful,aclu,Introduced,Postponed until 2022,
2021,KY,HB 336,Anti-Trans bills | Prohibiting heathcare for transgender youth,harmful,aclu,Introduced,Died,2021-04-02
2021,KY,HB 477,Anti-Trans bills | Prohibiting heathcare for transgender youth,harmful,aclu,Introduced,Died,2021-04-02
2021,KY,HB 336,Other Anti-Trans Bills,harmful,aclu,Introduced,Died,2021-04-02
2021,KY,SB 83,Religious exemptions | Religious Exemptions in Healthcare Implicating LGBTQ People,harmful,aclu,Introduced,Died,2021-04-02
2021,KY,HB 524,Religious exemptions | Religious Exemptions in Adoption & Foster Care,harmful,aclu,Introduced,Died,2021-04-02
2021,KY,SB 106,Anti-Trans bills | Excluding transgender youth from athletics,harmful,aclu,Defeated,Died,2021-04-02
2021,KY,HB 471,Anti-Trans bills | Excluding transgender youth from athletics,harmful,aclu,Defeated,Died,2021-04-02
2021,KY,HB 130,LGBTQ Equality Bills | Nondiscrimination protections,harmful,aclu,Defeated,Died,2021-04-02
2021,KY,HB 116,LGBTQ Equality Bills | Nondiscrimination protections,harmful,aclu,Defeated,Died,2021-04-02
2021,LA,HB 575,Anti-Trans bills | Prohibiting heathcare for transgender youth,harmful,aclu,Defeated,Referred to committee,2021-04-12
2021,LA,SB 104,Anti-Trans bills | Prohibiting heathcare for transgender youth,harmful,aclu,Introduced,Referred to committee,2021-04-12
2021,LA,HB 542,Anti-Trans bills | Excluding transgender youth from athletics,harmful,aclu,Introduced,Referred to committee,2021-04-12
2021,LA,SB 156,Anti-Trans bills | Excluding transgender youth from athletics,harmful,aclu,Introduced,House failed to override the Governor’s veto,2021-07-21
2021,MO,HB 33,Anti-Trans bills | Prohibiting heathcare for transgender youth,harmful,aclu,Introduced,Motion to pass failed,2021-05-12
2021,MO,HB 1077,Anti-Trans bills | Excluding transgender youth from athletics,harmful,aclu,Introduced,Referred to committee,2021-02-18
2021,MO,HJR 56,Anti-Trans bills | Excluding transgender youth from athletics,harmful,aclu,Introduced,Referred to committee,2021-02-18
2021,MO,SB 503,Anti-Trans bills | Excluding transgender youth from athletics,harmful,aclu,Introduced,Read for second time; referred to committee,2021-03-04
2021,MO,SB 9,Anti-Trans bills | Excluding transgender youth from athletics,harmful,aclu,Introduced,Read for second time; referred to committee,2021-06-26
2021,MO,SB 740,Anti-Trans bills | Excluding transgender youth from athletics,harmful,aclu,Introduced,Prefiled,2021-12-01
2021,MO,HB 1755,Anti-Trans bills | other school or curriculum restrictions,harmful,aclu,Introduced,Prefiled,2021-12-01
2021,MO,HB 645,Anti-Trans bills | other school or curriculum restrictions,harmful,aclu,Introduced,Prefiled,2021-12-01
2021,MO,SB 332,Religious exemptions |  Religious Exemptions in Schools and Student Organizations,harmful,aclu,Introduced,Read for second time; referred to committee,2021-02-04
2021,MO,HB 786,Other anti-LGBTQ bills,harmful,aclu,Introduced,Referred to committee,2021-03-04
2021,MO,HB 1693,Other anti-LGBTQ bills,harmful,aclu,Introduced,Prefiled,2021-12-01
2021,MO,HB 1760,LGBTQ Equality Bills | Nondiscrimination protections,harmful,aclu,Introduced,Prefiled,2021-12-01
2021,MO,HB 1737,LGBTQ Equality Bills | Nondiscrimination protections,harmful,aclu,Introduced,Prefiled,2021-12-01
2021,MS,SB 2171,Anti-Trans bills | Prohibiting heathcare for transgender youth,harmful,aclu,Introduced,Died in committee,2021-02-02
2021,MS,SB 2089,LGBTQ Equality Bills | Nondiscrimination protections,harmful,aclu,Introduced,Died in committee,2021-02-02
2021,MS,HB 806,LGBTQ Equality Bills | Nondiscrimination protections,harmful,aclu,Introduced,Died in committee,2021-02-02
2021,MS,HB 807,LGBTQ Equality Bills | Nondiscrimination protections,harmful,aclu,Introduced,Died in committee,2021-02-02
2021,MS,SB 2536,Anti-Trans bills | Excluding transgender youth from athletics,harmful,aclu,Introduced,Approved by Governor,2021-03-11
2021,MT,HB 113,Anti-Trans bills | Prohibiting heathcare for transgender youth,harmful,aclu,Introduced,Died,2021-04-29
2021,MT,LC 2997/ SB 280,Anti-Trans bills | Restrictions on Identification Documents,harmful,aclu,Introduced,Signed by Governor,2021-04-30
2021,MT,SB 215,Religious exemptions |  Religious Freedom Restoration Acts (RFRAs),harmful,aclu,Introduced,Signed by Governor,2021-04-22
2021,MT,HB 113,Anti-Trans bills | Prohibiting heathcare for transgender youth,harmful,aclu,Introduced,Died in process,2021-04-29
2021,MT,HB 112,Anti-Trans bills | Excluding transgender youth from athletics,harmful,aclu,Introduced,Signed by Governor,2021-05-07
2021,MT,SB 245,Religious exemptions | Religious Exemptions in Healthcare Implicating LGBTQ People,harmful,aclu,Introduced,Died in process,2021-04-29
2021,NC,SB 514,Anti-Trans bills | Prohibiting heathcare for transgender youth,harmful,aclu,Introduced,Read for first time: Referred to committee,2021-04-06
2021,NC,SB 515,Religious exemptions | Religious Exemptions in Healthcare Implicating LGBTQ People,harmful,aclu,Introduced,Referred to committee,2021-04-06
2021,OH,HB 454,Anti-Trans bills | Prohibiting heathcare for transgender youth,harmful,aclu,Introduced,,2021-10-19
2021,OH,HB 61,Anti-Trans bills | Excluding transgender youth from athletics,harmful,aclu,Introduced,Referred to committee,2021-02-04
2021,OH,SB132,Anti-Trans bills | Excluding transgender youth from athletics,harmful,aclu,Introduced,Referred to committee,2021-03-17
2021,OH,SB 187,Anti-Trans bills | Excluding transgender youth from athletics,harmful,aclu,Introduced,Passed with Amendments,2021-06-24
2021,OK,SB 583,Anti-Trans bills | Prohibiting heathcare for transgender youth,harmful,aclu,Introduced,Read for second time; referred to committee,2021-02-02
2021,OK,SB 676,Anti-Trans bills | Prohibiting heathcare for transgender youth,harmful,aclu,Introduced,Read for second time; referred to committee,2021-02-02
2021,OK,SB 331,Anti-Trans bills | Excluding transgender youth from athletics,harmful,aclu,Introduced,Read for second time; referred to committee,2021-02-02
2021,OK,SB 2,Anti-Trans bills | Excluding transgender youth from athletics,harmful,aclu,Introduced,Passed in House,2021-04-20
2021,OK,SB 1142,Anti-Trans bills | other school or curriculum restrictions,harmful,aclu,Introduced,Active,2022-02-07
2021,OK,SB 615,Other Anti-LGBTQ Bills,harmful,aclu,Introduced,Read for second time; referred to committee,2021-02-02
2021,OK,HB 1004,Other anti-LGBTQ bills,harmful,aclu,Introduced,Read for second time: Referred to committee,2021-02-13
2021,OK,HB 2108,LGBTQ Equality Bills | Allowing updated gender markers on ID,harmful,aclu,Introduced,Referred for second reading,2021-02-02
2021,SC,HB 3477,Anti-Trans bills | Prohibiting heathcare for transgender youth,harmful,aclu,Introduced,Read for first time: Referred to committee,2021-01-12
2021,SC,HB 4047,Anti-Trans bills | Prohibiting heathcare for transgender youth,harmful,aclu,Introduced,Referred to committee,2021-03-09
2021,SC,SB 531,Anti-Trans bills | Excluding transgender youth from athletics,harmful,aclu,Introduced,Referred to committee,2021-02-09
2021,SC,HB 4608,Anti-Trans bills | Excluding transgender youth from athletics,harmful,aclu,Introduced,Prefiled; referred to committee,2021-11-17
2021,SC,SB 900,Anti-Trans bills | other school or curriculum restrictions,harmful,aclu,Introduced,Prefiled; referred to committee,2021-12-06
2021,SC,HB 4605,Other Anti-Trans Bills,harmful,aclu,Introduced,Prefiled; referred to subcommittee,2021-11-17
2021,SC,HB 3518,Religious exemptions | Religious Exemptions in Healthcare Implicating LGBTQ People,harmful,aclu,Introduced,Read for first time; Referred to committee,2021-01-12
2021,SC,H 3878,Religious exemptions | Religious Exemptions in Adoption & Foster Care,harmful,aclu,Introduced,Read for first time; Referred to committee,2021-02-11
2021,SC,HB 3183,LGBTQ Equality Bills | Nondiscrimination protections,harmful,aclu,Introduced,Referred to committee,2021-01-12
2021,TN,SB 657,Anti-Trans bills | Prohibiting heathcare for transgender youth,harmful,aclu,Introduced,Referred to committee,2021-02-11
2021,TN,HB 578,Anti-Trans bills | Prohibiting heathcare for transgender youth,harmful,aclu,Introduced,Deferred to 2022,
2021,TN,HB 3,Anti-Trans bills | Prohibiting heathcare for transgender youth,harmful,aclu,Introduced,Became SB 228; Signed by Governor,2021-03-26
2021,TN,SB 228,Anti-Trans bills | Prohibiting heathcare for transgender youth,harmful,aclu,Introduced,Signed by Governor,2021-03-26
2021,TN,HB 1223,Anti-Trans bills | Single-Sex Facility Restrictions,harmful,aclu,Introduced,Signed by Governor,2021-05-14
2021,TN,HB 1367,Anti-Trans bills | Single-Sex Facility Restrictions,harmful,aclu,Introduced,Substituted for companion House bill,2021-04-29
2021,TN,HB 1182,Anti-Trans bills | Single-Sex Facility Restrictions,harmful,aclu,Introduced,Signed by Governor,2021-05-17
2021,TN,SB 1224,Anti-Trans bills | Single-Sex Facility Restrictions,harmful,aclu,Introduced,Companion bill substituted,2021-04-29
2021,TN,HB 3,Anti-Trans bills | Excluding transgender youth from athletics,harmful,aclu,Introduced,Signed by Governor,2021-03-26
2021,TN,SB 228,Anti-Trans bills | Excluding transgender youth from athletics,harmful,aclu,Introduced,Signed by Governor,2021-03-06
2021,TN,SB 1208,Other Anti-LGBTQ Bills,harmful,aclu,Introduced,Referred to committee,2021-02-02
2021,TN,SB 1229,Other Anti-LGBTQ Bills,harmful,aclu,Introduced,Signed by Governor,2021-05-03
2021,TN,HB 529,Other Anti-LGBTQ Bills,harmful,aclu,Introduced,Comparable Senate bill substituted,2021-04-14
2021,TX,HB 68,Anti-Trans bills | Prohibiting heathcare for transgender youth,harmful,aclu,Introduced,Referred to committee,2021-02-25
2021,TX,HB 1399,Anti-Trans bills | Prohibiting heathcare for transgender youth,harmful,aclu,Introduced,Placed on general state calendar,2021-05-12
2021,TX,SB 1646,Anti-Trans bills | Prohibiting heathcare for transgender youth,harmful,aclu,Introduced,Referred to committee in House,2021-05-03
2021,TX,HB 1251,Anti-Trans bills | Excluding transgender youth from athletics,harmful,aclu,Introduced,Died in committee,2020-03-12
2021,TX,SB 29,Anti-Trans bills | Excluding transgender youth from athletics,harmful,aclu,Introduced,Read for the second time in House,2021-05-25
2021,TX,SB 373,Anti-Trans bills | Excluding transgender youth from athletics,harmful,aclu,Introduced,Referred to committee,2021-03-09
2021,TX,HB 1458,Anti-Trans bills | Excluding transgender youth from athletics,harmful,aclu,Introduced,Referred to committee,2021-03-05
2021,TX,HB 3455,Anti-Trans bills | Excluding transgender youth from athletics,harmful,aclu,Introduced,Referred to committee,2021-03-22
2021,TX,HB 4042,Anti-Trans bills | Excluding transgender youth from athletics,harmful,aclu,Introduced,Left pending in committee,2021-04-20
2021,TX,HB 4043,Anti-Trans bills | Excluding transgender youth from athletics,harmful,aclu,Introduced,Referred to committee,2021-03-29
2021,TX,HB 90,Anti-Trans bills | Excluding transgender youth from athletics,harmful,aclu,Introduced,Filed 1st Special Session; died,2021-08-06
2021,TX,HB 10,Anti-Trans bills | Excluding transgender youth from athletics,harmful,aclu,Introduced,Filed 3rd Special Session; referred to committee,2021-09-27
2021,TX,HB 25,Anti-Trans bills | Excluding transgender youth from athletics,harmful,aclu,Introduced,Signed by Governor,2021-10-25
2021,TX,HB 1424,Religious exemptions | Religious Exemptions in Healthcare Implicating LGBTQ People,harmful,aclu,Introduced,Placed on general state calendar,2021-05-13
2021,TX,SB 1674,Religious exemptions | Religious Exemptions in Healthcare Implicating LGBTQ People,harmful,aclu,Introduced,Referred to committee,2021-03-24
2021,TX,SB 17,Religious exemptions | Religious Exemptions in Healthcare Implicating LGBTQ People,harmful,aclu,Introduced,Introduced 1st special session,2021-07-07
2021,TX,SB 233,LGBTQ Equality Bills | Nondiscrimination protections,harmful,aclu,Introduced,Referred to committee,2021-03-03
2021,TX,HB 188,LGBTQ Equality Bills | Nondiscrimination protections,harmful,aclu,Introduced,Referred to committee,2021-02-25
2021,TX,HB 191,LGBTQ Equality Bills | Nondiscrimination protections,harmful,aclu,Introduced,Placed on general state calendar,2021-05-13
2021,TX,SB 210,LGBTQ Equality Bills | Allowing updated gender markers on ID,harmful,aclu,Introduced,Read for first time; Referred to committee,2021-03-03
2021,TX,HB 338,LGBTQ Equality Bills | Allowing updated gender markers on ID,harmful,aclu,Introduced,Read for first time; Referred to committee,2021-02-25
2021,UT,HB 92,Anti-Trans bills | Prohibiting heathcare for transgender youth,harmful,aclu,Introduced,Died,2021-03-05
2021,UT,HB 302,Anti-Trans bills | Excluding transgender youth from athletics,harmful,aclu,Introduced,Died,2021-03-05
2021,UT,HB 11,Anti-Trans bills | Excluding transgender youth from athletics,harmful,aclu,Introduced,Prefiled,2021-12-13
2021,WV,HB 2171,Anti-Trans bills | Prohibiting heathcare for transgender youth,harmful,aclu,Introduced,Referred to committee,2021-02-10
2021,WV,HB 2141,Anti-Trans bills | Excluding transgender youth from athletics,harmful,aclu,Introduced,Referred to committee,2021-02-10
2021,WV,HB 2676,Anti-Trans bills | Excluding transgender youth from athletics,harmful,aclu,Introduced,Referred to committee,2021-02-23
2021,WV,HB 2734,Anti-Trans bills | Excluding transgender youth from athletics,harmful,aclu,Introduced,Referred to committee,2021-02-24
2021,WV,HB 3292,Anti-Trans bills | Excluding transgender youth from athletics,harmful,aclu,Introduced,Signed by Governor,2021-04-28
2021,WV,SB 341,Anti-Trans bills | Excluding transgender youth from athletics,harmful,aclu,Introduced,Referred to committee,2021-02-18
2021,WV,HB 2545,Religious exemptions |  Religious Freedom Restoration Acts (RFRAs),harmful,aclu,Introduced,Referred to committee,2021-02-16
2021,WV,SB 13,Religious exemptions | Religious Exemptions in Adoption & Foster Care,harmful,aclu,Introduced,Referred to committee,2021-02-10
2021,CT,SB 324,Anti-Trans bills | Excluding transgender youth from athletics,harmful,aclu,Introduced,Referred to committee,2021-01-25
2021,CT,HB 6128,Anti-Trans bills | Excluding transgender youth from athletics,harmful,aclu,Introduced,Referred to committee,2021-01-29
2021,CT,HB 5934,LGBTQ Equality Bills | Sex work decriminalization bills,harmful,aclu,Introduced,Referred to committee,2021-01-28
2021,HI,HB 1304,Anti-Trans bills | Excluding transgender youth from athletics,harmful,aclu,Introduced,Referred to committee,2021-02-02
2021,HI,SB 752,LGBTQ Equality Bills | Protections in healthcare,harmful,aclu,Introduced,Referred to committee,2021-01-27
2021,HI,SB 618,LGBTQ Equality Bills | Other good bills,harmful,aclu,Introduced,Referred to committee,2021-02-19
2021,ME,HP 682,Anti-Trans bills | Excluding transgender youth from athletics,harmful,aclu,Introduced,Died,2021-07-19
2021,MI,SB 218,Anti-Trans bills | Excluding transgender youth from athletics,harmful,aclu,Introduced,Referred to committee,2021-03-10
2021,MI,HB 5349,LGBTQ Equality Bills | Allowing updated gender markers on ID,harmful,aclu,Introduced,Referred to committee,2021-09-29
2021,MN,HF 350,Anti-Trans bills | Excluding transgender youth from athletics,harmful,aclu,Introduced,Referred to committee,2021-01-28
2021,MN,HF 352,Anti-Trans bills | Excluding transgender youth from athletics,harmful,aclu,Introduced,Referred to committee,2021-01-28
2021,MN,HF 1657,Anti-Trans bills | Excluding transgender youth from athletics,harmful,aclu,Introduced,Referred to committee,2021-02-25
2021,ND,HB 1298,Anti-Trans bills | Excluding transgender youth from athletics,harmful,aclu,Introduced,Filed with Secretary of State,2021-04-27
2021,ND,HB 1476,Other Anti-Trans Bills,harmful,aclu,Introduced,Withdrawn from further consideration,2021-01-21
2021,ND,HB 1476,Other religious exemption bills,harmful,aclu,Introduced,Withdrawn from further consideration,2021-01-21
2021,NH,HB 198,Anti-Trans bills | Excluding transgender youth from athletics,harmful,aclu,Introduced,Executive session,2021-10-14
2021,NH,HB 440,Religious exemptions |  Religious Freedom Restoration Acts (RFRAs),harmful,aclu,Introduced,Referred to committee,2021-05-25
2021,NH,HB 295,LGBTQ Equality Bills | Allowing updated gender markers on ID,harmful,aclu,Introduced,Heard on floor,2021-04-07
2021,NJ,S 3540,Anti-Trans bills | Excluding transgender youth from athletics,harmful,aclu,Introduced,Referred to committee,2021-03-11
2021,NM,HB 304,Anti-Trans bills | Excluding transgender youth from athletics,harmful,aclu,Introduced,Referred to committee,2021-02-18
2021,NM,SB 323,Religious exemptions | Religious Exemptions in Healthcare Implicating LGBTQ People,harmful,aclu,Introduced,Referred to committee,2021-02-01
2021,NE,LB 231,LGBTQ Equality Bills | Other good bills,harmful,aclu,Introduced,Active,2022-01-05
2021,NE,LB 120,LGBTQ Equality Bills | Nondiscrimination protections,harmful,aclu,Introduced,Hearing scheduled,2021-02-26
2021,PA,HB 972,Anti-Trans bills | Excluding transgender youth from athletics,harmful,aclu,Introduced,Referred to committee,2021-04-05
2021,SD,HB 1217,Anti-Trans bills | Excluding transgender youth from athletics,harmful,aclu,Introduced,Veto override failed,2021-03-29
2021,SD,HB 1076,Anti-Trans bills | Restrictions on Identification Documents,harmful,aclu,Introduced,Died in committee,2021-02-05
2021,SD,HB 1247,Religious exemptions | Religious Exemptions in Healthcare Implicating LGBTQ People,harmful,aclu,Introduced,Committee vote failed,2021-02-24
2021,SD,SB 124,Religious exemptions |  Religious Freedom Restoration Acts (RFRAs),harmful,aclu,Introduced,Signed by Governor,2021-03-10
2021,WI,AB 195,Anti-Trans bills | Excluding transgender youth from athletics,harmful,aclu,Introduced,Referred to Senate,2021-06-21
2021,WI,AB 196,Anti-Trans bills | Excluding transgender youth from athletics,harmful,aclu,Introduced,Referred to Senate,2021-06-21
2021,WI,SB 322,Anti-Trans bills | Excluding transgender youth from athletics,harmful,aclu,Introduced,Public hearing held,2021-05-26
2021,WI,SB 323,Anti-Trans bills | Excluding transgender youth from athletics,harmful,aclu,Introduced,Public hearing held,2021-05-27
2021,WI,AB 14,Other Anti-LGBTQ Bills,harmful,aclu,Introduced,Referred to committee,2021-03-16
2021,WI,SB 31,Other Anti-LGBTQ Bills,harmful,aclu,Introduced,Referred to committee,2021-03-16
2021,WY,HB 264,Religious exemptions |  Religious Freedom Restoration Acts (RFRAs),harmful,aclu,Introduced,Did not consider for introduction,2021-03-08
2021,MD,HD 3468,Other religious exemption bills,harmful,aclu,Introduced,Referred to committee in House; concurred in Senate,2021-03-29
2021,AK,HB 17,LGBTQ Equality Bills | Nondiscrimination protections,harmful,aclu,Introduced,Referred to committee,2021-05-05
2021,ID,SB 1030,LGBTQ Equality Bills | Nondiscrimination protections,harmful,aclu,Introduced,Referred to committee,2021-01-25
2021,WA,SB 5313,LGBTQ Equality Bills | Protections in healthcare,harmful,aclu,Introduced,Signed by Governor,2021-01-27
2021,CA,AB 218,LGBTQ Equality Bills | Allowing updated gender markers on ID,harmful,aclu,Introduced,Enrolled and presented to Governor,2021-09-17
2021,CA,AB 439,LGBTQ Equality Bills | Allowing updated gender markers on ID,harmful,aclu,Introduced,Approved by Governor,2021-07-09
2021,CA,SB 357,LGBTQ Equality Bills | Sex work decriminalization bills,harmful,aclu,Introduced,read for the third time and amended,2021-09-01
2021,CA,AB 1041,LGBTQ Equality Bills | Other good bills,harmful,aclu,Introduced,Ordered to inactive file,2021-09-09
2021,CA,AB 1094,LGBTQ Equality Bills | Other good bills,harmful,aclu,Introduced,Approved by the governor,2021-09-16
2021,CA,SB 225,LGBTQ Equality Bills | Other good bills,harmful,aclu,Introduced,Hearing cancelled,2021-04-05
2021,CA,SB 379,LGBTQ Equality Bills | Other good bills,harmful,aclu,Introduced,Hearing,2021-05-20
2021,NY,A 691,LGBTQ Equality Bills | Other good bills,harmful,aclu,Introduced,Referred to committee,2021-01-06
2021,NY,A 849,LGBTQ Equality Bills | Sex work decriminalization bills,harmful,aclu,Introduced,Referred to committee,2021-01-06
2021,NY,S 3075,LGBTQ Equality Bills | Sex work decriminalization bills,harmful,aclu,Introduced,Referred to committee,2021-01-27
2021,NY,S 28778,LGBTQ Equality Bills | Sex work decriminalization bills,harmful,aclu,Introduced,Referred to committee,2021-01-26
2021,NY,S 4402,LGBTQ Equality Bills | Allowing updated gender markers on ID,harmful,aclu,Introduced,Signed by Governor,2021-06-25
2021,IL,HB 9,LGBTQ Equality Bills | Allowing updated gender markers on ID,harmful,aclu,Introduced,Referred to committee,2021-07-16
2021,MA,HB 153,LGBTQ Equality Bills | Allowing updated gender markers on ID,harmful,aclu,Introduced,Concurred in Senate,2021-03-29
2022,AL,SB 5,Anti-Trans,harmful,aclu,Dead,,2022-04-07
2022,AL,HB 150,Anti-Trans,harmful,aclu,Dead,,2022-04-07
2022,AL,SB 184,Anti-Trans,harmful,aclu,Delivered to Governor,,2022-04-07
2022,AL,HB 266,Anti-Trans,harmful,aclu,Dead,,2022-04-07
2022,AZ,SB 1045,Anti-Trans,harmful,aclu,Dead,,2022-06-25
2022,AZ,HB 2608,Anti-Trans,harmful,aclu,Dead,,2022-06-25
2022,AZ,SB 1138,Anti-Trans,harmful,aclu,Signed by Governor,,2022-03-30
2022,AZ,SB 1130,Anti-Trans,harmful,aclu,Dead,,2022-06-25
2022,FL,HB 211,Anti-Trans,harmful,aclu,Dead,,2022-03-14
2022,GA,HB 401,Anti-Trans,harmful,aclu,Dead,,2022-04-02
2022,IA,HF 193,Anti-Trans,harmful,aclu,Dead,,2022-05-24
2022,ID,H 675,Anti-Trans,harmful,aclu,Dead,,2022-03-31
2022,IN,HB 1121,Anti-Trans,harmful,aclu,Dead,,2022-03-14
2022,IN,SB 34,Anti-Trans,harmful,aclu,Dead,,2022-03-14
2022,KS,HB 2210,Anti-Trans,harmful,aclu,Dead,,2022-05-23
2022,KS,SB 214,Anti-Trans,harmful,aclu,Dead,,2022-05-23
2022,KY,HB 253,Anti-Trans,harmful,aclu,Dead,,2022-04-14
2022,KY,SB 84,Anti-Trans,harmful,aclu,Dead,,2022-04-14
2022,LA,HB 570,Anti-Trans,harmful,aclu,Dead,,2022-06-06
2022,LA,HR 158,Anti-Trans,harmful,aclu,Dead,,2022-06-06
2022,MI,HB 6454,Anti-Trans,harmful,aclu,Introduced and Referred to Committee,,2022-10-11
2022,MO,HB 2649,Anti-Trans,harmful,aclu,Dead,,2022-05-13
2022,MO,SB 22,Anti-Trans,harmful,aclu,Dead,,2022-10-04
2022,MO,SB 843,Anti-Trans,harmful,aclu,Dead,,2022-05-13
2022,MS,SB 2728,Anti-Trans,harmful,aclu,Died in committee,,2022-02-01
2022,MS,HB 1147,Anti-Trans,harmful,aclu,Died in committee,,2022-02-01
2022,NC,SB 514,Anti-Trans,harmful,aclu,Dead,,2022-07-01
2022,NJ,S 3076,Anti-Trans,harmful,aclu,Introduced and Referred to Committee,,2022-09-29
2022,NH,HB 1651,Anti-Trans,harmful,aclu,Dead,,2022-05-26
2022,OH,HB 454,Anti-Trans,harmful,aclu,Active,,2022-01-03
2022,OH,HB 616,Anti-Trans,harmful,aclu,Referred to committee,,2022-05-17
2022,OK,SB 583,Anti-Trans,harmful,aclu,Dead,,2022-05-27
2022,OK,SB 676,Anti-Trans,harmful,aclu,Dead,,2022-05-27
2022,OK,HB 3240,Anti-Trans,harmful,aclu,Dead,,2022-05-27
2022,SC,HB 4047,Anti-Trans,harmful,aclu,Dead,,2022-05-12
2022,TN,SB 657,Anti-Trans,harmful,aclu,Dead,,2022-04-28
2022,TN,HB 578,Anti-Trans,harmful,aclu,Dead,,2022-04-28
2022,TN,HB 2835,Anti-Trans,harmful,aclu,Dead,,2022-04-28
2022,TN,SB 2696,Anti-Trans,harmful,aclu,Dead,,2022-04-28
2022,UT,HB 0127,Anti-Trans,harmful,aclu,Dead,,2022-03-04
2022,WI,SB 915,Anti-Trans,harmful,aclu,Failed to pass,,2022-03-15
2022,WI,AB 977,Anti-Trans,harmful,aclu,Failed to pass,,2022-03-15
2022,WV,HB 2171,Anti-Trans,harmful,aclu,Dead,,2022-03-12
2022,AL,HB 322,Single-Sex Facility Restrictions,harmful,aclu,Delievered to Governor,,2022-04-07
2022,AL,HR 83,Single-Sex Facility Restrictions,harmful,aclu,Motion to adopt adopted,,2022-02-22
2022,MN,HF 3843,Single-Sex Facility Restrictions,harmful,aclu,Dead,,2022-05-23
2022,MS,SB 2679,Single-Sex Facility Restrictions,harmful,aclu,Died in committee,,2022-02-01
2022,OK,SB 1164,Single-Sex Facility Restrictions,harmful,aclu,Dead,,2022-05-27
2022,OK,SB 1249,Single-Sex Facility Restrictions,harmful,aclu,Dead,,2022-05-27
2022,OK,SB 615,Single-Sex Facility Restrictions,harmful,aclu,Approved by Governor,,2022-05-25
2022,SD,HB 1005,Single-Sex Facility Restrictions,harmful,aclu,Dead,,2022-03-28
2022,VA,HB 1126,Single-Sex Facility Restrictions,harmful,aclu,Dead,,2022-03-12
2022,AK,HB 230,Excluding transgender youth from athletics,harmful,aclu,Dead,,2022-05-18
2022,AZ,SB 1046,Excluding transgender youth from athletics,harmful,aclu,Dead,,2022-06-25
2022,AZ,SB 1165,Excluding transgender youth from athletics,harmful,aclu,Signed by Governor,,2022-03-30
2022,DE,SB 227,Excluding transgender youth from athletics,harmful,aclu,Dead,,2022-06-30
2022,DE,SB 346,Excluding transgender youth from athletics,harmful,aclu,Dead,,2022-07-25
2022,GA,HB 276,Excluding transgender youth from athletics,harmful,aclu,Dead,,2022-04-04
2022,GA,HB 372,Excluding transgender youth from athletics,harmful,aclu,Dead,,2022-04-04
2022,GA,SB 266,Excluding transgender youth from athletics,harmful,aclu,Dead,,2022-04-04
2022,GA,SB 435,Excluding transgender youth from athletics,harmful,aclu,Dead,,2022-04-04
2022,HI,HB 1304,Excluding transgender youth from athletics,harmful,aclu,Dead,,2022-05-05
2022,IA,HF 184,Excluding transgender youth from athletics,harmful,aclu,Dead,,2022-05-24
2022,IA,HF 2309,Excluding transgender youth from athletics,harmful,aclu,Withdrawn,,2022-02-21
2022,IA,HF 2416,Excluding transgender youth from athletics,harmful,aclu,Signed by Governor,,2022-03-03
2022,IN,HB 1041,Excluding transgender youth from athletics,harmful,aclu,Override of Governors veto,,2022-05-24
2022,KS,SB 208,Excluding transgender youth from athletics,harmful,aclu,Died in committee,,2022-05-23
2022,KS,SB 484,Excluding transgender youth from athletics,harmful,aclu,Died in committee,,2022-05-23
2022,KY,HB 23,Excluding transgender youth from athletics,harmful,aclu,Dead,,2022-04-14
2022,KY,HB 247,Excluding transgender youth from athletics,harmful,aclu,Dead,,2022-04-14
2022,KY,SB 83,Excluding transgender youth from athletics,harmful,aclu,Veto overridden: delivered to Secretary of State,,2022-04-13
2022,LA,SB 44,Excluding transgender youth from athletics,harmful,aclu,Became an act without Governor's signature,,2022-06-06
2022,MD,HB 0757,Excluding transgender youth from athletics,harmful,aclu,Dead,,2022-04-11
2022,MI,SB 218,Excluding transgender youth from athletics,harmful,aclu,Active,,2022-01-12
2022,MN,HF 350,Excluding transgender youth from athletics,harmful,aclu,Dead,,2022-03-12
2022,MN,HF 352,Excluding transgender youth from athletics,harmful,aclu,Dead,,2022-03-12
2022,MN,HF 1657,Excluding transgender youth from athletics,harmful,aclu,Dead,,2022-03-12
2022,MN,HF 4282,Excluding transgender youth from athletics,harmful,aclu,Dead,,2022-03-12
2022,MO,SB 740,Excluding transgender youth from athletics,harmful,aclu,Dead,,2022-05-13
2022,MO,HB 2461,Excluding transgender youth from athletics,harmful,aclu,Dead,,2022-05-13
2022,MO,HB 2735,Excluding transgender youth from athletics,harmful,aclu,Dead,,2022-05-13
2022,MO,HB 2734,Excluding transgender youth from athletics,harmful,aclu,Dead,,2022-05-13
2022,MO,HB 2140,Excluding transgender youth from athletics,harmful,aclu,Dead,,2022-05-13
2022,MO,HB 1973,Excluding transgender youth from athletics,harmful,aclu,Dead,,2022-05-13
2022,MO,SB 22,Excluding transgender youth from athletics,harmful,aclu,Dead,,2022-10-04
2022,MO,SB 781,Excluding transgender youth from athletics,harmful,aclu,Dead,,2022-05-13
2022,MS,SB 2111,Excluding transgender youth from athletics,harmful,aclu,Died in committee,,2022-02-01
2022,MS,SB 2310,Excluding transgender youth from athletics,harmful,aclu,Died in committee,,2022-02-01
2022,NH,HB 198,Excluding transgender youth from athletics,harmful,aclu,Dead,,2022-05-26
2022,NJ,A 1630,Excluding transgender youth from athletics,harmful,aclu,Introduced and Referred to Committee,,2022-01-11
2022,NJ,S 589,Excluding transgender youth from athletics,harmful,aclu,Introduced and Referred to Committee,,2022-01-11
2022,OH,HB 61,Excluding transgender youth from athletics,harmful,aclu,Active,,2022-01-03
2022,OH,SB 132,Excluding transgender youth from athletics,harmful,aclu,Active,,2022-01-03
2022,OH,SB 187,Excluding transgender youth from athletics,harmful,aclu,Active,,2022-01-03
2022,OK,SB 331,Excluding transgender youth from athletics,harmful,aclu,Dead,,2022-05-27
2022,OK,SB 2,Excluding transgender youth from athletics,harmful,aclu,Signed by Governor,,2022-03-30
2022,OK,HB 4245,Excluding transgender youth from athletics,harmful,aclu,Dead,,2022-05-27
2022,PA,HB 972,Excluding transgender youth from athletics,harmful,aclu,Vetoed by Governor,,2022-07-08
2022,RI,S 2501,Excluding transgender youth from athletics,harmful,aclu,Dead,,2022-06-23
2022,SC,SB 531,Excluding transgender youth from athletics,harmful,aclu,Dead,,2022-05-12
2022,SC,HB 4608,Excluding transgender youth from athletics,harmful,aclu,Signed by Governor,,2022-05-16
2022,SC,HB 3477,Excluding transgender youth from athletics,harmful,aclu,Dead,,2022-05-12
2022,SD,HB 1006,Excluding transgender youth from athletics,harmful,aclu,Withdrawn,,2022-02-07
2022,SD,SB 46,Excluding transgender youth from athletics,harmful,aclu,Signed by Governor,,2022-02-03
2022,TN,HB 1894,Excluding transgender youth from athletics,harmful,aclu,Withdrawn from subcomittee,,2022-01-31
2022,TN,SB 1862,Excluding transgender youth from athletics,harmful,aclu,Dead,,2022-04-28
2022,TN,SB 2153,Excluding transgender youth from athletics,harmful,aclu,Signed by Governor,,2022-05-06
2022,TN,HB 2316,Excluding transgender youth from athletics,harmful,aclu,Companion bill substituted,,2022-04-25
2022,TN,HB 1895,Excluding transgender youth from athletics,harmful,aclu,Signed by Governor,,2022-04-22
2022,TN,SB 1861,Excluding transgender youth from athletics,harmful,aclu,Companion house bill substitued,,2022-04-11
2022,UT,HB 11,Excluding transgender youth from athletics,harmful,aclu,Legislature Overrides Governor's veto,,2022-03-25
2022,UT,HB 3002,Excluding transgender youth from athletics,harmful,aclu,Dead,,2022-03-04
2022,VA,SB 766,Excluding transgender youth from athletics,harmful,aclu,Dead,,2022-03-12
2022,WI,AB 195,Excluding transgender youth from athletics,harmful,aclu,Failed to concur,,2022-03-15
2022,WI,SB 323,Excluding transgender youth from athletics,harmful,aclu,Failed to pass,,2022-03-15
2022,WI,AB 196,Excluding transgender youth from athletics,harmful,aclu,Failed to concur,,2022-03-15
2022,WI,SB 322,Excluding transgender youth from athletics,harmful,aclu,Failed to pass,,2022-03-15
2022,WV,HB 2141,Excluding transgender youth from athletics,harmful,aclu,Dead,,2022-03-12
2022,WV,HB 2676,Excluding transgender youth from athletics,harmful,aclu,Dead,,2022-03-12
2022,WV,HB 2734,Excluding transgender youth from athletics,harmful,aclu,Dead,,2022-03-12
2022,WV,SB 341,Excluding transgender youth from athletics,harmful,aclu,Dead,,2022-03-12
2022,WY,SF 0051,Excluding transgender youth from athletics,harmful,aclu,Dead,,2022-03-11
2022,AL,HB 322,Other school or curriculum restrictions,harmful,aclu,Delivered to Governor,,2022-04-07
2022,AZ,HB 2011,Other school or curriculum restrictions,harmful,aclu,Dead,,2022-06-25
2022,AZ,SB 1045,Other school or curriculum restrictions,harmful,aclu,Dead,,2022-06-25
2022,AZ,HB 2161,Other school or curriculum restrictions,harmful,aclu,Signed by Governor,,2022-04-29
2022,AZ,HB 2285,Other school or curriculum restrictions,harmful,aclu,Dead,,2022-06-25
2022,FL,SB 1834,Other school or curriculum restrictions,harmful,aclu,Dead,,2022-03-14
2022,FL,HB 1557,Other school or curriculum restrictions,harmful,aclu,Signed by Governor,,2022-04-29
2022,FL,HB 7,Other school or curriculum restrictions,harmful,aclu,Signed by Governor,,2022-04-22
2022,GA,HB 1158,Other school or curriculum restrictions,harmful,aclu,Dead,,2022-04-04
2022,IA,SF 2024,Other school or curriculum restrictions,harmful,aclu,Dead,,2022-05-24
2022,IA,HF 2054,Other school or curriculum restrictions,harmful,aclu,Dead,,2022-05-24
2022,IA,HF 2053,Other school or curriculum restrictions,harmful,aclu,Dead,,2022-05-24
2022,IL,HB 5505,Other school or curriculum restrictions,harmful,aclu,Dead,,2022-04-09
2022,IN,HB 1040,Other school or curriculum restrictions,harmful,aclu,Dead,,2022-03-14
2022,IN,HB 1228,Other school or curriculum restrictions,harmful,aclu,Dead,,2022-03-14
2022,IN,HB 1231,Other school or curriculum restrictions,harmful,aclu,Dead,,2022-03-14
2022,KY,HB 14,Other school or curriculum restrictions,harmful,aclu,Dead,,2022-04-14
2022,LA,HB 570,Other school or curriculum restrictions,harmful,aclu,Dead,,2022-06-06
2022,MI,HB 6503,Other school or curriculum restrictions,harmful,aclu,"Introduced, read for the first time, and referred to committee",,2022-11-29
2022,MI,HB 6306,Other school or curriculum restrictions,harmful,aclu,"Introduced, read for the first time, and referred to committee",,2022-06-30
2022,MS,SB 2679,Other school or curriculum restrictions,harmful,aclu,Died in committee,,2022-02-01
2022,MS,SB 2881,Other school or curriculum restrictions,harmful,aclu,Died in committee,,2022-02-01
2022,MO,HB 1755,Other school or curriculum restrictions,harmful,aclu,Dead,,2022-05-13
2022,MO,SB 645,Other school or curriculum restrictions,harmful,aclu,Dead,,2022-05-13
2022,MO,HB 2189,Other school or curriculum restrictions,harmful,aclu,Dead,,2022-05-13
2022,MO,SB 22,Other school or curriculum restrictions,harmful,aclu,Dead,,2022-10-04
2022,NJ,A 1418,Other school or curriculum restrictions,harmful,aclu,Introduced and Referred to Committee,,2022-01-11
2022,NJ,S 585,Other school or curriculum restrictions,harmful,aclu,Introduced and Referred to Committee,,2022-01-11
2022,NC,H 755,Other school or curriculum restrictions,harmful,aclu,Dead,,2022-07-01
2022,OK,SB 1142,Other school or curriculum restrictions,harmful,aclu,Dead,,2022-05-27
2022,OK,SB 1654,Other school or curriculum restrictions,harmful,aclu,Dead,,2022-05-27
2022,OK,HB 1888,Other school or curriculum restrictions,harmful,aclu,Dead,,2022-05-27
2022,OK,SB 627,Other school or curriculum restrictions,harmful,aclu,Dead,,2022-05-27
2022,PA,HB 2813,Other school or curriculum restrictions,harmful,aclu,Dead,,2022-11-30
2022,PA,SB 1278,Other school or curriculum restrictions,harmful,aclu,Dead,,2022-11-30
2022,RI,H 7138,Other school or curriculum restrictions,harmful,aclu,Dead,,2022-06-23
2022,RI,H 7539,Other school or curriculum restrictions,harmful,aclu,Dead,,2022-06-23
2022,RI,S 2516,Other school or curriculum restrictions,harmful,aclu,Dead,,2022-06-23
2022,SC,SB 900,Other school or curriculum restrictions,harmful,aclu,Dead,,2022-05-12
2022,SC,HB 4605,Other school or curriculum restrictions,harmful,aclu,Dead,,2022-05-12
2022,TN,SB 2777,Other school or curriculum restrictions,harmful,aclu,Dead,,2022-04-28
2022,TN,HB 2633,Other school or curriculum restrictions,harmful,aclu,Dead,,2022-04-28
2022,TN,HB 0800,Other school or curriculum restrictions,harmful,aclu,Dead,,2022-04-28
2022,TN,SB 1216,Other school or curriculum restrictions,harmful,aclu,Dead,,2022-04-28
2022,VA,SB 20,Other school or curriculum restrictions,harmful,aclu,Passed by indefinitely in committee,,2022-02-03
2022,VA,HB 988,Other school or curriculum restrictions,harmful,aclu,Died in committee,,2022-02-07
2022,WV,SB 498,Other school or curriculum restrictions,harmful,aclu,Dead,,2022-03-12
2022,WV,HB 4016,Other school or curriculum restrictions,harmful,aclu,Dead,,2022-03-12
2022,MS,SB 2356,Restrictions on accessing accurate ID,harmful,aclu,Dead,,2022-02-10
2022,MS,HB 1099,Restrictions on accessing accurate ID,harmful,aclu,Died on calendar,,2022-03-09
2022,OK,SB 1100,Restrictions on accessing accurate ID,harmful,aclu,Signed by Governor,,2022-04-26
2022,IA,SF 167,Other anti-trans bills,harmful,aclu,Dead,,2022-05-24
2022,IA,HF 272,Other anti-trans bills,harmful,aclu,Dead,,2022-05-24
2022,IA,HF 326,Other anti-trans bills,harmful,aclu,Dead,,2022-05-24
2022,IN,SB 402,Other anti-trans bills,harmful,aclu,Dead,,2022-03-14
2022,NH,HB 1180,Other anti-trans bills,harmful,aclu,Dead,,2022-05-26
2022,IA,HF 170,Religious Freedom Restoration Acts (RFRAs),harmful,aclu,Dead,,2022-05-24
2022,IA,SF 436,Religious Freedom Restoration Acts (RFRAs),harmful,aclu,Dead,,2022-05-24
2022,NJ,A 328,Religious Freedom Restoration Acts (RFRAs),harmful,aclu,Introduced and Referred to Committee,,2022-01-11
2022,WV,HB 2545,Religious Freedom Restoration Acts (RFRAs),harmful,aclu,Dead,,2022-03-12
2022,WY,HB 0154,Religious Freedom Restoration Acts (RFRAs),harmful,aclu,Dead,,2022-03-11
2022,FL,HB 747,Religious Exemptions in Healthcare Implicating LGBTQ People,harmful,aclu,Died in committee,,2022-03-14
2022,KY,HB 495,Religious Exemptions in Healthcare Implicating LGBTQ People,harmful,aclu,Dead,,2022-04-14
2022,SC,HB 3518,Religious Exemptions in Healthcare Implicating LGBTQ People,harmful,aclu,Dead,,2022-05-12
2022,SC,S 811,Religious Exemptions in Healthcare Implicating LGBTQ People,harmful,aclu,Dead,,2022-05-12
2022,SC,H 4776,Religious Exemptions in Healthcare Implicating LGBTQ People,harmful,aclu,Signed by Governor,,2022-06-17
2022,AZ,SB 1399,Religious Exemptions in Adoption & Foster Care,harmful,aclu,Signed by Governor,,2022-04-06
2022,IA,HF 170,Religious Exemptions in Adoption & Foster Care,harmful,aclu,Dead,,2022-05-24
2022,IN,HB 1338,Religious Exemptions in Adoption & Foster Care,harmful,aclu,Dead,,2022-03-14
2022,KY,HB 1,Religious Exemptions in Adoption & Foster Care,harmful,aclu,Delivered to Governor,,2022-03-30
2022,KY,HB 495,Religious Exemptions in Adoption & Foster Care,harmful,aclu,Dead,,2022-04-14
2022,SC,H 3878,Religious Exemptions in Adoption & Foster Care,harmful,aclu,Dead,,2022-05-12
2022,WV,SB 13,Religious Exemptions in Adoption & Foster Care,harmful,aclu,Dead,,2022-03-12
2022,IA,HF 170,Other Religious Exemption Bills,harmful,aclu,Dead,,2022-05-24
2022,MA,H 1536,Other Religious Exemption Bills,harmful,aclu,Dead,,2022-08-01
2022,VA,HB 1137,Other Religious Exemption Bills,harmful,aclu,Died in subcommittee,,2022-02-10
2022,SC,HB 5150,Other Anti-LGBTQ Bills,harmful,aclu,,,
2022,TN,SB 1208,Other Anti-LGBTQ Bills,harmful,aclu,Dead,,2022-04-28
2022,WI,AB 14,Other Anti-LGBTQ Bills,harmful,aclu,Failed to pass,,2022-03-15
2022,WI,SB 31,Other Anti-LGBTQ Bills,harmful,aclu,Failed to pass,,2022-03-15
2022,AK,HB 17,Nondiscrimination protections,harmful,aclu,Dead,,2022-05-18
2022,AK,SB 149,Nondiscrimination protections,harmful,aclu,Dead,,2022-05-18
2022,AZ,HB 2630,Nondiscrimination protections,harmful,aclu,Dead,,2022-06-25
2022,FL,HB 1597,Nondiscrimination protections,harmful,aclu,Died in committee,,2022-03-14
2022,ID,H 440,Nondiscrimination protections,harmful,aclu,Dead,,2022-03-31
2022,MI,HB 5349,Nondiscrimination protections,harmful,aclu,Active,,2022-01-12
2022,MO,HB 1760,Nondiscrimination protections,harmful,aclu,Dead,,2022-05-13
2022,MO,HB 1737,Nondiscrimination protections,harmful,aclu,Dead,,2022-05-13
2022,MS,SB 2310,Nondiscrimination protections,harmful,aclu,Died in committee,,2022-02-01
2022,NE,LB 120,Nondiscrimination protections,harmful,aclu,Dead,,2022-04-20
2022,NE,LB 1136,Nondiscrimination protections,harmful,aclu,Dead,,2022-04-20
2022,NE,LB 1211,Nondiscrimination protections,harmful,aclu,Dead,,2022-04-20
2022,NJ,A 1846,Nondiscrimination protections,harmful,aclu,Introduced and Referred to Committee,,2022-01-11
2022,OK,HB 3001,Nondiscrimination protections,harmful,aclu,Dead,,2022-05-27
2022,PA,SB 1010,Nondiscrimination protections,harmful,aclu,Dead,,2022-11-30
2022,RI,H 6655,Nondiscrimination protections,harmful,aclu,Dead,,2022-06-23
2022,RI,H 7117,Nondiscrimination protections,harmful,aclu,Dead,,2022-06-23
2022,SC,HB 3183,Nondiscrimination protections,harmful,aclu,Dead,,2022-05-12
2022,WV,HB 2538,Nondiscrimination protections,harmful,aclu,Dead,,2022-03-12
2022,WV,SB 156,Nondiscrimination protections,harmful,aclu,Dead,,2022-03-12
2022,WV,HB 2697,Nondiscrimination protections,harmful,aclu,Dead,,2022-03-12
2022,WV,HB 3272,Nondiscrimination protections,harmful,aclu,Dead,,2022-03-12
2022,HI,SB 752,Protections in healthcare,harmful,aclu,Dead,,2022-05-05
2022,IL,SB 2978,Protections in healthcare,harmful,aclu,Dead,,2022-04-09
2022,SC,HB 4801,Protections in healthcare,harmful,aclu,Dead,,2022-05-12
2022,VT,H 659,Protections in healthcare,harmful,aclu,Dead,,2022-05-12
2022,WA,SB 5688,Protections in healthcare,harmful,aclu,Dead,,2022-03-10
2022,WA,HB 1809,Protections in healthcare,harmful,aclu,Dead,,2022-03-10
2022,AZ,HB 1186,Allowing updated gender markers on ID,harmful,aclu,Dead,,2022-06-25
2022,IL,HB 9,Allowing updated gender markers on ID,harmful,aclu,Dead,,2022-04-09
2022,IL,HB 4444,Allowing updated gender markers on ID,harmful,aclu,Dead,,2022-04-09
2022,MA,HD 153,Allowing updated gender markers on ID,harmful,aclu,Dead,,2022-08-01
2022,NJ,A 1171,Allowing updated gender markers on ID,harmful,aclu,Introduced and Referred to Committee,,2022-01-11
2022,NY,S 607A,Allowing updated gender markers on ID,harmful,aclu,Dead,,2022-06-04
2022,VT,H 628,Allowing updated gender markers on ID,harmful,aclu,Signed by Governor,,2022-04-08
2022,VT,S 273,Allowing updated gender markers on ID,harmful,aclu,Dead,,2022-04-20
2022,CA,SB 357,Sex work discriminalization bills,harmful,aclu,Signed by Governor,,2022-07-01
2022,HI,SB 2557,Sex work discriminalization bills,harmful,aclu,Dead,,2022-05-05
2022,HI,HB 2265,Sex work discriminalization bills,harmful,aclu,Dead,,2022-05-05
2022,MO,HB 2338,Sex work discriminalization bills,harmful,aclu,Dead,,2022-05-13
2022,NH,HB 1176,Sex work discriminalization bills,harmful,aclu,Dead,,2022-05-26
2022,NY,A 849,Sex work discriminalization bills,harmful,aclu,Dead,,2022-06-04
2022,NY,S 3075,Sex work discriminalization bills,harmful,aclu,Dead,,2022-06-04
2022,NY,S 2878,Sex work discriminalization bills,harmful,aclu,Dead,,2022-06-04
2022,WA,HB 1816,Sex work discriminalization bills,harmful,aclu,Dead,,2022-03-10
2022,WA,SB 5693,Sex work discriminalization bills,harmful,aclu,Partially vetoed by Governor,,2022-03-31
2022,CA,AB 1041,Other good bills,harmful,aclu,Approved by Governor,,2022-09-29
2022,CA,SB 225,Other good bills,harmful,aclu,Approved by Governor,,2022-09-27
2022,CA,SB 379,Other good bills,harmful,aclu,Approved by Governor,,2022-09-16
2022,HI,SB 618,Other good bills,harmful,aclu,Dead,,2022-05-05
2022,IL,HB 4626,Other good bills,harmful,aclu,Dead,,2022-04-09
2022,IL,SB 3961,Other good bills,harmful,aclu,Dead,,2022-04-09
2022,IN,HB 1047,Other good bills,harmful,aclu,Dead,,2022-03-14
2022,IN,HB 1158,Other good bills,harmful,aclu,Dead,,2022-03-14
2022,KY,HB 16,Other good bills,harmful,aclu,Dead,,2022-04-14
2022,MD,HB 0453,Other good bills,harmful,aclu,Dead,,2022-04-11
2022,MD,SB 550,Other good bills,harmful,aclu,Dead,,2022-04-11
2022,MN,SF 3130,Other good bills,harmful,aclu,Dead,,2022-03-12
2022,NJ,A 1751,Other good bills,harmful,aclu,Introduced and Referred to Committee,,2022-01-11
2022,NY,A 7001-A,Other good bills,harmful,aclu,Dead,,2022-06-04
2022,OR,HB 4073,Other good bills,harmful,aclu,Dead,,2022-03-04
2022,OR,HB 4099,Other good bills,harmful,aclu,Dead,,2022-03-04
2022,WA,HB 1956,Other good bills,harmful,aclu,Signed by Governor,,2022-03-31
2022,WA,SB 5859,Other good bills,harmful,aclu,Dead,,2022-03-10
2022,WV,SB 167,Other good bills,harmful,aclu,Dead,,2022-03-12
2022,WV,HB 2362,Other good bills,harmful,aclu,Dead,,2022-03-12
2023,PA,HB 216,Restricting student & educator rights | School sports bans,harmful,aclu,Advancing,Referred to committee,2023-03-08
2023,PA,HB 138,Healthcare restrictions | Other healthcare barriers,harmful,aclu,Advancing,Referred to committee,2023-03-08
2023,PA,HB 319,Curriculum censorship | Restricting student & educator rights,harmful,aclu,Advancing,Referred to committee,2023-03-13
2023,OH,HB 8,Forced outing in schools | Restricting student & educator rights,harmful,aclu,,,
2023,TN,SB 596,Religious exemptions | Weakening Civil Rights Laws,harmful,aclu,Advancing,Committee action deferred to,2024-01-23
2023,NH,HB 619,Curriculum censorship | Healthcare age restrictions | Healthcare restrictions | Restricting student & educator rights | School facilities bans | School sports bans,harmful,aclu,Passed into Law,Signed by Governor,2024-07-19
2023,OK,HB 1466,Healthcare age restrictions | Healthcare restrictions |,harmful,aclu,Defeated,Failed to meet House deadline,2024-02-29
2023,OK,SB 887,Religious exemptions | Weakening Civil Rights Laws,harmful,aclu,Defeated,Failed to meet Senate deadline,2024-02-29
2023,OK,SB 788,Healthcare age restrictions | Healthcare restrictions |,harmful,aclu,Defeated,Failed to meet Senate deadline,2024-02-29
2023,OK,SB 937,Curriculum censorship | Drag bans | Free speech & expression bans | Other school restrictions | Restricting student & educator rights | School sports bans,harmful,aclu,Defeated,Failed to meet Senate deadline,2024-02-29
2023,OK,HB 1377,Healthcare age restrictions | Healthcare restrictions | Other healthcare barriers,harmful,aclu,Defeated,Failed to meet House deadline,2024-02-29
2023,OK,SB 252,Healthcare age restrictions | Healthcare restrictions |,harmful,aclu,Defeated,Failed to meet Senate deadline,2024-02-29
2023,OK,SB 787,Healthcare age restrictions | Healthcare restrictions |,harmful,aclu,Defeated,Failed to meet Senate deadline,2024-02-29
2023,OK,SB 935,Other school restrictions | Restricting student & educator rights,harmful,aclu,Defeated,Failed to meet Senate deadline,2024-02-29
2023,OK,SB 345,Healthcare age restrictions | Healthcare restrictions |,harmful,aclu,Defeated,Failed to meet Senate deadline,2024-02-29
2023,OK,SB 786,Healthcare age restrictions | Healthcare restrictions |,harmful,aclu,Defeated,Failed to meet Senate deadline,2024-02-29
2023,OK,SB 614,Healthcare age restrictions | Healthcare restrictions |,harmful,aclu,Defeated,Failed to meet Senate deadline,2024-02-29
2023,OK,HB 2736,Drag bans | Free speech & expression bans |,harmful,aclu,Defeated,Failed to meet House deadline,2024-02-29
2023,OK,HB 1780,Curriculum censorship | Restricting student & educator rights,harmful,aclu,Defeated,Failed to meet House deadline,2024-02-29
2023,OK,HB 2186,Drag bans | Free speech & expression bans |,harmful,aclu,Defeated,Failed to meet House deadline,2024-02-29
2023,OK,SB 129,Healthcare age restrictions | Healthcare restrictions | Other healthcare barriers,harmful,aclu,Defeated,Failed to meet House deadline,2024-02-29
2023,OK,HB 2177,Healthcare age restrictions | Healthcare restrictions | Other healthcare barriers,harmful,aclu,Defeated,Failed to meet House deadline,2024-02-29
2023,OK,SB 408,Other anti-LGBTQ bills,harmful,aclu,Defeated,Failed to meet House deadline,2024-02-29
2023,OK,SB 932,Other school restrictions | Restricting student & educator rights,harmful,aclu,Defeated,Failed to meet House deadline,2024-02-29
2023,OK,SB 973,Curriculum censorship | Restricting student & educator rights,harmful,aclu,Defeated,Failed to meet Senate deadline,2024-02-29
2023,OK,HB 1781,Curriculum censorship | Restricting student & educator rights,harmful,aclu,Defeated,Failed to meet House deadline,2024-02-29
2023,OK,HB 1011,Healthcare age restrictions | Healthcare restrictions | Other healthcare barriers,harmful,aclu,Defeated,Failed to meet House deadline,2024-02-29
2023,OK,SB 789,Healthcare age restrictions | Healthcare restrictions |,harmful,aclu,Defeated,Failed to meet Senate deadline,2024-02-29
2023,OK,SB 943,Other school restrictions | Restricting student & educator rights,harmful,aclu,Defeated,Failed to meet Senate deadline,2024-02-29
2023,OK,SB 933,Drag bans | Free speech & expression bans |,harmful,aclu,Defeated,Failed to meet Senate deadline,2024-02-29
2023,OK,SB 1004,Other anti-LGBTQ bills,harmful,aclu,Defeated,Failed to meet Senate deadline,2024-02-29
2023,OK,SB 1017,Other school restrictions | Restricting student & educator rights,harmful,aclu,Defeated,Failed to meet Senate deadline,2024-02-29
2023,OK,SB 30,Curriculum censorship | Forced outing in schools | Other school restrictions | Restricting student & educator rights,harmful,aclu,Advancing,Second read and referred to committee,2023-02-07
2023,OK,SB 250,Healthcare funding restrictions | Healthcare restrictions |,harmful,aclu,Advancing,Second read and referred to committee,2023-02-07
2023,OK,SB 878,Healthcare age restrictions | Healthcare restrictions |,harmful,aclu,Defeated,Failed to meet Senate deadline,2024-02-29
2023,OK,SB 1007,Restricting student & educator rights | School sports bans,harmful,aclu,Defeated,Failed to meet Senate deadline,2024-02-29
2023,OK,SB 131,Curriculum censorship | Restricting student & educator rights,harmful,aclu,Defeated,Failed to meet Senate deadline,2024-02-29
2023,WI,AB 377,Restricting student & educator rights | School sports bans,harmful,aclu,Defeated,Vetoed by Governor; Assembly failed to override veto,2024-05-15
2023,MI,HB 4510,Restricting student & educator rights | School facilities bans,harmful,aclu,Advancing,First read and referred to committee,2023-05-04
2023,SC,SB 627,Healthcare age restrictions | Healthcare funding restrictions | Healthcare restrictions |,harmful,aclu,Defeated,Legislative session ended,2024-05-09
2023,KS,HB 2427,Restricting student & educator rights | School facilities bans,harmful,aclu,Defeated,Legislative session ended,2024-04-30
2023,NH,HB 396,Barriers to accurate IDs |,harmful,aclu,,,
2023,OK,HB 1449,Other anti-LGBTQ bills,harmful,aclu,Passed into Law,Governor signed,2024-05-31
2023,MA,H 509,Curriculum censorship | Restricting student & educator rights,harmful,aclu,Advancing,Joint hearing scheduled,2023-10-11
2023,SC,HB 3728,Curriculum censorship | Other school restrictions | Restricting student & educator rights,harmful,aclu,,,
2023,OH,HB 245,Drag bans | Free speech & expression bans |,harmful,aclu,,,
2023,MA,H 458,Curriculum censorship | Restricting student & educator rights,harmful,aclu,Advancing,Joint hearing,2023-07-17
2023,WI,AB 465,Healthcare age restrictions | Healthcare restrictions |,harmful,aclu,Defeated,Vetoed by Governor; Assembly failed to override veto,2024-05-15
2023,WI,AB 510,Curriculum censorship | Other school restrictions | Restricting student & educator rights,harmful,aclu,Defeated,Vetoed by Governor; Assembly failed to override veto,2024-05-15
2023,AK,H.B. 183,Restricting student & educator rights | School sports bans,harmful,aclu,Defeated,Legislative session ended,2024-05-15
2023,AK,HB 174,Other anti-LGBTQ bills,harmful,aclu,Defeated,Legislative session ended,2024-05-15
2023,AK,H.B. 105,Curriculum censorship | Other school restrictions | Restricting student & educator rights | School facilities bans,harmful,aclu,Defeated,Legislative session ended,2024-05-15
2023,KS,HB 2436,Other anti-LGBTQ bills,harmful,aclu,,,
2023,KS,SB 233,Healthcare age restrictions | Healthcare restrictions |,harmful,aclu,Defeated,House Motion to override veto failed; Veto sustained,2024-04-29
2023,WI,SB 377,Restricting student & educator rights | School sports bans,harmful,aclu,Defeated,Legislative session ended,2024-05-12
2023,WI,SB 489,Curriculum censorship | Other school restrictions | Restricting student & educator rights,harmful,aclu,Defeated,Companion bill vetoed by Governor; Assembly failed to override veto,2024-05-15
2023,WI,SB 378,Restricting student & educator rights | School sports bans,harmful,aclu,Defeated,Legislative session ended,2024-03-12
2023,ME,LD 678,Other school restrictions | Restricting student & educator rights,harmful,aclu,,,
2023,ME,LD 930,Restricting student & educator rights | School sports bans,harmful,aclu,,,
2023,WI,SB 479,Healthcare restrictions | Other healthcare barriers,harmful,aclu,Defeated,Legislative session ended,2024-03-12
2023,WI,SB 438,Other anti-LGBTQ bills,harmful,aclu,Defeated,Legislative session ended,2024-03-12
2023,WI,SB 480,Healthcare age restrictions | Healthcare restrictions |,harmful,aclu,Defeated,Companion bill vetoed by Governor; Assembly failed to override veto,2024-05-15
2023,WI,AB 447,Other anti-LGBTQ bills,harmful,aclu,Defeated,Legislative session ended,2024-03-12
2023,WI,AB 609,Healthcare restrictions | Other healthcare barriers,harmful,aclu,Defeated,Legislative session ended,2024-03-12
2023,WI,AB 502,Healthcare age restrictions | Healthcare restrictions | Other healthcare barriers,harmful,aclu,Defeated,Legislative session ended,2024-03-12
2023,WI,AB 378,Restricting student & educator rights | School sports bans,harmful,aclu,Defeated,Legislative session ended,2024-03-12
2023,OH,HB 183,Restricting student & educator rights | School facilities bans,harmful,aclu,,,
2023,NE,LB 575,Restricting student & educator rights | School facilities bans | School sports bans,harmful,aclu,,,
2023,TN,HB 1386,Other anti-LGBTQ bills,harmful,aclu,Defeated,Legislative session ended,2024-04-25
2023,TN,HB 878,Religious exemptions | Weakening Civil Rights Laws,harmful,aclu,Passed into Law,Signed by Governor,2024-02-21
2023,TN,SB 1110,Other anti-LGBTQ bills,harmful,aclu,Defeated,Legislative session ended,2024-04-25
2023,GA,SB 180,Religious exemptions | Weakening Civil Rights Laws,harmful,aclu,Defeated,Legislative session ended,2024-03-28
2023,GA,SB 88,Curriculum censorship | Other school restrictions | Restricting student & educator rights,harmful,aclu,Defeated,Legislative session ended,2024-03-28
2023,IA,HF 290,Barriers to accurate IDs | Re-definition of sex | Weakening Civil Rights Laws,harmful,aclu,,,
2023,TN,SB 620,Curriculum censorship | Forced outing in schools | Other school restrictions | Restricting student & educator rights,harmful,aclu,Defeated,Legislative session ended,2024-04-25
2023,TN,HB 30,Drag bans | Free speech & expression bans |,harmful,aclu,Defeated,Legislative session ended,2024-04-25
2023,OH,HB 68,Healthcare age restrictions | Healthcare restrictions |,harmful,aclu,,,
2023,WV,SB 517,Weakening Civil Rights Laws,harmful,aclu,Defeated,Legislative session ended,2024-03-09
2023,WA,HB 1233,Other anti-LGBTQ bills,harmful,aclu,,,
2023,WA,SB 5653,Curriculum censorship | Forced outing in schools | Restricting student & educator rights,harmful,aclu,,,
2023,PR,PS 1345,Religious exemptions | Weakening Civil Rights Laws,harmful,aclu,Advancing,First reading and referred to committee,2023-10-03
2023,PR,PC 1887,Religious exemptions | Weakening Civil Rights Laws,harmful,aclu,Advancing,First reading and referred to committee,2023-10-17
2023,WV,SB 103,Free speech & expression bans |,harmful,aclu,Defeated,Legislative session ended,2024-03-09
2023,WV,SB 253,Free speech & expression bans |,harmful,aclu,Defeated,Legislative session ended,2024-03-09
2023,WV,HB 3001,Restricting student & educator rights,harmful,aclu,Defeated,Legislative session ended,2024-03-09
2023,WV,HB 3097,Healthcare restrictions |,harmful,aclu,Defeated,Legislative session ended,2024-03-09
2023,WV,HB 3183,Healthcare restrictions | Other anti-LGBTQ bills | Restricting student & educator rights,harmful,aclu,Defeated,Legislative session ended,2024-03-09
2023,WV,HB 3176,Free speech & expression bans | Restricting student & educator rights,harmful,aclu,Defeated,Legislative session ended,2024-03-09
2023,WV,HB 3503,Other anti-LGBTQ bills,harmful,aclu,Defeated,Legislative session ended,2024-03-09
2023,WV,SB 697,Healthcare restrictions |,harmful,aclu,Defeated,Legislative session ended,2024-03-09
2023,WV,SB 692,Healthcare restrictions | Restricting student & educator rights,harmful,aclu,Defeated,Legislative session ended,2024-03-09
2023,VT,H 183,Religious exemptions | Weakening Civil Rights Laws,harmful,aclu,Defeated,Legislative session ended,2024-05-10
2023,VT,H 513,Restricting student & educator rights | School sports bans,harmful,aclu,Defeated,Legislative session ended,2024-05-10
2023,TN,HB 1411,Other school restrictions | Restricting student & educator rights,harmful,aclu,Defeated,Legislative session ended,2024-04-25
2023,TN,SB 5,Healthcare age restrictions | Healthcare restrictions |,harmful,aclu,Defeated,Legislative session ended,2024-04-25
2023,TN,HB 571,Other anti-LGBTQ bills,harmful,aclu,Defeated,Legislative session ended,2024-04-25
2023,TN,HB 1447,Healthcare age restrictions | Healthcare restrictions |,harmful,aclu,Defeated,Legislative session ended,2024-04-25
2023,TN,HB 1414,Curriculum censorship | Forced outing in schools | Other school restrictions | Restricting student & educator rights,harmful,aclu,Defeated,Legislative session ended,2024-04-25
2023,TN,HB 1378,Healthcare age restrictions | Healthcare restrictions |,harmful,aclu,Defeated,Legislative session ended,2024-04-25
2023,TN,SB 1469,Healthcare age restrictions | Healthcare restrictions |,harmful,aclu,Defeated,Legislative session ended,2024-04-25
2023,TN,SB 841,Drag bans | Free speech & expression bans |,harmful,aclu,Defeated,Legislative session ended,2024-04-25
2023,TN,SB 603,Other anti-LGBTQ bills,harmful,aclu,Defeated,Legislative session ended,2024-04-25
2023,TN,SB 1117,Other school restrictions | Restricting student & educator rights,harmful,aclu,Defeated,Legislative session ended,2024-04-25
2023,SC,HB 3485,Forced outing in schools | Other school restrictions | Restricting student & educator rights,harmful,aclu,Advancing,Referred to committee,2023-01-10
2023,SC,SB 364,Barriers to accurate IDs |,harmful,aclu,Advancing,Referred to committee,2023-01-10
2023,SC,HB 3551,Forced outing in schools | Healthcare age restrictions | Healthcare restrictions | Restricting student & educator rights,harmful,aclu,Advancing,Referred to committee,2023-01-10
2023,SC,SB 274,Forced outing in schools | Healthcare age restrictions | Healthcare funding restrictions | Healthcare restrictions | Other school restrictions | Restricting student & educator rights,harmful,aclu,,,
2023,SC,SB 243,Healthcare age restrictions | Healthcare restrictions |,harmful,aclu,Advancing,Referred to committee,2023-01-10
2023,SC,HB 3466,Other school restrictions | Restricting student & educator rights,harmful,aclu,,,
2023,SC,HB 3304,Other school restrictions | Restricting student & educator rights,harmful,aclu,Advancing,Referred to committee,2023-01-10
2023,SC,HB 3616,Drag bans | Free speech & expression bans |,harmful,aclu,Advancing,Referred to committee,2023-01-11
2023,SC,HB 3611,Religious exemptions | Weakening Civil Rights Laws,harmful,aclu,Advancing,Referred to committee,2023-01-11
2023,SC,SB 424,Curriculum censorship | Other anti-LGBTQ bills | Other school restrictions | Restricting student & educator rights,harmful,aclu,Advancing,Referred to committee,2023-01-19
2023,SC,HB 3197,Forced outing in schools | Other school restrictions | Restricting student & educator rights,harmful,aclu,Advancing,Referred to committee,2023-01-10
2023,SC,SB 234,Forced outing in schools | Restricting student & educator rights,harmful,aclu,,,
2023,SC,HB 3801,Religious exemptions | Weakening Civil Rights Laws,harmful,aclu,Advancing,Referred to committee,2023-01-25
2023,SC,HB 3827,Curriculum censorship | Forced outing in schools | Other school restrictions | Restricting student & educator rights,harmful,aclu,Advancing,Referred to committee,2023-01-26
2023,SC,SB 585,Drag bans | Free speech & expression bans |,harmful,aclu,Advancing,First read and referred to committee,2023-03-02
2023,SC,SB 623,Barriers to accurate IDs |,harmful,aclu,Advancing,First read and referred to committee,2023-03-14
2023,OH,HB 6,Restricting student & educator rights | School sports bans,harmful,aclu,Advancing,Reported by committee,2023-05-10
2023,OH,HB 151,Other anti-LGBTQ bills,harmful,aclu,,,
2023,OH,SB 83,Other anti-LGBTQ bills,harmful,aclu,,,
2023,NH,HB 417,Healthcare restrictions |,harmful,aclu,Defeated,Legislative session ended,2024-06-13
2023,NH,SB 272,Restricting student & educator rights,harmful,aclu,Defeated,Legislative session ended,2024-06-13
2023,NE,LB 371,Drag bans | Free speech & expression bans |,harmful,aclu,,,
2023,NE,LB 810,Religious exemptions | Weakening Civil Rights Laws,harmful,aclu,,,
2023,MI,HB 4539,Healthcare age restrictions | Healthcare restrictions |,harmful,aclu,Advancing,First read and referred to committee,2023-05-09
2023,MI,HB 4075,Religious exemptions | Weakening Civil Rights Laws,harmful,aclu,Advancing,Notice given to discharge committee,2023-03-15
2023,MI,HB 4195,Restricting student & educator rights | School facilities bans,harmful,aclu,Advancing,First read and referred to committee,2023-03-07
2023,MI,HB 4257,Healthcare age restrictions | Healthcare restrictions |,harmful,aclu,Advancing,First read and referred to committee,2023-03-09
2023,MI,HB 4345,Religious exemptions | Weakening Civil Rights Laws,harmful,aclu,Advancing,First read and referred to committee,2023-04-11
2023,MI,HB 4540,Healthcare age restrictions | Healthcare restrictions |,harmful,aclu,Advancing,First read and referred to committee,2023-05-09
2023,MI,HB 4546,Restricting student & educator rights | School sports bans,harmful,aclu,Advancing,First read and referred to committee,2023-05-11
2023,KS,SB 255,Restricting student & educator rights | School facilities bans,harmful,aclu,Advancing,Committee hearing,2023-03-22
2023,KS,HB 2263,Healthcare age restrictions | Healthcare restrictions |,harmful,aclu,Defeated,Legislative session ended,2024-04-30
2023,KS,SB 149,Drag bans | Free speech & expression bans |,harmful,aclu,Defeated,Legislative session ended,2024-04-30
2023,KS,SB 201,Drag bans | Free speech & expression bans |,harmful,aclu,Defeated,Legislative session ended,2024-04-30
2023,KS,SB 207,Other school restrictions | Religious exemptions | Restricting student & educator rights | Weakening Civil Rights Laws,harmful,aclu,Defeated,Legislative session ended,2024-04-30
2023,KS,HB 2404,Other anti-LGBTQ bills,harmful,aclu,Defeated,Legislative session ended,2024-04-30
2023,KS,SB 12,Healthcare age restrictions | Healthcare restrictions |,harmful,aclu,Defeated,Legislative session ended,2024-04-30
2023,KS,SB 224,Other anti-LGBTQ bills,harmful,aclu,Defeated,Legislative session ended,2024-04-30
2023,IA,SF 110,Healthcare funding restrictions | Healthcare restrictions | Other healthcare barriers,harmful,aclu,,,
2023,IA,SF 83,Curriculum censorship | Restricting student & educator rights,harmful,aclu,,,
2023,IA,SF 129,Forced outing in schools | Healthcare age restrictions | Healthcare restrictions | Other anti-LGBTQ bills | Restricting student & educator rights,harmful,aclu,,,
2023,IA,SF 159,Forced outing in schools | Restricting student & educator rights,harmful,aclu,,,
2023,IA,HF 229,Religious exemptions | Weakening Civil Rights Laws,harmful,aclu,,,
2023,IA,HF 325,Other civil rights restrictions | Public accommodation bans | Weakening Civil Rights Laws,harmful,aclu,,,
2023,IA,SF 348,Drag bans | Free speech & expression bans |,harmful,aclu,,,
2023,IA,SF 212,Religious exemptions | Weakening Civil Rights Laws,harmful,aclu,,,
2023,IA,HF 508,Other anti-LGBTQ bills | Religious exemptions | Weakening Civil Rights Laws,harmful,aclu,,,
2023,IA,HF 482,Restricting student & educator rights | School facilities bans,harmful,aclu,,,
2023,IA,HF 9,Forced outing in schools | Restricting student & educator rights,harmful,aclu,,,
2023,IA,HF 190,Other civil rights restrictions | Weakening Civil Rights Laws,harmful,aclu,,,
2023,IA,HSB 222,Curriculum censorship | Forced outing in schools | Other school restrictions | Restricting student & educator rights,harmful,aclu,,,
2023,IA,HF 8,Curriculum censorship | Restricting student & educator rights,harmful,aclu,,,
2023,IA,HF 348,Curriculum censorship | Restricting student & educator rights,harmful,aclu,,,
2023,IA,HF 616,Other anti-LGBTQ bills,harmful,aclu,,,
2023,IA,HF 180,Forced outing in schools | Other school restrictions | Restricting student & educator rights,harmful,aclu,,,
2023,IA,SF 297,Religious exemptions | Weakening Civil Rights Laws,harmful,aclu,,,
2023,GA,SB 141,Forced outing in schools | Healthcare age restrictions | Healthcare restrictions | Restricting student & educator rights,harmful,aclu,Defeated,Legislative session ended,2024-03-28
2023,GA,HB 653,Forced outing in schools | Healthcare age restrictions | Healthcare restrictions | Restricting student & educator rights,harmful,aclu,Defeated,Legislative session ended,2024-03-28
2023,AK,HB 27,Restricting student & educator rights | School sports bans,harmful,aclu,,,
2023,AK,SB 96,Curriculum censorship | Other school restrictions | Restricting student & educator rights | School facilities bans,harmful,aclu,Defeated,Legislative session ended,2024-05-15
2023,WI,SB 704,Healthcare restrictions |,harmful,aclu,Defeated,Legislative session ended,2024-03-12
2023,WI,AB 729,Healthcare restrictions |,harmful,aclu,Defeated,Legislative session ended,2024-03-12
2023,HI,HB 508,Restricting student & educator rights | School sports bans,harmful,aclu,,,
2023,HI,HB 509,Curriculum censorship | Restricting student & educator rights,harmful,aclu,,,
2023,HI,SB 1429,Restricting student & educator rights | School sports bans,harmful,aclu,,,
2023,HI,SB 1428,Curriculum censorship | Forced outing in schools | Restricting student & educator rights,harmful,aclu,,,
2023,HI,HB 891,Healthcare age restrictions | Healthcare restrictions |,harmful,aclu,,,
2023,MN,SF 934,Restricting student & educator rights | School facilities bans | School sports bans,harmful,aclu,Defeated,Legislative session ended,2024-05-20
2023,MN,HF 3022,Curriculum censorship | Forced outing in schools | Restricting student & educator rights,harmful,aclu,Defeated,Legislative session ended,2024-05-20
2023,MN,SF 3272,Healthcare age restrictions | Healthcare restrictions |,harmful,aclu,Defeated,Legislative session ended,2024-05-20
2023,MN,HF 551,Restricting student & educator rights | School sports bans,harmful,aclu,Defeated,Legislative session ended,2024-05-20
2023,MN,SF 724,Restricting student & educator rights | School sports bans,harmful,aclu,Defeated,Legislative session ended,2024-05-20
2023,MN,HF 1086,Restricting student & educator rights | School sports bans,harmful,aclu,Defeated,Legislative session ended,2024-05-20
2023,MN,SF 933,Drag bans | Free speech & expression bans |,harmful,aclu,Defeated,Legislative session ended,2024-05-20
2023,MN,HF 1903,Drag bans | Free speech & expression bans |,harmful,aclu,Defeated,Legislative session ended,2024-05-20
2023,MN,HF 3264,Healthcare age restrictions | Healthcare restrictions |,harmful,aclu,Defeated,Legislative session ended,2024-05-20
2023,MN,SF 3280,Healthcare age restrictions | Healthcare restrictions |,harmful,aclu,Defeated,Legislative session ended,2024-05-20
2023,NC,H 43,Healthcare age restrictions | Healthcare restrictions |,harmful,aclu,Advancing,Referred to committee,2023-02-06
2023,NC,S 560,Healthcare age restrictions | Healthcare restrictions |,harmful,aclu,Advancing,Referred to committee,2023-04-05
2023,NC,S 641,Religious exemptions | Weakening Civil Rights Laws,harmful,aclu,Advancing,First read and referred to committee,2023-04-06
2023,NC,H 786,Forced outing in schools | Healthcare age restrictions | Healthcare funding restrictions | Healthcare restrictions | Restricting student & educator rights,harmful,aclu,Advancing,First read and referred to committee,2023-04-19
2023,NC,H 819,Religious exemptions | Weakening Civil Rights Laws,harmful,aclu,Advancing,Reported favorably and referred to committee,2023-04-27
2023,NC,S 636,Restricting student & educator rights | School sports bans,harmful,aclu,Advancing,Senate passed as amended; House re-referred to committee,2023-09-11
2023,TX,SB 77,Restricting student & educator rights,harmful,aclu,Introduced,,2023-10-27
2023,TX,SB 12,Free speech & expression bans |,harmful,aclu,Passed into Law,Governor signed,2023-06-18
2023,MI,HJR E,Other anti-LGBTQ bills,harmful,aclu,Advancing,First read and referred to committee,2023-06-14
2023,AL,SB 261,Other anti-LGBTQ bills,harmful,aclu,Passed into Law,Governor signed,2023-06-06
2023,RI,S 959,Weakening Civil Rights Laws,harmful,aclu,Defeated,Dead,2023-06-16
2023,RI,S 960,Barriers to accurate IDs |,harmful,aclu,Defeated,Dead,2023-06-16
2023,TX,SB 1601,Free speech & expression bans |,harmful,aclu,Defeated,Dead,2023-05-29
2023,AL,SB 211,Restricting student & educator rights,harmful,aclu,Defeated,Legislative session ended,2023-06-06
2023,AL,HB 354,Restricting student & educator rights,harmful,aclu,Defeated,Legislative session ended,2023-06-06
2023,RI,SB 958,Healthcare restrictions |,harmful,aclu,Defeated,Dead,2023-06-16
2023,LA,HB 648,Healthcare restrictions |,harmful,aclu,Passed into Law,House and Senate override of Governor veto,2023-07-18
2023,AL,HB 405,Other anti-LGBTQ bills,harmful,aclu,Defeated,Legislative session ended,2023-06-06
2023,AL,HB 401,Free speech & expression bans | Restricting student & educator rights,harmful,aclu,Defeated,Legislative session ended,2023-06-06
2023,NC,H 808,Healthcare restrictions | Restricting student & educator rights,harmful,aclu,Passed into Law,House and Senate override of Governor veto,2023-08-16
2023,SC,S 624,Other anti-LGBTQ bills,harmful,aclu,Advancing,First read and referred to committee,2023-03-14
2023,TX,HB 3082,Weakening Civil Rights Laws,harmful,aclu,Defeated,Dead,2023-05-29
2023,MS,HB 1733,Healthcare restrictions |,harmful,aclu,Passed into Law,Governor signed,2023-03-27
2023,LA,HB 463,Healthcare restrictions |,harmful,aclu,Defeated,Refer to substituted bill HB 648,2023-07-18
2023,NC,S 631,Restricting student & educator rights,harmful,aclu,Passed into Law,Companion bill H. 574 passed,2023-08-16
2023,NC,H 574,Restricting student & educator rights,harmful,aclu,Passed into Law,House and Senate override of Governor veto,2023-08-16
2023,AL,HB 261,Restricting student & educator rights,harmful,aclu,Passed into Law,Governor signed,2023-05-30
2023,NC,S 639,Healthcare restrictions | Restricting student & educator rights,harmful,aclu,Passed into Law,Companion bill H. 808 passed,2023-08-16
2023,ID,HB 308,Weakening Civil Rights Laws,harmful,aclu,Advancing,Dead,2023-04-06
2023,LA,HB 466,Restricting student & educator rights,harmful,aclu,Defeated,Governor vetoed; House veto override failed,2023-07-18
2023,MO,HB 15,Other anti-LGBTQ bills,harmful,aclu,Defeated,Vetoed in part by Governor,2023-05-15
2023,MO,HB 13,Other anti-LGBTQ bills,harmful,aclu,Defeated,Dead,2023-05-12
2023,MO,HB 12,Other anti-LGBTQ bills,harmful,aclu,Defeated,Vetoed in part by Governor,2023-06-30
2023,MO,HB 11,Other anti-LGBTQ bills,harmful,aclu,Defeated,Failed to pass over partial veto,2023-09-13
2023,MO,HB 10,Other anti-LGBTQ bills,harmful,aclu,Defeated,Dead,2023-05-12
2023,MO,HB 9,Other anti-LGBTQ bills,harmful,aclu,Defeated,Dead,2023-05-12
2023,MO,HB 8,Other anti-LGBTQ bills,harmful,aclu,Defeated,Dead,2023-05-12
2023,MO,HB 7,Other anti-LGBTQ bills,harmful,aclu,Defeated,Dead,2023-05-12
2023,MO,HB 6,Other anti-LGBTQ bills,harmful,aclu,Defeated,Dead,2023-05-12
2023,MO,HB 5,Other anti-LGBTQ bills,harmful,aclu,Defeated,Dead,2023-05-12
2023,MO,HB 4,Other anti-LGBTQ bills,harmful,aclu,Defeated,Dead,2023-05-12
2023,MO,HB 3,Other anti-LGBTQ bills,harmful,aclu,Defeated,Dead,2023-05-12
2023,MO,HB 2,Other anti-LGBTQ bills,harmful,aclu,Defeated,Dead,2023-05-12
2023,AR,HB 1738,Restricting student & educator rights,harmful,aclu,Defeated,Dead,2023-05-01
2023,MO,HB 1333,Other anti-LGBTQ bills,harmful,aclu,Defeated,Dead,2023-05-12
2023,TX,HB 2659,Restricting student & educator rights | Weakening Civil Rights Laws,harmful,aclu,Defeated,Dead,2023-05-29
2023,TX,SB 1443,Restricting student & educator rights,harmful,aclu,Defeated,Dead,2023-05-29
2023,NV,AB 374,Restricting student & educator rights,harmful,aclu,Defeated,No further action allowed,2023-04-15
2023,MT,SB 518,Restricting student & educator rights,harmful,aclu,Passed into Law,Governor signed,2023-05-19
2023,LA,HB 81,Restricting student & educator rights,harmful,aclu,Defeated,Governor vetoed 6/28/23; House veto override failed,2023-07-18
2023,TX,HB 5235,Other anti-LGBTQ bills | Restricting student & educator rights,harmful,aclu,Defeated,Dead,2023-05-29
2023,MT,HB 837,Restricting student & educator rights,harmful,aclu,Defeated,Missed transmittal deadline,2023-04-06
2023,CA,AB 1314,Restricting student & educator rights,harmful,aclu,Defeated,Held in Education Committee,2023-04-10
2023,TX,HB 5127,Other anti-LGBTQ bills,harmful,aclu,Defeated,Dead,2023-05-29
2023,TX,HB 5261,Restricting student & educator rights,harmful,aclu,Defeated,Dead,2023-05-29
2023,UT,SB 97,Other anti-LGBTQ bills,harmful,aclu,Passed into Law,Governor signed,2023-03-14
2023,AR,HB 1615,Weakening Civil Rights Laws,harmful,aclu,Passed into Law,Became act,2023-04-12
2023,TX,HB 2722,Restricting student & educator rights,harmful,aclu,Defeated,Dead,2023-05-29
2023,TX,HB 5256,Restricting student & educator rights,harmful,aclu,Defeated,Dead,2023-05-29
2023,TX,SB 2281,Free speech & expression bans |,harmful,aclu,Defeated,Dead,2023-05-29
2023,ID,HB 265,Free speech & expression bans |,harmful,aclu,Defeated,Dead,2023-04-06
2023,TX,SB 17,Other anti-LGBTQ bills,harmful,aclu,Passed into Law,Governor signed,2023-06-17
2023,NV,SB 288,Other anti-LGBTQ bills,harmful,aclu,Defeated,No further action allowed,2023-04-15
2023,TX,SB 2199,Weakening Civil Rights Laws,harmful,aclu,Defeated,Dead,2023-05-29
2023,TX,HB 4961,Restricting student & educator rights,harmful,aclu,Defeated,Dead,2023-05-29
2023,TX,HB 5236,Other anti-LGBTQ bills | Restricting student & educator rights,harmful,aclu,Defeated,Dead,2023-05-29
2023,TX,SB 8,Restricting student & educator rights,harmful,aclu,Defeated,Dead,2023-05-29
2023,TX,HB 4754,Healthcare restrictions |,harmful,aclu,Defeated,Dead,2023-05-29
2023,TX,HB 4378,Free speech & expression bans |,harmful,aclu,Defeated,Dead,2023-05-29
2023,TX,HB 4534,Restricting student & educator rights,harmful,aclu,Defeated,Dead,2023-05-29
2023,TX,SB 15,Restricting student & educator rights,harmful,aclu,Passed into Law,Governor signed,2023-06-18
2023,TX,HB 4624,Healthcare restrictions |,harmful,aclu,Defeated,Dead,2023-05-29
2023,TX,HB 4129,Free speech & expression bans |,harmful,aclu,Defeated,Dead,2023-05-29
2023,TX,SB 14,Healthcare restrictions |,harmful,aclu,Passed into Law,Governor signed,2023-06-02
2023,TX,HB 3902,Other anti-LGBTQ bills,harmful,aclu,Defeated,Dead,2023-05-29
2023,TX,HB 3883,Other anti-LGBTQ bills,harmful,aclu,Defeated,Dead,2023-05-29
2023,IN,SB 487,Other anti-LGBTQ bills,harmful,aclu,Defeated,Dead,2023-04-28
2023,IA,SF 538,Healthcare restrictions |,harmful,aclu,Passed into Law,Governor signed,2023-03-22
2023,UT,SB 39,Barriers to accurate IDs |,harmful,aclu,Passed into Law,Governor signed,2023-03-15
2023,FL,HB 1521,Other anti-LGBTQ bills | Public accommodation bans,harmful,aclu,Passed into Law,Governor signed,2023-05-17
2023,FL,SB 1674,Other anti-LGBTQ bills | Public accommodation bans | Restricting student & educator rights,harmful,aclu,Defeated,Dead,2023-05-05
2023,FL,HB 1421,Barriers to accurate IDs | Healthcare restrictions | Weakening Civil Rights Laws,harmful,aclu,Defeated,Dead,2023-05-05
2023,FL,SB 254,Healthcare restrictions | Other anti-LGBTQ bills,harmful,aclu,Passed into Law,Governor signed,2023-05-17
2023,TX,HB 3213,Other anti-LGBTQ bills,harmful,aclu,Defeated,Dead,2023-05-29
2023,IA,HF 623,Healthcare restrictions |,harmful,aclu,Defeated,SF 538 substituted and bill withdrawn,2023-03-08
2023,IA,SF 482,Restricting student & educator rights,harmful,aclu,Passed into Law,Governor signed,2023-03-22
2023,IA,SF 496,Restricting student & educator rights,harmful,aclu,Passed into Law,Governor signed,2023-05-26
2023,IA,HF 622,Restricting student & educator rights,harmful,aclu,Defeated,Withdrawn,2023-03-16
2023,TX,HB 3147,Other anti-LGBTQ bills,harmful,aclu,Defeated,Dead,2023-05-29
2023,TX,HB 2862,Other anti-LGBTQ bills,harmful,aclu,Defeated,Dead,2023-05-29
2023,TX,HB 3164,Other anti-LGBTQ bills,harmful,aclu,Defeated,Dead,2023-05-29
2023,KS,SB 228,Other anti-LGBTQ bills,harmful,aclu,Passed into Law,Senate and House override of Governor veto,2023-04-27
2023,MO,HB 1258,Restricting student & educator rights | Weakening Civil Rights Laws,harmful,aclu,Defeated,Dead,2023-05-12
2023,IA,HSB 208,Restricting student & educator rights,harmful,aclu,Defeated,Refer to renumbered bill HF 622,2023-03-16
2023,FL,SB 266,Free speech & expression bans | Restricting student & educator rights,harmful,aclu,Passed into Law,Governor signed,2023-05-15
2023,FL,HB 999,Free speech & expression bans | Restricting student & educator rights,harmful,aclu,Defeated,Dead,2023-05-05
2023,FL,SB 1320,Restricting student & educator rights,harmful,aclu,Defeated,Dead,2023-05-05
2023,FL,HB 1223,Restricting student & educator rights,harmful,aclu,Advancing,Died in committee,2023-05-05
2023,MO,HB 1332,Healthcare restrictions |,harmful,aclu,Defeated,Dead,2023-05-12
2023,IA,HSB 214,Healthcare restrictions |,harmful,aclu,Defeated,Bill renumbered HF 623,2023-03-02
2023,IA,SSB 1197,Healthcare restrictions |,harmful,aclu,Defeated,Bill renumbered SF 538,2023-03-02
2023,MO,SB 693,Free speech & expression bans |,harmful,aclu,Defeated,Dead,2023-05-12
2023,UT,HB 209,Restricting student & educator rights,harmful,aclu,Passed into Law,Governor signed,2023-03-17
2023,FL,HB 1069,Restricting student & educator rights,harmful,aclu,Passed into Law,Governor signed,2023-05-17
2023,MT,SB 458,Other anti-LGBTQ bills,harmful,aclu,Passed into Law,Governor signed,2023-05-19
2023,FL,HB 991,Other anti-LGBTQ bills,harmful,aclu,Advancing,Died in committee,2023-05-05
2023,TX,SB 1082,Barriers to accurate IDs | Other anti-LGBTQ bills,harmful,aclu,Defeated,Dead,2023-05-29
2023,KY,HB 585,Barriers to accurate IDs |,harmful,aclu,Defeated,Dead,2023-03-30
2023,UT,HB 463,Restricting student & educator rights,harmful,aclu,Defeated,Passed House; passed Senate; referred to House file,2023-03-03
2023,ID,SB 1071,Restricting student & educator rights,harmful,aclu,Defeated,Dead,2023-04-06
2023,AR,SB 294,Restricting student & educator rights,harmful,aclu,Passed into Law,Became act without Governor's signature,2023-03-14
2023,KY,HB 470,Barriers to accurate IDs | Healthcare restrictions | Restricting student & educator rights,harmful,aclu,Defeated,Dead,2023-03-30
2023,RI,HB 5688,Restricting student & educator rights,harmful,aclu,Defeated,Dead,2023-06-16
2023,TX,SB 1029,Healthcare restrictions |,harmful,aclu,Defeated,Dead,2023-05-29
2023,RI,SB 391,Restricting student & educator rights,harmful,aclu,Defeated,Dead,2023-06-16
2023,NM,HB 492,Restricting student & educator rights,harmful,aclu,Defeated,Dead,2023-03-18
2023,MT,SB 413,Restricting student & educator rights,harmful,aclu,Defeated,Missed deadline for general bill transmittal,2023-03-13
2023,AR,HB 1468,Restricting student & educator rights,harmful,aclu,Passed into Law,Became law,2023-04-11
2023,IA,SF 335,Restricting student & educator rights,harmful,aclu,Defeated,Renumbered as SF 482,2023-03-02
2023,IA,SSB 1145,Restricting student & educator rights,harmful,aclu,Defeated,Refer to numbered bill  SF 496,2023-05-26
2023,MO,HB 1157,Weakening Civil Rights Laws,harmful,aclu,Defeated,Dead,2023-05-12
2023,KY,SB 145,Restricting student & educator rights,harmful,aclu,Passed into Law,Governor signed,2023-03-24
2023,MT,SB 337,Restricting student & educator rights,harmful,aclu,Defeated,Missed deadline for general bill transmittal,2023-03-13
2023,UT,HB 464,Restricting student & educator rights,harmful,aclu,Defeated,House filed,2023-03-03
2023,AR,SB 270,Other anti-LGBTQ bills | Public accommodation bans,harmful,aclu,Passed into Law,Became act,2023-04-11
2023,ID,HB 63,Weakening Civil Rights Laws,harmful,aclu,Defeated,Dead,2023-04-06
2023,MT,HB 303,Weakening Civil Rights Laws,harmful,aclu,Passed into Law,Governor signed,2023-05-03
2023,KY,SB 115,Free speech & expression bans |,harmful,aclu,Defeated,Dead,2023-03-30
2023,MO,HB 75,Restricting student & educator rights,harmful,aclu,Defeated,Dead,2023-05-12
2023,ID,SB 1100,Restricting student & educator rights,harmful,aclu,Passed into Law,Governor signed,2023-03-23
2023,MO,SB 390,Restricting student & educator rights,harmful,aclu,Defeated,Dead,2023-05-12
2023,OR,SB 897,Healthcare restrictions |,harmful,aclu,Defeated,Dead,2023-06-25
2023,GA,SB 140,Healthcare restrictions |,harmful,aclu,Passed into Law,Governor signed,2023-03-23
2023,ND,HB 1526,Restricting student & educator rights,harmful,aclu,Defeated,"Second reading, failed to pass",2023-02-15
2023,ND,HB 1111,Other anti-LGBTQ bills,harmful,aclu,Passed into Law,Governor signed,2023-04-06
2023,ND,HB 1474,Other anti-LGBTQ bills,harmful,aclu,Passed into Law,Governor signed,2023-05-08
2023,ND,HB 1297,Barriers to accurate IDs |,harmful,aclu,Passed into Law,Governor signed,2023-05-08
2023,ND,SB 2188,Restricting student & educator rights,harmful,aclu,Defeated,"Second read, failed to pass",2023-02-08
2023,ND,HB 1488,Restricting student & educator rights,harmful,aclu,Defeated,Dead,2023-04-29
2023,ND,HB 1489,Restricting student & educator rights,harmful,aclu,Passed into Law,Governor signed,2023-04-11
2023,ND,HB 1522,Restricting student & educator rights,harmful,aclu,Passed into Law,Governor signed,2023-05-08
2023,ND,HB 1301,Healthcare restrictions |,harmful,aclu,Defeated,Failed to pass House,2023-02-17
2023,KY,SB 150,Healthcare restrictions | Restricting student & educator rights,harmful,aclu,Passed into Law,Governor veto overridden,2023-03-29
2023,KY,SB 102,Restricting student & educator rights,harmful,aclu,Defeated,Dead,2023-03-30
2023,AZ,HB 2711,Restricting student & educator rights,harmful,aclu,Defeated,Dead,2023-07-31
2023,KY,HB 177,Restricting student & educator rights,harmful,aclu,Defeated,Dead,2023-03-30
2023,KY,HB 173,Restricting student & educator rights,harmful,aclu,Defeated,Withdrawn,2023-03-13
2023,KS,SB 180,Other anti-LGBTQ bills,harmful,aclu,Passed into Law,Senate and House override of Governor veto,2023-04-27
2023,MO,SB 598,Healthcare restrictions |,harmful,aclu,Defeated,Dead,2023-05-12
2023,TX,HB 1952,Barriers to accurate IDs |,harmful,aclu,Defeated,Dead,2023-05-29
2023,AR,SB 199,Healthcare restrictions |,harmful,aclu,Passed into Law,Became act without Governor’s signature,2023-03-16
2023,ID,HB 71,Healthcare restrictions |,harmful,aclu,Passed into Law,Governor signed,2023-04-04
2023,WY,SF 144,Healthcare restrictions |,harmful,aclu,Defeated,Passed Senate; House Committee of the Whole did not consider,2023-02-27
2023,WY,SF 133,Restricting student & educator rights,harmful,aclu,Passed into Law,Became act without Governor’s signature,2023-03-17
2023,AZ,SB 1694,Other anti-LGBTQ bills,harmful,aclu,Defeated,Dead,2023-07-31
2023,AZ,SB 1417,Other anti-LGBTQ bills,harmful,aclu,Defeated,Dead,2023-07-31
2023,WY,HB 262,Weakening Civil Rights Laws,harmful,aclu,Defeated,Died in committee,2023-02-07
2023,WV,HB 3042,Weakening Civil Rights Laws,harmful,aclu,Passed into Law,Governor signed,2023-03-09
2023,TN,SB 1440,Other anti-LGBTQ bills,harmful,aclu,Passed into Law,Governor signed,2023-05-17
2023,SD,HB 1125,Free speech & expression bans |,harmful,aclu,Defeated,Tabled by committee,2023-02-13
2023,ND,HB 1333,Free speech & expression bans |,harmful,aclu,Passed into Law,Governor signed,2023-04-24
2023,TN,HB 1269,Restricting student & educator rights,harmful,aclu,Passed into Law,Companion bill SB 466 signed by Governor,2023-05-17
2023,TN,SB 1237,Restricting student & educator rights,harmful,aclu,Passed into Law,Governor signed,2023-04-28
2023,NC,S 49,Restricting student & educator rights,harmful,aclu,Passed into Law,Senate and House override of Governor veto,2023-08-16
2023,WV,HB 2007,Healthcare restrictions |,harmful,aclu,Passed into Law,Governor signed,2023-03-29
2023,TX,HB 1752,Healthcare restrictions |,harmful,aclu,Defeated,Dead,2023-05-29
2023,MS,SB 2861,Healthcare restrictions |,harmful,aclu,Defeated,Died in committee,2023-01-31
2023,TX,HB 1686,Healthcare restrictions |,harmful,aclu,Passed into Law,Companion bill SB 14 signed by Governor,2023-06-02
2023,MS,SB 2883,Healthcare restrictions |,harmful,aclu,Defeated,Died in committee,2023-01-31
2023,MS,HB 1258,Healthcare restrictions |,harmful,aclu,Defeated,Died in committee,2023-01-31
2023,MS,HB 1126,Healthcare restrictions |,harmful,aclu,Defeated,Died in committee,2023-01-31
2023,MS,SB 2770,Healthcare restrictions |,harmful,aclu,Defeated,Died in committee,2023-01-31
2023,MS,SB 2760,Healthcare restrictions |,harmful,aclu,Defeated,Died in committee,2023-01-31
2023,MS,HB 1124,Healthcare restrictions |,harmful,aclu,Defeated,Died in committee,2023-01-31
2023,TN,HB 1,Healthcare restrictions |,harmful,aclu,Passed into Law,Companion bill SB 1 signed by Governor,2023-03-02
2023,KS,HB 2238,Restricting student & educator rights,harmful,aclu,Passed into Law,Governor veto overridden,2023-04-05
2023,SD,HB 1116,Free speech & expression bans | Restricting student & educator rights,harmful,aclu,Defeated,Dead,2023-03-27
2023,AZ,SB 1698,Free speech & expression bans |,harmful,aclu,Defeated,Governor vetoed,2023-06-16
2023,TN,SB 466,Restricting student & educator rights,harmful,aclu,Passed into Law,Governor signed,2023-05-17
2023,AR,SB 125,Restricting student & educator rights,harmful,aclu,Passed into Law,Became law,2023-04-11
2023,MS,HB 1480,Restricting student & educator rights,harmful,aclu,Defeated,Died in committee,2023-01-31
2023,MS,HB 1476,Restricting student & educator rights,harmful,aclu,Defeated,Died in committee,2023-01-31
2023,MS,HB 1489,Restricting student & educator rights,harmful,aclu,Defeated,Died in committee,2023-01-31
2023,TX,SB 649,Restricting student & educator rights,harmful,aclu,Defeated,Dead,2023-05-29
2023,MS,HB 1074,Other anti-LGBTQ bills | Restricting student & educator rights,harmful,aclu,Defeated,Died in committee,2023-01-31
2023,MD,HB 359,Restricting student & educator rights,harmful,aclu,Defeated,Unfavorable committee report,2023-02-20
2023,MS,SB 2764,Restricting student & educator rights,harmful,aclu,Defeated,Died in committee,2023-01-31
2023,AZ,SB 1700,Restricting student & educator rights,harmful,aclu,Defeated,Dead,2023-07-31
2023,TX,SB 625,Healthcare restrictions |,harmful,aclu,Passed into Law,Companion bill SB 14 signed by Governor,2023-06-02
2023,AZ,SB 1702,Healthcare restrictions |,harmful,aclu,Defeated,Dead,2023-07-31
2023,MO,SB 42,Restricting student & educator rights,harmful,aclu,Defeated,Dead,2023-05-12
2023,MO,SB 2,Restricting student & educator rights,harmful,aclu,Defeated,Dead,2023-05-12
2023,MO,SB 48,Restricting student & educator rights,harmful,aclu,Defeated,Dead,2023-05-12
2023,MO,HB 170,Restricting student & educator rights,harmful,aclu,Defeated,Dead,2023-05-12
2023,VA,SB 791,Healthcare restrictions |,harmful,aclu,Defeated,Passed by indefinitely by committee,2023-02-02
2023,MO,SB 29,Restricting student & educator rights,harmful,aclu,Defeated,Dead,2023-05-12
2023,UT,HB 132,Healthcare restrictions |,harmful,aclu,Defeated,House filed,2023-03-03
2023,MO,HB 183,Restricting student & educator rights,harmful,aclu,Defeated,Dead,2023-05-12
2023,UT,SB 16,Healthcare restrictions |,harmful,aclu,Passed into Law,Governor signed,2023-01-28
2023,MO,HB 337,Restricting student & educator rights,harmful,aclu,Defeated,Dead,2023-05-12
2023,TX,SB 249,Healthcare restrictions |,harmful,aclu,Defeated,Dead,2023-05-29
2023,MO,SB 39,Restricting student & educator rights,harmful,aclu,Passed into Law,Governor signed,2023-06-07
2023,TX,HB 122,Healthcare restrictions |,harmful,aclu,Defeated,Dead,2023-05-29
2023,OK,SB 26,Restricting student & educator rights,harmful,aclu,Passed into Law,Governor signed,2023-05-25
2023,TX,HB 41,Healthcare restrictions |,harmful,aclu,Defeated,Dead,2023-05-29
2023,MO,SB 165,Restricting student & educator rights,harmful,aclu,Defeated,Dead,2023-05-12
2023,TX,SB 250,Healthcare restrictions |,harmful,aclu,Defeated,Dead,2023-05-29
2023,CO,HB 23-1098,Restricting student & educator rights,harmful,aclu,Defeated,Postponed indefinitely by committee,2023-02-13
2023,KY,HB 30,Restricting student & educator rights,harmful,aclu,Defeated,Dead,2023-03-30
2023,TX,HB 42,Healthcare restrictions |,harmful,aclu,Defeated,Dead,2023-05-29
2023,TX,HB 1155,Restricting student & educator rights,harmful,aclu,Defeated,Dead,2023-05-29
2023,OR,HB 2477,Restricting student & educator rights,harmful,aclu,Defeated,Dead,2023-06-25
2023,MO,HB 634,Restricting student & educator rights,harmful,aclu,Defeated,Dead,2023-05-12
2023,VA,SB 960,Healthcare restrictions | Restricting student & educator rights | Weakening Civil Rights Laws,harmful,aclu,Defeated,Passed by indefinitely by committee,2023-02-02
2023,TX,HB 1541,Restricting student & educator rights,harmful,aclu,Defeated,Dead,2023-05-29
2023,MS,SB 2820,Restricting student & educator rights,harmful,aclu,Defeated,Died in committee,2023-01-31
2023,TX,HB 1532,Healthcare restrictions |,harmful,aclu,Defeated,Dead,2023-05-29
2023,TN,SB 1,Healthcare restrictions |,harmful,aclu,Passed into Law,Governor signed,2023-03-02
2023,OR,SB 452,Healthcare restrictions |,harmful,aclu,Defeated,Dead,2023-06-25
2023,MO,HB 916,Healthcare restrictions |,harmful,aclu,Defeated,Dead,2023-05-12
2023,MS,SB 2058,Restricting student & educator rights,harmful,aclu,Defeated,Died in committee,2023-01-31
2023,MS,HB 1144,Restricting student & educator rights,harmful,aclu,Defeated,Died in committee,2023-01-31
2023,MS,SB 2773,Restricting student & educator rights,harmful,aclu,Defeated,Died in committee,2023-01-31
2023,TN,HB 306,Restricting student & educator rights,harmful,aclu,Passed into Law,Companion bill SB 1237 signed by Governor,2023-04-28
2023,OR,SB 749,Restricting student & educator rights,harmful,aclu,Defeated,Dead,2023-06-25
2023,ND,HB 1249,Restricting student & educator rights,harmful,aclu,Passed into Law,Governor signed,2023-04-11
2023,AZ,SB 1040,Restricting student & educator rights,harmful,aclu,Defeated,Governor vetoed,2023-06-08
2023,WY,SF 117,Restricting student & educator rights,harmful,aclu,Defeated,Passed Senate; House did not consider for introduction,2023-02-24
2023,TX,HB 631,Restricting student & educator rights,harmful,aclu,Defeated,Dead,2023-05-29
2023,ND,SB 2231,Other anti-LGBTQ bills | Restricting student & educator rights,harmful,aclu,Defeated,Dead,2023-04-29
2023,ND,SB 2260,Restricting student & educator rights,harmful,aclu,Defeated,Dead,2023-04-29
2023,MS,HB 509,Restricting student & educator rights,harmful,aclu,Defeated,Died in committee,2023-01-31
2023,VA,SB 1203,Healthcare restrictions |,harmful,aclu,Defeated,Incorporated by committee into SB 791,2023-02-02
2023,ID,SB 1016,Public accommodation bans,harmful,aclu,Passed into Law,Governor signed,2023-03-27
2023,IN,HB 1524,Barriers to accurate IDs |,harmful,aclu,Defeated,Dead,2023-04-28
2023,IN,HB 1346,Restricting student & educator rights,harmful,aclu,Defeated,Dead,2023-04-28
2023,ND,HB 1254,Healthcare restrictions |,harmful,aclu,Passed into Law,Governor signed,2023-04-19
2023,IN,HB 1608,Restricting student & educator rights,harmful,aclu,Passed into Law,Governor signed,2023-05-04
2023,MT,SB 99,Healthcare restrictions |,harmful,aclu,Passed into Law,Governor signed,2023-04-28
2023,SC,S 276,Other anti-LGBTQ bills,harmful,aclu,Advancing,Referred to committee,2023-01-10
2023,MS,SB 2076,Restricting student & educator rights,harmful,aclu,Defeated,Died in committee,2023-01-31
2023,NJ,A 328,Weakening Civil Rights Laws,harmful,aclu,Introduced,Active,2023-01-10
2023,TX,SB 162,Barriers to accurate IDs |,harmful,aclu,Defeated,Dead,2023-05-29
2023,ND,HB 1139,Barriers to accurate IDs |,harmful,aclu,Passed into Law,Governor signed,2023-04-10
2023,TX,HB 708,Free speech & expression bans |,harmful,aclu,Defeated,Dead,2023-05-29
2023,TX,HB 643,Free speech & expression bans |,harmful,aclu,Defeated,Dead,2023-05-29
2023,TN,HB 9,Free speech & expression bans |,harmful,aclu,Passed into Law,Companion bill SB 3 signed by Governor,2023-03-02
2023,TN,SB 3,Free speech & expression bans |,harmful,aclu,Passed into Law,Governor signed,2023-03-02
2023,ND,HB 1205,Free speech & expression bans |,harmful,aclu,Passed into Law,Governor signed,2023-04-25
2023,MO,SB 429,Free speech & expression bans |,harmful,aclu,Defeated,Dead,2023-05-12
2023,MO,HB 498,Free speech & expression bans |,harmful,aclu,Defeated,Dead,2023-05-12
2023,MO,HB 494,Free speech & expression bans |,harmful,aclu,Defeated,Dead,2023-05-12
2023,MT,HB 359,Free speech & expression bans |,harmful,aclu,Passed into Law,Governor signed,2023-05-22
2023,IN,SB 413,Restricting student & educator rights,harmful,aclu,Defeated,Dead,2023-04-28
2023,AZ,SB 1030,Free speech & expression bans |,harmful,aclu,Defeated,Governor vetoed,2023-06-16
2023,AR,SB 43,Free speech & expression bans |,harmful,aclu,Passed into Law,Became act,2023-02-27
2023,IN,SB 386,Restricting student & educator rights,harmful,aclu,Defeated,Dead,2023-04-28
2023,NJ,S 585,Restricting student & educator rights,harmful,aclu,Advancing,Referred to committee,2023-01-11
2023,IN,HB 1520,Public accommodation bans | Restricting student & educator rights,harmful,aclu,Defeated,Dead,2023-04-28
2023,NJ,A 1418,Restricting student & educator rights,harmful,aclu,Advancing,Referred to committee,2023-01-11
2023,MO,SB 134,Restricting student & educator rights,harmful,aclu,Defeated,Dead,2023-05-12
2023,IN,HB 1589,Healthcare restrictions |,harmful,aclu,Defeated,Dead,2023-04-28
2023,AZ,SB 1001,Restricting student & educator rights | Weakening Civil Rights Laws,harmful,aclu,Defeated,Governor vetoed,2023-05-19
2023,VA,HB 1707,Restricting student & educator rights,harmful,aclu,Defeated,Incorporated by committee into HB 2432,2023-02-03
2023,IN,HB 1569,Healthcare restrictions |,harmful,aclu,Passed into Law,Governor signed,2023-04-20
2023,IN,HB 1407,Healthcare restrictions |,harmful,aclu,Defeated,Dead,2023-04-28
2023,IN,SB 480,Healthcare restrictions |,harmful,aclu,Passed into Law,Governor signed,2023-04-05
2023,IN,HB 1525,Healthcare restrictions |,harmful,aclu,Defeated,Dead,2023-04-28
2023,VA,SB 911,Restricting student & educator rights,harmful,aclu,Defeated,Incorporated into SB 1186,2023-02-02
2023,VA,SB 962,Restricting student & educator rights,harmful,aclu,Defeated,Passed by indefinitely by committee,2023-02-02
2023,VA,HB 1399,Restricting student & educator rights,harmful,aclu,Defeated,Assigned to subcommittee,2023-01-20
2023,TX,HB 23,Restricting student & educator rights,harmful,aclu,Defeated,Dead,2023-05-29
2023,OR,SB 453,Restricting student & educator rights,harmful,aclu,Defeated,Dead,2023-06-25
2023,OR,HB 2186,Restricting student & educator rights,harmful,aclu,Defeated,Dead,2023-06-25
2023,NJ,S 589,Restricting student & educator rights,harmful,aclu,Advancing,Introduced and referred to committee,2023-01-11
2023,NJ,A 1630,Restricting student & educator rights,harmful,aclu,Advancing,Introduced and referred to committee,2023-01-11
2023,MO,SB 87,Restricting student & educator rights,harmful,aclu,Defeated,Dead,2023-05-12
2023,IN,SB 351,Barriers to accurate IDs |,harmful,aclu,Defeated,Dead,2023-04-28
2023,MS,SB 2765,Restricting student & educator rights,harmful,aclu,Defeated,Died in committee,2023-01-31
2023,IN,SB 354,Restricting student & educator rights,harmful,aclu,Defeated,Dead,2023-04-28
2023,WY,SF 111,Healthcare restrictions |,harmful,aclu,Defeated,Passed Senate; House did not consider for introduction,2023-02-24
2023,IN,HB 1232,Healthcare restrictions |,harmful,aclu,Defeated,Dead,2023-04-28
2023,IN,HB 1231,Healthcare restrictions |,harmful,aclu,Defeated,Dead,2023-04-28
2023,IN,HB 1220,Healthcare restrictions |,harmful,aclu,Defeated,Dead,2023-04-28
2023,IN,HB 1118,Healthcare restrictions |,harmful,aclu,Defeated,Dead,2023-04-28
2023,ID,S 1003,Other anti-LGBTQ bills,harmful,aclu,Defeated,Dead,2023-04-06
2023,MO,SB 258,Other anti-LGBTQ bills,harmful,aclu,Defeated,Dead,2023-05-12
2023,MO,HB 732,Other anti-LGBTQ bills,harmful,aclu,Defeated,Dead,2023-05-12
2023,TN,HB 239,Other anti-LGBTQ bills,harmful,aclu,Passed into Law,Companion bill SB 1440 signed by Governor,2023-05-17
2023,TX,SB 476,Free speech & expression bans |,harmful,aclu,Defeated,Dead,2023-05-29
2023,CT,SB 468,Restricting student & educator rights,harmful,aclu,Defeated,Dead,2023-06-07
2023,VA,HB 2170,Restricting student & educator rights,harmful,aclu,Defeated,Subcommittee recommends laying on table,2023-01-27
2023,VA,HB 1434,Restricting student & educator rights,harmful,aclu,Defeated,Subcommittee recommends laying on table,2023-01-25
2023,WY,HB 187,Restricting student & educator rights,harmful,aclu,Defeated,Did not consider for introduction,2023-01-31
2023,VA,HB 1387,Restricting student & educator rights,harmful,aclu,Defeated,Passed House; passed by indefinitely by Senate committee,2023-02-16
2023,VA,SB 1186,Restricting student & educator rights,harmful,aclu,Defeated,Passed by indefinitely by committee,2023-02-02
2023,CT,HB 6213,Restricting student & educator rights,harmful,aclu,Defeated,Dead,2023-06-07
2023,ND,HB 1473,Public accommodation bans | Restricting student & educator rights,harmful,aclu,Passed into Law,Governor signed,2023-04-25
2023,AR,HB 1156,Restricting student & educator rights,harmful,aclu,Passed into Law,Enacted,2023-03-21
2023,OR,HB 3044,Restricting student & educator rights,harmful,aclu,Defeated,Dead,2023-06-25
2023,MO,SB 497,Restricting student & educator rights,harmful,aclu,Defeated,Dead,2023-05-12
2023,MO,HB 489,Other anti-LGBTQ bills,harmful,aclu,Defeated,Dead,2023-05-12
2023,VA,HB 2432,Healthcare restrictions | Restricting student & educator rights,harmful,aclu,Defeated,Passed House; passed by indefinitely by Senate committee,2023-02-16
2023,TX,HB 436,Healthcare restrictions |,harmful,aclu,Defeated,Dead,2023-05-29
2023,OK,SB 613,Healthcare restrictions |,harmful,aclu,Passed into Law,Governor signed,2023-05-01
2023,MS,HB 576,Healthcare restrictions |,harmful,aclu,Defeated,Died in committee,2023-01-31
2023,MS,HB 456,Healthcare restrictions |,harmful,aclu,Defeated,Died in committee,2023-01-31
2023,SD,HB 1080,Healthcare restrictions |,harmful,aclu,Passed into Law,Governor signed,2023-02-13
2023,UT,SB 100,Restricting student & educator rights,harmful,aclu,Passed into Law,Governor signed,2023-02-16
2023,UT,SB 93,Barriers to accurate IDs |,harmful,aclu,Passed into Law,Governor signed,2023-03-23
2023,NE,LB 574,Healthcare restrictions |,harmful,aclu,Passed into Law,Governor signed,2023-05-22
2023,TX,HB 319,Weakening Civil Rights Laws,harmful,aclu,Defeated,Dead,2023-05-29
2023,OK,SB 404,Weakening Civil Rights Laws,harmful,aclu,Passed into Law,Governor signed,2023-05-02
2023,KY,HB 58,Weakening Civil Rights Laws,harmful,aclu,Defeated,Dead,2023-03-30
2023,TX,HB 1266,Free speech & expression bans |,harmful,aclu,Defeated,Dead,2023-05-29
2023,AZ,SB 1026,Free speech & expression bans |,harmful,aclu,Defeated,Governor vetoed,2023-06-16
2023,AZ,SB 1028,Free speech & expression bans |,harmful,aclu,Defeated,Governor vetoed,2023-06-16
2023,MO,HB 192,Restricting student & educator rights | Weakening Civil Rights Laws,harmful,aclu,Defeated,Dead,2023-05-12
2023,TX,SB 393,Restricting student & educator rights,harmful,aclu,Defeated,Dead,2023-05-29
2023,KY,HB 120,Healthcare restrictions |,harmful,aclu,Defeated,Dead,2023-03-30
2023,MO,SB 49,Healthcare restrictions |,harmful,aclu,Passed into Law,Governor signed,2023-06-07
2023,MO,SB 164,Healthcare restrictions |,harmful,aclu,Defeated,Dead,2023-05-12
2023,MO,SB 236,Healthcare restrictions |,harmful,aclu,Defeated,Dead,2023-05-12
2023,MO,HB 419,Healthcare restrictions |,harmful,aclu,Defeated,Dead,2023-05-12
2023,MO,HB 463,Healthcare restrictions |,harmful,aclu,Defeated,Dead,2023-05-12
2023,MO,HB 540,Healthcare restrictions |,harmful,aclu,Defeated,Dead,2023-05-12
2023,MS,HB 1125,Healthcare restrictions |,harmful,aclu,Passed into Law,Governor signed,2023-02-28
2023,MS,HB 1127,Healthcare restrictions |,harmful,aclu,Defeated,Died in committee,2023-01-31
2023,NJ,S 3076,Healthcare restrictions |,harmful,aclu,Introduced,Active,2023-01-10
2023,MS,SB 2864,Healthcare restrictions |,harmful,aclu,Defeated,Died in committee,2023-01-31
2024,NJ,A.775,Restricting student & educator rights | School sports bans,harmful,aclu,Introduced,,2024-01-09
2024,PA,HB 216,Restricting student & educator rights | School sports bans,harmful,aclu,Defeated,Legislative session ended,2024-11-13
2024,NJ,S.419,Other school restrictions | Restricting student & educator rights,harmful,aclu,Introduced,Referred to committee,2024-01-09
2024,NJ,A.2720,Other school restrictions | Restricting student & educator rights,harmful,aclu,Advancing,"Legislative session adjourned, carries over to 2025,",2024-12-19
2024,VA,H.B. 1229,Public accommodation bans | Restricting student & educator rights | School facilities bans | School sports bans,harmful,aclu,Defeated,Legislative session ended,2025-02-22
2024,VA,H.B. 8,Healthcare restrictions | Other healthcare barriers | Religious exemptions | Weakening Civil Rights Laws,harmful,aclu,Defeated,Legislative session ended,2025-02-22
2024,VA,S.B. 749,Restricting student & educator rights | School sports bans,harmful,aclu,Defeated,Legislative session ended,2025-02-22
2024,FL,H.B. 1425,Other anti-LGBTQ bills,harmful,aclu,Passed into Law,Governor signed,2024-04-26
2024,NJ,A.2580,Curriculum censorship | Restricting student & educator rights,harmful,aclu,Advancing,"Legislative session adjourned, carries over to 2025,",2024-12-19
2024,NJ,A.531,Curriculum censorship | Restricting student & educator rights,harmful,aclu,Introduced,,2024-01-10
2024,NJ,A.410,Other school restrictions | Restricting student & educator rights,harmful,aclu,Introduced,Referred to committee,2024-01-09
2024,NJ,S.1329,Other school restrictions | Restricting student & educator rights,harmful,aclu,Introduced,Referred to committee,2024-01-09
2024,PA,HB 138,Healthcare restrictions | Other healthcare barriers,harmful,aclu,Defeated,Legislative session ended,2024-11-13
2024,PA,HB 319,Curriculum censorship | Restricting student & educator rights,harmful,aclu,Defeated,Legislative session ended,2024-11-13
2024,PA,H.B.2157,Healthcare restrictions | Other healthcare barriers,harmful,aclu,Defeated,Legislative session ended,2024-11-13
2024,PA,H.B.2421,Healthcare age restrictions | Healthcare restrictions | Other healthcare barriers,harmful,aclu,Defeated,Legislative session ended,2024-11-13
2024,PA,H.B.2546,Other anti-LGBTQ bills,harmful,aclu,Defeated,Legislative session ended,2024-11-13
2024,OH,HB 8,Forced outing in schools | Restricting student & educator rights,harmful,aclu,Passed into Law,Governor signed,2025-01-08
2024,VA,S.B. 723,Restricting student & educator rights | School sports bans,harmful,aclu,Defeated,Legislative session ended,2025-02-22
2024,VA,S.J. 49,Re-definition of sex | Weakening Civil Rights Laws,harmful,aclu,Defeated,Stricken in committee at request of Patron,2024-02-02
2024,OH,H.B.686,Other school restrictions | Restricting student & educator rights,harmful,aclu,Defeated,Legislative session ended,2024-12-19
2024,VA,S.B. 68,Restricting student & educator rights | School sports bans,harmful,aclu,Defeated,Legislative session ended,2025-02-22
2024,VA,S.B. 671,Healthcare age restrictions | Healthcare restrictions |,harmful,aclu,Defeated,Legislative session ended,2025-02-22
2024,TN,SB 596,Religious exemptions | Weakening Civil Rights Laws,harmful,aclu,Passed into Law,Companion bill passed into law,2024-02-21
2024,VA,H.B. 670,Forced outing in schools | Other anti-LGBTQ bills | Restricting student & educator rights,harmful,aclu,Defeated,Legislative session ended,2025-02-22
2024,VA,H.B. 1120,Restricting student & educator rights | School sports bans,harmful,aclu,Defeated,Legislative session ended,2025-02-22
2024,VA,H.J. 86,Re-definition of sex | Weakening Civil Rights Laws,harmful,aclu,Defeated,Legislative session ended,2025-02-22
2024,NH,H.B.1185,Curriculum censorship | Restricting student & educator rights,harmful,aclu,Defeated,Executive Session Interim Study Report: Not Recommended for Future Legislation,2024-10-31
2024,NH,S.B.375,Restricting student & educator rights | School facilities bans | School sports bans,harmful,aclu,Defeated,Executive Session Interim Study Report: Not Recommended for Future Legislation,2024-10-31
2024,NH,HB 619,Curriculum censorship | Healthcare age restrictions | Healthcare restrictions | Restricting student & educator rights | School facilities bans | School sports bans,harmful,aclu,Passed into Law,Governor signed,2024-07-19
2024,NH,H.B.1660,Healthcare funding restrictions | Healthcare restrictions |,harmful,aclu,Defeated,"Inexpedient to legislate, veto session",2024-10-10
2024,NH,S.B.562,Other civil rights restrictions | Weakening Civil Rights Laws,harmful,aclu,Defeated,"Inexpedient to legislate, veto session",2024-10-10
2024,VA,S.B. 37,Forced outing in schools | Other anti-LGBTQ bills | Restricting student & educator rights,harmful,aclu,Defeated,Legislative session ended,2025-02-22
2024,OK,HB 1466,Healthcare age restrictions | Healthcare restrictions |,harmful,aclu,Defeated,Failed to meet House deadline,2024-02-29
2024,OK,S.B.455,Other anti-LGBTQ bills,harmful,aclu,Defeated,Failed to meet Senate deadline,2024-02-29
2024,OK,SB 887,Religious exemptions | Weakening Civil Rights Laws,harmful,aclu,Defeated,Failed to meet Senate deadline,2024-02-29
2024,OK,SB 788,Healthcare age restrictions | Healthcare restrictions |,harmful,aclu,,,
2024,OK,SB 937,Curriculum censorship | Drag bans | Free speech & expression bans | Other school restrictions | Restricting student & educator rights | School sports bans,harmful,aclu,Defeated,Failed to meet Senate deadline,2024-02-29
2024,OK,HB 1377,Healthcare age restrictions | Healthcare restrictions | Other healthcare barriers,harmful,aclu,Defeated,Failed to meet House deadline,2024-02-29
2024,OK,SB 252,Healthcare age restrictions | Healthcare restrictions |,harmful,aclu,Defeated,Failed to meet Senate deadline,2024-02-29
2024,OK,SB 787,Healthcare age restrictions | Healthcare restrictions |,harmful,aclu,Defeated,Failed to meet Senate deadline,2024-02-29
2024,OK,S.B.251,Re-definition of sex | Weakening Civil Rights Laws,harmful,aclu,Defeated,Failed to meet Senate deadline,2024-02-29
2024,OK,SB 935,Other school restrictions | Restricting student & educator rights,harmful,aclu,Defeated,Failed to meet Senate deadline,2024-02-29
2024,OK,SB 345,Healthcare age restrictions | Healthcare restrictions |,harmful,aclu,Defeated,Failed to meet Senate deadline,2024-02-29
2024,OK,SB 786,Healthcare age restrictions | Healthcare restrictions |,harmful,aclu,Defeated,Failed to meet Senate deadline,2024-02-29
2024,OK,SB 614,Healthcare age restrictions | Healthcare restrictions |,harmful,aclu,Defeated,Failed to meet Senate deadline,2024-02-29
2024,OK,HB 2736,Drag bans | Free speech & expression bans |,harmful,aclu,Defeated,Failed to meet House deadline,2024-02-29
2024,OK,HB 1780,Curriculum censorship | Restricting student & educator rights,harmful,aclu,Defeated,Failed to meet House deadline,2024-02-29
2024,OK,HB 2186,Drag bans | Free speech & expression bans |,harmful,aclu,Defeated,Failed to meet House deadline,2024-02-29
2024,OK,SB 129,Healthcare age restrictions | Healthcare restrictions | Other healthcare barriers,harmful,aclu,Defeated,Failed to meet Senate deadline,2024-02-29
2024,OK,HB 2177,Healthcare age restrictions | Healthcare restrictions | Other healthcare barriers,harmful,aclu,Defeated,Failed to meet House deadline,2024-02-29
2024,OK,SB 408,Other anti-LGBTQ bills,harmful,aclu,Defeated,Failed to meet Senate deadline,2024-02-29
2024,OK,S.B.202,Other civil rights restrictions | Re-definition of sex | Weakening Civil Rights Laws,harmful,aclu,Defeated,Failed to meet Senate deadline,2024-02-29
2024,OK,SB 932,Other school restrictions | Restricting student & educator rights,harmful,aclu,Defeated,Failed to meet Senate deadline,2024-02-29
2024,OK,SB 973,Curriculum censorship | Restricting student & educator rights,harmful,aclu,Defeated,Failed to meet Senate deadline,2024-02-29
2024,OK,HB 1781,Curriculum censorship | Restricting student & educator rights,harmful,aclu,Defeated,Failed to meet House deadline,2024-02-29
2024,OK,HB 1011,Healthcare age restrictions | Healthcare restrictions | Other healthcare barriers,harmful,aclu,Defeated,Failed to meet House deadline,2024-02-29
2024,OK,SB 789,Healthcare age restrictions | Healthcare restrictions |,harmful,aclu,Defeated,Failed to meet Senate deadline,2024-02-29
2024,OK,SB 943,Other school restrictions | Restricting student & educator rights,harmful,aclu,Defeated,Failed to meet Senate deadline,2024-02-29
2024,OK,SB 933,Drag bans | Free speech & expression bans |,harmful,aclu,Defeated,Failed to meet Senate deadline,2024-02-29
2024,OK,SB 1004,Other anti-LGBTQ bills,harmful,aclu,Defeated,Failed to meet Senate deadline,2024-02-29
2024,OK,SB 1017,Other school restrictions | Restricting student & educator rights,harmful,aclu,Defeated,Failed to meet Senate deadline,2024-02-29
2024,OK,SB 30,Curriculum censorship | Forced outing in schools | Other school restrictions | Restricting student & educator rights,harmful,aclu,Defeated,Failed to meet Senate deadline,2024-02-29
2024,OK,SB 250,Healthcare funding restrictions | Healthcare restrictions |,harmful,aclu,Defeated,Failed to meet Senate deadline,2024-02-29
2024,OK,SB 878,Healthcare age restrictions | Healthcare restrictions |,harmful,aclu,Defeated,Failed to meet Senate deadline,2024-02-29
2024,OK,SB 1007,Restricting student & educator rights | School sports bans,harmful,aclu,Defeated,Failed to meet Senate deadline,2024-02-29
2024,OK,SB 131,Curriculum censorship | Restricting student & educator rights,harmful,aclu,Defeated,Failed to meet Senate deadline,2024-02-29
2024,WI,AB 377,Restricting student & educator rights | School sports bans,harmful,aclu,Defeated,Vetoed by Governor; Assembly failed to override veto,2024-05-15
2024,MI,HB 4510,Restricting student & educator rights | School facilities bans,harmful,aclu,Introduced,Carried over,2024-01-10
2024,SC,SB 627,Healthcare age restrictions | Healthcare funding restrictions | Healthcare restrictions |,harmful,aclu,Defeated,Legislative session ended,2024-05-09
2024,KS,HB 2427,Restricting student & educator rights | School facilities bans,harmful,aclu,Defeated,Legislative session ended,2024-04-30
2024,NH,HB 396,Barriers to accurate IDs |,harmful,aclu,Defeated,Veto Sustained,2024-10-10
2024,NH,H.B.1356,Forced outing in schools | Other school restrictions | Religious exemptions | Restricting student & educator rights | Weakening Civil Rights Laws,harmful,aclu,Defeated,Inexpedient to legislate,2024-03-07
2024,NH,H.B.1312,Other anti-LGBTQ bills,harmful,aclu,Passed into Law,Governor signed,2024-07-19
2024,OK,HB 1449,Other anti-LGBTQ bills,harmful,aclu,Passed into Law,Governor signed,2024-05-31
2024,NH,H.B.1205,Restricting student & educator rights | School sports bans,harmful,aclu,Passed into Law,Governor signed,2024-07-19
2024,ID,H.567,Curriculum censorship | Restricting student & educator rights,harmful,aclu,Defeated,Legislative session ended,2024-04-10
2024,MS,S.B. 2722,Restricting student & educator rights | School facilities bans,harmful,aclu,Defeated,Died in committee,2024-03-05
2024,MS,H.B. 1521,Restricting student & educator rights | School facilities bans,harmful,aclu,Defeated,Died in committee,2024-03-05
2024,NH,S.B.524,Restricting student & educator rights | School sports bans,harmful,aclu,Defeated,Legislative session ended,2024-06-13
2024,NH,S.B.341,Forced outing in schools | Restricting student & educator rights,harmful,aclu,Defeated,Legislative session ended,2024-06-13
2024,MA,H 509,Curriculum censorship | Restricting student & educator rights,harmful,aclu,Defeated,Legislative session ended,2024-12-31
2024,SC,HB 3728,Curriculum censorship | Other school restrictions | Restricting student & educator rights,harmful,aclu,Defeated,Legislative session ended,2024-05-09
2024,LA,H.B.122,Curriculum censorship | Other school restrictions | Restricting student & educator rights,harmful,aclu,Passed into Law,Governor signed,2024-06-19
2024,LA,H.B.121,Other school restrictions | Religious exemptions | Restricting student & educator rights | Weakening Civil Rights Laws,harmful,aclu,Passed into Law,Governor signed,2024-06-19
2024,MI,H.B.5831,Other anti-LGBTQ bills,harmful,aclu,Defeated,Legislative session ended,2024-12-31
2024,DE,S.B. 191,Restricting student & educator rights | School sports bans,harmful,aclu,Defeated,Legislative session ended,2024-06-30
2024,WV,S.B.197,Drag bans | Free speech & expression bans |,harmful,aclu,Defeated,Legislative session ended,2024-03-09
2024,WV,S.B.195,Drag bans | Free speech & expression bans |,harmful,aclu,Defeated,Legislative session ended,2024-03-09
2024,AZ,S.B.1451,Healthcare restrictions | Other healthcare barriers,harmful,aclu,Defeated,Legislative session ended,2024-06-15
2024,WA,H.B. 1601,Other school restrictions | Restricting student & educator rights,harmful,aclu,Defeated,Legislative session ended,2024-03-07
2024,WV,H.B.5616,Healthcare restrictions | Other healthcare barriers,harmful,aclu,Defeated,Legislative session ended,2024-03-09
2024,WV,H.B.5615,Healthcare restrictions | Other healthcare barriers,harmful,aclu,Defeated,Legislative session ended,2024-03-09
2024,MS,H.B. 1953,Healthcare restrictions | Other healthcare barriers,harmful,aclu,Defeated,Died in committee,2024-04-16
2024,MO,H.B. 2830,Healthcare restrictions | Other healthcare barriers,harmful,aclu,Defeated,Legislative session ended,2024-05-17
2024,TN,H.B.2936,Forced outing in schools | Other anti-LGBTQ bills | Restricting student & educator rights,harmful,aclu,Passed into Law,Companion bill passed into law,2024-05-28
2024,TN,H.B.2310,Healthcare age restrictions | Healthcare restrictions | Other healthcare barriers,harmful,aclu,Passed into Law,Companion bill passed into law,2024-05-28
2024,TN,S.B.2782,Healthcare age restrictions | Healthcare restrictions | Other healthcare barriers,harmful,aclu,Passed into Law,Governor signed,2024-05-28
2024,TN,S.B.2749,Forced outing in schools | Other anti-LGBTQ bills | Restricting student & educator rights,harmful,aclu,Passed into Law,Governor signed,2024-05-28
2024,OH,HB 245,Drag bans | Free speech & expression bans |,harmful,aclu,Defeated,Legislative session ended,2024-12-19
2024,DE,S.B. 315,Healthcare age restrictions | Healthcare funding restrictions | Healthcare restrictions |,harmful,aclu,Defeated,Legislative session ended,2024-06-30
2024,LA,H.B.608,Other anti-LGBTQ bills | Re-definition of sex | Restricting student & educator rights | School facilities bans | Weakening Civil Rights Laws,harmful,aclu,Passed into Law,Governor signed,2024-06-03
2024,SC,H.B.4624,Forced outing in schools | Healthcare age restrictions | Healthcare funding restrictions | Healthcare restrictions | Restricting student & educator rights,harmful,aclu,Passed into Law,Governor signed,2024-05-21
2024,OK,S.B.1677,Religious exemptions | Weakening Civil Rights Laws,harmful,aclu,Defeated,Legislative session ended,2024-05-30
2024,MO,H.B. 2145,Restricting student & educator rights | School sports bans,harmful,aclu,Advancing,Referred to committee,2024-05-17
2024,MO,H.B. 1739,Forced outing in schools | Other school restrictions | Restricting student & educator rights,harmful,aclu,Defeated,Legislative session ended,2024-05-29
2024,MO,H.B. 1789,Other anti-LGBTQ bills,harmful,aclu,Advancing,Referred to committee,2024-05-17
2024,MO,H.B. 2885,Other school restrictions | Restricting student & educator rights,harmful,aclu,Advancing,Referred to committee,2024-05-17
2024,MO,H.B. 1523,Curriculum censorship | Forced outing in schools | Restricting student & educator rights,harmful,aclu,Advancing,Referred to committee,2024-05-17
2024,MO,H.B. 1849,Drag bans | Free speech & expression bans |,harmful,aclu,Advancing,Referred to committee,2024-05-17
2024,MO,H.B. 1405,Forced outing in schools | Other school restrictions | Religious exemptions | Restricting student & educator rights | Weakening Civil Rights Laws,harmful,aclu,Advancing,Referred to committee,2024-05-17
2024,MO,H.B. 2300,Drag bans | Free speech & expression bans |,harmful,aclu,Advancing,Referred to committee,2024-05-17
2024,MO,H.B. 1981,Restricting student & educator rights | School sports bans,harmful,aclu,Advancing,Referred to committee,2024-05-17
2024,MA,H 458,Curriculum censorship | Restricting student & educator rights,harmful,aclu,Defeated,Legislative session ended,2024-12-31
2024,WI,AB 465,Healthcare age restrictions | Healthcare restrictions |,harmful,aclu,Defeated,Vetoed by Governor; Assembly failed to override veto,2024-05-15
2024,WI,AB 510,Curriculum censorship | Other school restrictions | Restricting student & educator rights,harmful,aclu,Defeated,Vetoed by Governor; Assembly failed to override veto,2024-05-15
2024,AK,H.B. 183,Restricting student & educator rights | School sports bans,harmful,aclu,Defeated,Legislative session ended,2024-05-15
2024,TN,H.B.2619,Healthcare restrictions | Prison healthcare restrictions,harmful,aclu,Passed into Law,Companion bill passed into law,2024-04-29
2024,MS,H.B. 1647,Other anti-LGBTQ bills,harmful,aclu,Passed into Law,Became act without Governor's signature,2024-05-14
2024,AK,HB 174,Other anti-LGBTQ bills,harmful,aclu,Defeated,Legislative session ended,2024-05-15
2024,TN,H.B.2165,Forced outing in schools | Restricting student & educator rights,harmful,aclu,Passed into Law,Companion bill passed into law,2024-05-09
2024,TN,S.B.2861,Healthcare restrictions | Prison healthcare restrictions,harmful,aclu,Passed into Law,Governor signed,2024-04-29
2024,TN,S.B.1810,Forced outing in schools | Restricting student & educator rights,harmful,aclu,Passed into Law,Governor signed,2024-05-01
2024,MO,H.B. 2619,Other anti-LGBTQ bills,harmful,aclu,Defeated,Legislative session ended,2024-05-17
2024,IA,S.F.2435,Other anti-LGBTQ bills,harmful,aclu,Passed into Law,Governor signed,2024-05-09
2024,AL,S.B.92,Re-definition of sex | Weakening Civil Rights Laws,harmful,aclu,Defeated,Legislative session ended,2024-05-09
2024,TN,H.B.1634,Other school restrictions | Restricting student & educator rights,harmful,aclu,Passed into Law,Companion bill passed into law,2024-04-23
2024,TN,S.B.2766,Other school restrictions | Restricting student & educator rights,harmful,aclu,Passed into Law,Governor signed,2024-04-23
2024,MS,S.B. 2753,Other school restrictions | Public accommodation bans | Re-definition of sex | Restricting student & educator rights | School facilities bans | Weakening Civil Rights Laws,harmful,aclu,Advancing,Senate and House signed enrolled bill; Due from Governor,2024-05-13
2024,AK,H.B. 105,Curriculum censorship | Other school restrictions | Restricting student & educator rights | School facilities bans,harmful,aclu,Defeated,Legislative session ended,2024-05-15
2024,TN,H.B.1995,Other anti-LGBTQ bills,harmful,aclu,Defeated,Legislative session ended,2024-04-25
2024,TN,S.B.2780,Other anti-LGBTQ bills,harmful,aclu,Defeated,Legislative session ended,2024-04-25
2024,WV,S.B.237,Drag bans | Free speech & expression bans |,harmful,aclu,Defeated,Legislative session ended,2024-03-09
2024,WV,H.B.5240,Other anti-LGBTQ bills,harmful,aclu,Defeated,Legislative session ended,2024-03-09
2024,WA,H.B. 1214,Healthcare age restrictions | Healthcare restrictions |,harmful,aclu,Defeated,Legislative session ended,2024-03-07
2024,TN,S.B.1722,Free speech & expression bans | Other expression restrictions | Other school restrictions | Restricting student & educator rights,harmful,aclu,Defeated,Legislative session ended,2024-04-25
2024,TN,H.B.1605,Free speech & expression bans | Other expression restrictions | Other school restrictions | Restricting student & educator rights,harmful,aclu,Defeated,Legislative session ended,2024-04-25
2024,SC,H.B.4691,Forced outing in schools | Other anti-LGBTQ bills | Restricting student & educator rights,harmful,aclu,Defeated,Legislative session ended,2024-05-09
2024,OK,H.B.2546,Curriculum censorship | Restricting student & educator rights,harmful,aclu,Defeated,Failed to meet House deadline,2024-02-29
2024,NH,H.B.1441,Healthcare age restrictions | Healthcare restrictions |,harmful,aclu,Defeated,Legislative session ended,2024-06-13
2024,MS,S.B. 2813,Barriers to accurate IDs | Re-definition of sex | Weakening Civil Rights Laws,harmful,aclu,Defeated,Died In Committee,2024-03-05
2024,MO,H.B. 1518,Other civil rights restrictions | Weakening Civil Rights Laws,harmful,aclu,Defeated,Legislative session ended,2024-05-17
2024,MO,H.B. 1650,Drag bans | Free speech & expression bans |,harmful,aclu,Defeated,Legislative session ended,2024-05-17
2024,KY,S.B.208,Healthcare restrictions | Other healthcare barriers,harmful,aclu,Defeated,Legislative session ended,2024-04-15
2024,ID,H.517,Religious exemptions | Weakening Civil Rights Laws,harmful,aclu,Defeated,Legislative session ended,2024-04-10
2024,IA,H.F.2068,Other school restrictions | Restricting student & educator rights,harmful,aclu,Defeated,Legislative session ended,2024-04-20
2024,HI,H.B.291,Barriers to accurate IDs |,harmful,aclu,Defeated,Legislative session ended,2024-05-03
2024,GA,H.B.836,Restricting student & educator rights | School facilities bans,harmful,aclu,Defeated,Legislative session ended,2024-03-28
2024,GA,H.B.936,Restricting student & educator rights | School facilities bans,harmful,aclu,Defeated,Legislative session ended,2024-03-28
2024,FL,H.B. 1027,Other school restrictions | Restricting student & educator rights,harmful,aclu,Defeated,Died in subcommittee,2024-03-08
2024,FL,S.B. 1728,Other school restrictions | Restricting student & educator rights,harmful,aclu,Defeated,Died in committee,2024-03-08
2024,MO,H.B. 1520,Healthcare age restrictions | Healthcare restrictions |,harmful,aclu,Defeated,Legislative session ended,2024-05-17
2024,IL,H.B.5830,Re-definition of sex | Weakening Civil Rights Laws,harmful,aclu,Defeated,Legislative session ended,2024-05-29
2024,AL,H.B.130,Curriculum censorship | Restricting student & educator rights,harmful,aclu,Defeated,Legislative session ended,2024-05-09
2024,MN,S.F.5466,Re-definition of sex | Weakening Civil Rights Laws,harmful,aclu,Defeated,Legislative session ended,2024-05-20
2024,TN,H.B.2169,Religious exemptions | Weakening Civil Rights Laws,harmful,aclu,Advancing,Companion bill passed into law,2024-04-11
2024,MS,H.B. 1607,Re-definition of sex | Weakening Civil Rights Laws,harmful,aclu,Defeated,Died in Conference,2024-04-29
2024,MN,H.F.3926,Religious exemptions | Weakening Civil Rights Laws,harmful,aclu,Defeated,Legislative session ended,2024-05-20
2024,KS,HB 2436,Other anti-LGBTQ bills,harmful,aclu,Passed into Law,House and Senate Motion to override veto prevailed,2024-04-29
2024,KS,SB 233,Healthcare age restrictions | Healthcare restrictions |,harmful,aclu,Defeated,House Motion to override veto failed; Veto sustained,2024-04-29
2024,AK,H.B. 382,Forced outing in schools | Restricting student & educator rights | School facilities bans,harmful,aclu,Defeated,Legislative session ended,2024-05-15
2024,AZ,S.B.1182,Restricting student & educator rights | School facilities bans,harmful,aclu,Defeated,Vetoed by Governor,2024-04-23
2024,AL,H.B.111,Re-definition of sex | Weakening Civil Rights Laws,harmful,aclu,Defeated,Legislative session ended,2024-05-09
2024,WI,SB 377,Restricting student & educator rights | School sports bans,harmful,aclu,Defeated,Legislative session ended,2024-03-12
2024,WI,SB 489,Curriculum censorship | Other school restrictions | Restricting student & educator rights,harmful,aclu,Defeated,Companion bill vetoed by Governor; Assembly failed to override veto,2024-05-15
2024,WI,SB 378,Restricting student & educator rights | School sports bans,harmful,aclu,Defeated,Legislative session ended,2024-03-12
2024,TN,S.B.1738,Religious exemptions | Weakening Civil Rights Laws,harmful,aclu,Passed into Law,Signed by Governor,2024-04-11
2024,ME,LD 678,Other school restrictions | Restricting student & educator rights,harmful,aclu,Defeated,Legislative session ended,2024-04-17
2024,ME,LD 930,Restricting student & educator rights | School sports bans,harmful,aclu,Defeated,Legislative session ended,2024-04-17
2024,AZ,S.B.1628,Re-definition of sex | Weakening Civil Rights Laws,harmful,aclu,Defeated,Vetoed by Governor,2024-04-16
2024,AK,H.B. 338,Healthcare restrictions | Other healthcare barriers,harmful,aclu,Defeated,Legislative session ended,2024-05-15
2024,IA,H.F.2704,Other anti-LGBTQ bills,harmful,aclu,Passed into Law,Companion bill passed into law,2024-05-09
2024,SC,H.B.5407,Restricting student & educator rights | School facilities bans,harmful,aclu,Defeated,Legislative session ended,2024-05-09
2024,WI,SB 479,Healthcare restrictions | Other healthcare barriers,harmful,aclu,Defeated,Legislative session ended,2024-03-12
2024,WI,SB 438,Other anti-LGBTQ bills,harmful,aclu,Defeated,Legislative session ended,2024-03-12
2024,WI,SB 480,Healthcare age restrictions | Healthcare restrictions |,harmful,aclu,Defeated,Companion bill vetoed by Governor; Assembly failed to override veto,2024-05-15
2024,WI,AB 447,Other anti-LGBTQ bills,harmful,aclu,Defeated,Legislative session ended,2024-03-12
2024,WI,S.B.922,Healthcare restrictions | Other healthcare barriers,harmful,aclu,Defeated,Legislative session ended,2024-03-12
2024,WI,AB 609,Healthcare restrictions | Other healthcare barriers,harmful,aclu,Defeated,Legislative session ended,2024-03-12
2024,WI,AB 502,Healthcare age restrictions | Healthcare restrictions | Other healthcare barriers,harmful,aclu,Defeated,Legislative session ended,2024-03-12
2024,WI,AB 378,Restricting student & educator rights | School sports bans,harmful,aclu,Defeated,Legislative session ended,2024-03-12
2024,ID,H.538,Forced outing in schools | Other anti-LGBTQ bills | Other school restrictions | Restricting student & educator rights,harmful,aclu,Passed into Law,Governor signed,2024-04-08
2024,ID,H.421,Re-definition of sex | Weakening Civil Rights Laws,harmful,aclu,Passed into Law,Governor signed,2024-04-09
2024,FL,H.B. 433,Other civil rights restrictions | Weakening Civil Rights Laws,harmful,aclu,Passed into Law,Governor signed,2024-04-11
2024,TN,S.B.2350,Other anti-LGBTQ bills,harmful,aclu,Defeated,Legislative session ended,2024-04-25
2024,TN,H.B.1948,Other anti-LGBTQ bills,harmful,aclu,Defeated,Legislative session ended,2024-04-25
2024,ID,S.1352,Religious exemptions | Weakening Civil Rights Laws,harmful,aclu,Passed into Law,Governor signed,2024-03-21
2024,RI,H.B.7884,Healthcare age restrictions | Healthcare funding restrictions | Healthcare restrictions | Other healthcare barriers,harmful,aclu,Defeated,Legislative session ended,2024-06-14
2024,RI,H.B.7727,Restricting student & educator rights | School sports bans,harmful,aclu,Defeated,Legislative session ended,2024-06-14
2024,OH,HB 183,Restricting student & educator rights | School facilities bans,harmful,aclu,Defeated,Legislative session ended,2024-12-19
2024,NH,S.B.304,Healthcare restrictions | Other healthcare barriers,harmful,aclu,Defeated,Legislative session ended,2024-06-13
2024,NE,LB 575,Restricting student & educator rights | School facilities bans | School sports bans,harmful,aclu,Defeated,Legislative session ended,2024-04-18
2024,OK,H.B.3214,Religious exemptions | Weakening Civil Rights Laws,harmful,aclu,Defeated,Legislative session ended,2024-05-30
2024,MS,H.B. 585,Other anti-LGBTQ bills,harmful,aclu,Defeated,House passed; Died in Senate committee,2024-04-02
2024,IA,S.F.2095,Religious exemptions | Weakening Civil Rights Laws,harmful,aclu,Passed into Law,Governor signed,2024-04-02
2024,WY,S.F.0099,Healthcare age restrictions | Healthcare restrictions |,harmful,aclu,Passed into Law,Governor signed,2024-03-22
2024,WV,H.B.4233,Barriers to accurate IDs |,harmful,aclu,Passed into Law,Governor signed,2024-03-27
2024,UT,H.B.157,Healthcare restrictions | Other healthcare barriers,harmful,aclu,Passed into Law,Governor signed,2024-03-14
2024,UT,H.B.316,Other anti-LGBTQ bills,harmful,aclu,Passed into Law,Governor signed,2024-03-18
2024,UT,H.B.396,Religious exemptions | Weakening Civil Rights Laws,harmful,aclu,Passed into Law,Governor signed,2024-03-19
2024,UT,S.B.150,Religious exemptions | Weakening Civil Rights Laws,harmful,aclu,Passed into Law,Governor signed,2024-03-21
2024,TN,HB 1386,Other anti-LGBTQ bills,harmful,aclu,Defeated,Legislative session ended,2024-04-25
2024,TN,HB 878,Religious exemptions | Weakening Civil Rights Laws,harmful,aclu,Passed into Law,Signed by Governor,2024-02-21
2024,TN,SB 1110,Other anti-LGBTQ bills,harmful,aclu,Defeated,Legislative session ended,2024-04-25
2024,OK,H.B.3022,Other anti-LGBTQ bills,harmful,aclu,Defeated,Legislative session ended,2024-05-30
2024,NH,H.B.1664,Healthcare restrictions | Other healthcare barriers,harmful,aclu,Defeated,Legislative session ended,2024-06-13
2024,KY,S.B.239,Religious exemptions | Weakening Civil Rights Laws,harmful,aclu,Defeated,Legislative session ended,2024-04-15
2024,KY,H.B.304,Curriculum censorship | Forced outing in schools | Other school restrictions | Restricting student & educator rights,harmful,aclu,Defeated,Legislative session ended,2024-04-15
2024,KY,S.B.147,Drag bans | Free speech & expression bans |,harmful,aclu,Defeated,Legislative session ended,2024-04-15
2024,KY,H.B.47,Religious exemptions | Weakening Civil Rights Laws,harmful,aclu,Defeated,Legislative session ended,2024-04-15
2024,ID,H.578,Religious exemptions | Weakening Civil Rights Laws,harmful,aclu,Passed into Law,Governor signed,2024-03-25
2024,ID,H.668,Healthcare funding restrictions | Healthcare restrictions | Other healthcare barriers | Prison healthcare restrictions,harmful,aclu,Passed into Law,Governor signed,2024-03-27
2024,IA,S.F.2286,Religious exemptions | Weakening Civil Rights Laws,harmful,aclu,Defeated,Legislative session ended,2024-04-20
2024,GA,H.B.1170,Healthcare age restrictions | Healthcare restrictions |,harmful,aclu,Advancing,Passed House and Senate as substituted,2024-03-28
2024,AZ,S.B.1166,Forced outing in schools | Religious exemptions | Restricting student & educator rights | Weakening Civil Rights Laws,harmful,aclu,Defeated,Legislative session ended,2024-06-15
2024,AL,S.B.129,Other anti-LGBTQ bills | Other school restrictions | Restricting student & educator rights,harmful,aclu,Passed into Law,Governor signed,2024-03-20
2024,SC,S.B.1213,Restricting student & educator rights | School facilities bans,harmful,aclu,Defeated,Legislative session ended,2024-05-09
2024,MN,S.F.5144,Re-definition of sex | Weakening Civil Rights Laws,harmful,aclu,Defeated,Legislative session ended,2024-05-20
2024,MN,H.F.5128,Re-definition of sex | Weakening Civil Rights Laws,harmful,aclu,Defeated,Legislative session ended,2024-05-20
2024,GA,H.B.1104,Curriculum censorship | Restricting student & educator rights | School facilities bans | School sports bans,harmful,aclu,Defeated,Legislative session ended,2024-03-28
2024,AZ,S.B.1005,Other anti-LGBTQ bills,harmful,aclu,Defeated,Legislative session ended,2024-06-15
2024,OR,H.B.4054,Restricting student & educator rights | School sports bans,harmful,aclu,Defeated,In committee upon adjournment,2024-03-07
2024,OR,H.B.4037,Forced outing in schools | Healthcare age restrictions | Healthcare restrictions | Restricting student & educator rights,harmful,aclu,Defeated,In committee upon adjournment,2024-03-07
2024,OR,H.B.4143,Other anti-LGBTQ bills | Public accommodation bans | Restricting student & educator rights | School facilities bans | School sports bans,harmful,aclu,Defeated,In committee upon adjournment,2024-03-07
2024,IA,S.F.2263,Other anti-LGBTQ bills,harmful,aclu,Defeated,Legislative session ended,2024-04-20
2024,WY,S.F.0098,Healthcare restrictions | Other healthcare barriers,harmful,aclu,Defeated,Senate passed; House did not consider for introduction and legislative session ended,2024-03-08
2024,WY,S.F.0094,Other anti-LGBTQ bills,harmful,aclu,Defeated,Senate passed; House did not consider for introduction and legislative session ended,2024-03-08
2024,WY,S.F.0130,Other anti-LGBTQ bills | Other school restrictions | Restricting student & educator rights,harmful,aclu,Defeated,Passed Senate; House did not consider for introduction and legislative session ended,2024-03-08
2024,WY,S.F.0009,Curriculum censorship | Restricting student & educator rights,harmful,aclu,Passed into Law,Governor signed,2024-03-05
2024,WV,S.B.601,Public accommodation bans | Re-definition of sex | Weakening Civil Rights Laws,harmful,aclu,Defeated,Legislative session ended,2024-03-09
2024,TN,H.B.2816,Healthcare restrictions | Other healthcare barriers,harmful,aclu,Defeated,Legislative session ended,2024-04-25
2024,TN,S.B.2396,Healthcare restrictions | Other healthcare barriers,harmful,aclu,Defeated,Legislative session ended,2024-04-25
2024,MS,H.B. 1605,Forced outing in schools | Other school restrictions | Restricting student & educator rights,harmful,aclu,Defeated,Died in committee,2024-03-05
2024,MS,S.B. 2118,Other anti-LGBTQ bills,harmful,aclu,Defeated,Died in committee,2024-03-05
2024,MS,S.B. 2237,Religious exemptions | Weakening Civil Rights Laws,harmful,aclu,Defeated,Died in committee,2024-03-05
2024,MS,H.B. 1358,Re-definition of sex | Weakening Civil Rights Laws,harmful,aclu,Defeated,Died in committee,2024-03-05
2024,MS,S.B. 2553,Forced outing in schools | Other school restrictions | Restricting student & educator rights,harmful,aclu,Defeated,Died in committee,2024-03-05
2024,MS,H.B. 1606,Other anti-LGBTQ bills | Other school restrictions | Re-definition of sex | Restricting student & educator rights | Weakening Civil Rights Laws,harmful,aclu,Defeated,Died in committee,2024-03-05
2024,MS,S.B. 2080,Healthcare age restrictions | Healthcare restrictions |,harmful,aclu,Defeated,Died in committee,2024-03-05
2024,MS,H.B. 1069,Religious exemptions | Weakening Civil Rights Laws,harmful,aclu,Defeated,Died in committee,2024-03-05
2024,MS,S.B. 2814,Re-definition of sex | Weakening Civil Rights Laws,harmful,aclu,Defeated,Died in committee,2024-03-05
2024,MS,S.B. 2812,Re-definition of sex | Weakening Civil Rights Laws,harmful,aclu,Defeated,Died in committee,2024-03-05
2024,MS,H.B. 176,Forced outing in schools | Other school restrictions | Restricting student & educator rights,harmful,aclu,Defeated,Died in committee,2024-03-05
2024,MS,S.B. 2029,Healthcare funding restrictions | Healthcare restrictions |,harmful,aclu,Defeated,Died in committee,2024-03-05
2024,MS,H.B. 1428,Public accommodation bans | Re-definition of sex | Restricting student & educator rights | School facilities bans | Weakening Civil Rights Laws,harmful,aclu,Defeated,Died in committee,2024-03-05
2024,MS,H.B. 725,Other anti-LGBTQ bills,harmful,aclu,Defeated,Died in committee,2024-03-05
2024,MS,S.B. 2594,Other anti-LGBTQ bills,harmful,aclu,Defeated,Died in committee,2024-03-05
2024,ID,S.1362,Free speech & expression bans | Other expression restrictions | Other school restrictions | Restricting student & educator rights,harmful,aclu,Defeated,Legislative session ended,2024-04-10
2024,GA,SB 180,Religious exemptions | Weakening Civil Rights Laws,harmful,aclu,Defeated,Legislative session ended,2024-03-28
2024,MN,H.F.4503,Other school restrictions | Restricting student & educator rights,harmful,aclu,Defeated,Legislative session ended,2024-05-20
2024,MN,S.F.4616,Other school restrictions | Restricting student & educator rights,harmful,aclu,Defeated,Legislative session ended,2024-05-20
2024,UT,H.B.253,Public accommodation bans | Restricting student & educator rights | School facilities bans,harmful,aclu,Defeated,Legislative session ended,2024-03-01
2024,UT,H.B.303,Free speech & expression bans | Other expression restrictions | Other school restrictions | Restricting student & educator rights,harmful,aclu,Defeated,Legislative session ended,2024-03-01
2024,UT,H.B.224,Healthcare age restrictions | Healthcare restrictions |,harmful,aclu,Defeated,Legislative session ended,2024-03-01
2024,UT,H.B.527,Other school restrictions | Religious exemptions | Restricting student & educator rights | Weakening Civil Rights Laws,harmful,aclu,Defeated,Legislative session ended,2024-03-01
2024,RI,S.B.2423,Religious exemptions | Weakening Civil Rights Laws,harmful,aclu,Defeated,Legislative session ended,2024-06-14
2024,MO,H.B. 2309,Other anti-LGBTQ bills,harmful,aclu,Defeated,Legislative session ended,2024-05-17
2024,KY,S.B.336,Re-definition of sex | Weakening Civil Rights Laws,harmful,aclu,Defeated,Legislative session ended,2024-04-15
2024,ID,H.669,Other anti-LGBTQ bills,harmful,aclu,Defeated,Legislative session ended,2024-04-10
2024,FL,H.B. 1639,Barriers to accurate IDs |,harmful,aclu,Defeated,Died in committee,2024-03-08
2024,RI,S.B.2703,Healthcare age restrictions | Healthcare funding restrictions | Healthcare restrictions | Other healthcare barriers,harmful,aclu,Defeated,Legislative session ended,2024-06-14
2024,RI,S.B.2660,Restricting student & educator rights | School sports bans,harmful,aclu,Defeated,Legislative session ended,2024-06-14
2024,OK,S.B.1530,Re-definition of sex | Weakening Civil Rights Laws,harmful,aclu,Defeated,Legislative session ended,2024-05-30
2024,WV,H.B.5297,Healthcare age restrictions | Healthcare restrictions |,harmful,aclu,Defeated,Legislative session ended,2024-03-09
2024,MO,S.B. 980,Other anti-LGBTQ bills,harmful,aclu,Defeated,Legislative session ended,2024-05-17
2024,ID,H.520,Healthcare funding restrictions | Healthcare restrictions | Prison healthcare restrictions,harmful,aclu,Defeated,Legislative session ended,2024-04-10
2024,IA,H.F.2454,Religious exemptions | Weakening Civil Rights Laws,harmful,aclu,Passed into Law,Companion bill passed into law,2024-04-02
2024,GA,S.B.532,Curriculum censorship | Restricting student & educator rights,harmful,aclu,Defeated,Legislative session ended,2024-02-29
2024,FL,S.B. 1352,Other anti-LGBTQ bills,harmful,aclu,Passed into Law,Companion bill passed into law,2024-04-26
2024,ID,H.672,Religious exemptions | Weakening Civil Rights Laws,harmful,aclu,Defeated,Legislative session ended,2024-04-10
2024,SC,S.B.0332,Other anti-LGBTQ bills,harmful,aclu,Defeated,Legislative session ended,2024-05-09
2024,WV,S.B.870,Other anti-LGBTQ bills | Other school restrictions | Restricting student & educator rights,harmful,aclu,Defeated,Legislative session ended,2024-03-09
2024,AZ,S.C.R.1013,Forced outing in schools | Religious exemptions | Restricting student & educator rights | School facilities bans | Weakening Civil Rights Laws,harmful,aclu,Defeated,Legislative session ended,2024-06-15
2024,MO,H.B. 2569,Other anti-LGBTQ bills,harmful,aclu,Defeated,Legislative session ended,2024-05-17
2024,WV,S.B.517,Barriers to accurate IDs |,harmful,aclu,Defeated,Legislative session ended,2024-03-09
2024,WV,H.B.5656,Other anti-LGBTQ bills,harmful,aclu,Defeated,Legislative session ended,2024-03-09
2024,MO,H.B. 2567,Other anti-LGBTQ bills,harmful,aclu,Defeated,Legislative session ended,2024-05-17
2024,ID,S.1357,Other anti-LGBTQ bills,harmful,aclu,Defeated,Legislative session ended,2024-04-10
2024,OK,H.B.3120,Curriculum censorship | Forced outing in schools | Other school restrictions | Restricting student & educator rights,harmful,aclu,Defeated,Legislative session ended,2024-05-30
2024,MO,H.B. 2448,Other anti-LGBTQ bills,harmful,aclu,Defeated,Legislative session ended,2024-05-17
2024,MO,H.B. 2365,Other anti-LGBTQ bills,harmful,aclu,Defeated,Legislative session ended,2024-05-17
2024,KS,H.B.2792,Healthcare age restrictions | Healthcare restrictions |,harmful,aclu,Defeated,Legislative session ended,2024-04-30
2024,AZ,S.B.1167,Other anti-LGBTQ bills,harmful,aclu,Defeated,Legislative session ended,2024-06-15
2024,KY,H.B.652,Other school restrictions | Restricting student & educator rights,harmful,aclu,Defeated,Legislative session ended,2024-04-15
2024,MN,S.F.3848,Religious exemptions | Weakening Civil Rights Laws,harmful,aclu,Defeated,Legislative session ended,2024-05-20
2024,KS,S.B.409,Other civil rights restrictions | Weakening Civil Rights Laws,harmful,aclu,Defeated,Legislative session ended,2024-04-30
2024,WY,H.B.0061,Curriculum censorship | Other school restrictions | Restricting student & educator rights,harmful,aclu,Defeated,Failed introduction,2024-02-16
2024,WY,H.B.0136,Restricting student & educator rights | School sports bans,harmful,aclu,Defeated,Failed introduction,2024-02-16
2024,WY,H.B.0190,Curriculum censorship | Forced outing in schools | Restricting student & educator rights,harmful,aclu,Defeated,Failed introduction,2024-02-16
2024,WY,H.B.0178,Religious exemptions | Weakening Civil Rights Laws,harmful,aclu,Defeated,Failed introduction,2024-02-16
2024,NH,H.B.1419,Other school restrictions | Restricting student & educator rights,harmful,aclu,Defeated,Legislative session ended,2024-06-13
2024,KS,H.B.2791,Healthcare age restrictions | Healthcare restrictions | Other healthcare barriers,harmful,aclu,Defeated,Legislative session ended,2024-04-30
2024,GA,S.B.519,Healthcare age restrictions | Healthcare restrictions |,harmful,aclu,Defeated,Legislative session ended,2024-03-28
2024,GA,SB 88,Curriculum censorship | Other school restrictions | Restricting student & educator rights,harmful,aclu,Defeated,Legislative session ended,2024-03-28
2024,WY,H.B.0156,Healthcare restrictions | Other healthcare barriers,harmful,aclu,Defeated,Failed introduction,2024-02-16
2024,WY,H.B.0050,Re-definition of sex | Weakening Civil Rights Laws,harmful,aclu,Defeated,Failed introduction,2024-02-15
2024,WY,H.B.0063,Healthcare age restrictions | Healthcare restrictions |,harmful,aclu,Defeated,Failed introduction,2024-02-14
2024,IA,HF 290,Barriers to accurate IDs | Re-definition of sex | Weakening Civil Rights Laws,harmful,aclu,Defeated,Legislative session ended,2024-04-20
2024,MN,S.F.4017,Healthcare age restrictions | Healthcare restrictions | Other healthcare barriers | Restricting student & educator rights | School sports bans,harmful,aclu,Defeated,Legislative session ended,2024-05-20
2024,WV,S.B.515,Curriculum censorship | Forced outing in schools | Restricting student & educator rights,harmful,aclu,Defeated,Legislative session ended,2024-03-09
2024,MO,H.B. 1700,Other anti-LGBTQ bills,harmful,aclu,Defeated,Legislative session ended,2024-05-17
2024,KY,H.B.9,Other anti-LGBTQ bills,harmful,aclu,Defeated,Legislative session ended,2024-04-15
2024,ID,H.560,Other anti-LGBTQ bills,harmful,aclu,Defeated,Legislative session ended,2024-04-10
2024,WV,H.B.5243,Public accommodation bans | Re-definition of sex | Weakening Civil Rights Laws,harmful,aclu,Defeated,Legislative session ended,2024-03-09
2024,KS,S.B.512,Other anti-LGBTQ bills,harmful,aclu,Defeated,Legislative session ended,2024-04-30
2024,IA,S.S.B.3006,Religious exemptions | Weakening Civil Rights Laws,harmful,aclu,Defeated,Legislative session ended,2024-04-20
2024,IA,S.S.B.3084,Forced outing in schools | Other school restrictions | Restricting student & educator rights,harmful,aclu,Defeated,Legislative session ended,2024-04-20
2024,IA,H.S.B.649,Barriers to accurate IDs | Re-definition of sex | Weakening Civil Rights Laws,harmful,aclu,Defeated,Legislative session ended,2024-04-20
2024,IA,H.S.B.614,Religious exemptions | Weakening Civil Rights Laws,harmful,aclu,Defeated,Legislative session ended,2024-04-20
2024,TN,S.B.2747,Religious exemptions | Weakening Civil Rights Laws,harmful,aclu,Defeated,Legislative session ended,2024-04-25
2024,GA,H.B.1205,Other anti-LGBTQ bills,harmful,aclu,Defeated,Legislative session ended,2024-03-28
2024,MD,H.B.0047,Restricting student & educator rights | School sports bans,harmful,aclu,Defeated,Legislative session ended,2024-04-08
2024,VA,S.B. 153,Religious exemptions | Weakening Civil Rights Laws,harmful,aclu,Defeated,Stricken in committee at request of patron,2024-02-08
2024,SD,S.B.184,Drag bans | Free speech & expression bans |,harmful,aclu,Defeated,Legislative session ended,2024-03-26
2024,TN,SB 620,Curriculum censorship | Forced outing in schools | Other school restrictions | Restricting student & educator rights,harmful,aclu,Defeated,Legislative session ended,2024-04-25
2024,TN,S.B.2560,Other anti-LGBTQ bills,harmful,aclu,Defeated,Legislative session ended,2024-04-25
2024,NE,L.B.1330,Other anti-LGBTQ bills,harmful,aclu,Defeated,Legislative session ended,2024-04-18
2024,GA,H.B.1128,Re-definition of sex | Weakening Civil Rights Laws,harmful,aclu,Defeated,Legislative session ended,2024-03-28
2024,TN,H.B.2935,Religious exemptions | Weakening Civil Rights Laws,harmful,aclu,Defeated,Legislative session ended,2024-04-25
2024,TN,H.B.2669,Other anti-LGBTQ bills,harmful,aclu,Defeated,Legislative session ended,2024-04-25
2024,IA,H.F.2409,Other anti-LGBTQ bills,harmful,aclu,Defeated,Legislative session ended,2024-04-20
2024,IA,H.F.2389,Barriers to accurate IDs | Re-definition of sex | Weakening Civil Rights Laws,harmful,aclu,Defeated,Legislative session ended,2024-04-20
2024,WV,H.B.5484,Curriculum censorship | Restricting student & educator rights,harmful,aclu,Defeated,Legislative session ended,2024-03-09
2024,OK,H.B.3219,Barriers to accurate IDs |,harmful,aclu,Defeated,Legislative session ended,2024-05-30
2024,FL,S.B. 1780,Other civil rights restrictions | Religious exemptions | Weakening Civil Rights Laws,harmful,aclu,Defeated,Died in committee,2024-03-08
2024,OK,H.B.3135,Curriculum censorship | Other anti-LGBTQ bills | Restricting student & educator rights,harmful,aclu,Defeated,Failed to meet House deadline,2024-02-29
2024,OK,H.B.3217,Free speech & expression bans | Other expression restrictions,harmful,aclu,Defeated,Legislative session ended,2024-05-30
2024,OK,H.B.3543,Religious exemptions | Weakening Civil Rights Laws,harmful,aclu,Defeated,Failed to meet Senate deadline,2024-02-29
2024,IA,S.F.2182,Other school restrictions | Restricting student & educator rights,harmful,aclu,Defeated,Legislative session ended,2024-04-20
2024,HI,H.B.2731,Restricting student & educator rights | School sports bans,harmful,aclu,Defeated,Legislative session ended,2024-05-03
2024,HI,H.B.1715,Forced outing in schools | Restricting student & educator rights,harmful,aclu,Defeated,Legislative session ended,2024-05-03
2024,WV,H.B.5442,Other school restrictions | Re-definition of sex | Restricting student & educator rights | Weakening Civil Rights Laws,harmful,aclu,Defeated,Legislative session ended,2024-03-09
2024,FL,S.B. 1120,Free speech & expression bans | Other expression restrictions,harmful,aclu,Defeated,Died in committee,2024-03-08
2024,GA,S.B.438,Restricting student & educator rights | School facilities bans | School sports bans,harmful,aclu,Defeated,Legislative session ended,2024-03-28
2024,MO,H.B. 1519,Healthcare restrictions | Other healthcare barriers | Religious exemptions | Weakening Civil Rights Laws,harmful,aclu,Defeated,Legislative session ended,2024-05-17
2024,MO,H.B. 2355,Forced outing in schools | Restricting student & educator rights | School facilities bans,harmful,aclu,Defeated,Legislative session ended,2024-05-17
2024,MO,H.B. 2357,Forced outing in schools | Restricting student & educator rights | School facilities bans,harmful,aclu,Defeated,Legislative session ended,2024-05-17
2024,HI,H.B.2708,Restricting student & educator rights | School sports bans,harmful,aclu,Defeated,Legislative session ended,2024-05-03
2024,IL,H.B.4531,Re-definition of sex | Weakening Civil Rights Laws,harmful,aclu,Defeated,Legislative session ended,2024-05-29
2024,TN,HB 30,Drag bans | Free speech & expression bans |,harmful,aclu,Defeated,Legislative session ended,2024-04-25
2024,SC,S.B.0975,Religious exemptions | Weakening Civil Rights Laws,harmful,aclu,Defeated,Legislative session ended,2024-05-09
2024,NH,H.B.1011,Healthcare age restrictions | Healthcare restrictions |,harmful,aclu,Introduced,Inexpedient to Legislate: MA VV 02/01/2024 HJ 3,2024-02-01
2024,UT,H.B.257,Other anti-LGBTQ bills | Public accommodation bans | Re-definition of sex | Restricting student & educator rights | School facilities bans | Weakening Civil Rights Laws,harmful,aclu,Passed into Law,Governor signed,2024-01-30
2024,AZ,S.B.1337,Other anti-LGBTQ bills,harmful,aclu,Defeated,Legislative session ended,2024-06-15
2024,OH,HB 68,Healthcare age restrictions | Healthcare restrictions |,harmful,aclu,Passed into Law,House and Senate override of Governor veto,2024-01-24
2024,KY,H.B.452,Other anti-LGBTQ bills,harmful,aclu,Defeated,Legislative session ended,2024-04-15
2024,NM,H.B. 296,Forced outing in schools | Other school restrictions | Restricting student & educator rights,harmful,aclu,Defeated,Legislative session ended,2024-02-15
2024,KY,H.B.402,Drag bans | Free speech & expression bans |,harmful,aclu,Defeated,Legislative session ended,2024-04-15
2024,UT,H.B.261,Other anti-LGBTQ bills,harmful,aclu,Passed into Law,Governor signed,2024-01-30
2024,IA,S.F.2129,Religious exemptions | Weakening Civil Rights Laws,harmful,aclu,Defeated,Legislative session ended,2024-04-20
2024,GA,H.B.1045,Curriculum censorship | Forced outing in schools | Restricting student & educator rights,harmful,aclu,Defeated,Legislative session ended,2024-03-28
2024,IL,H.B.4302,Healthcare restrictions | Other healthcare barriers,harmful,aclu,Defeated,Legislative session ended,2024-05-29
2024,WV,H.B.5041,Other anti-LGBTQ bills,harmful,aclu,Defeated,Legislative session ended,2024-03-09
2024,IN,H.B.1266,Religious exemptions | Weakening Civil Rights Laws,harmful,aclu,Defeated,Legislative session ended,2024-03-08
2024,MO,S.B. 1256,Forced outing in schools | Other school restrictions | Religious exemptions | Restricting student & educator rights | Weakening Civil Rights Laws,harmful,aclu,Defeated,Legislative session ended,2024-05-17
2024,MO,S.B. 1234,Other anti-LGBTQ bills,harmful,aclu,Defeated,Legislative session ended,2024-05-17
2024,MO,S.B. 974,Restricting student & educator rights | School facilities bans,harmful,aclu,Defeated,Legislative session ended,2024-05-17
2024,MO,S.B. 1187,Drag bans | Free speech & expression bans |,harmful,aclu,Defeated,Legislative session ended,2024-05-17
2024,MO,S.B. 1185,Healthcare age restrictions | Healthcare restrictions |,harmful,aclu,Defeated,Legislative session ended,2024-05-17
2024,MO,S.B. 1314,Other anti-LGBTQ bills,harmful,aclu,Defeated,Legislative session ended,2024-05-17
2024,MO,S.B. 1246,Restricting student & educator rights | School sports bans,harmful,aclu,Defeated,Legislative session ended,2024-05-17
2024,MO,S.B. 1274,Restricting student & educator rights | School facilities bans,harmful,aclu,Defeated,Legislative session ended,2024-05-17
2024,MO,S.B. 1024,Curriculum censorship | Restricting student & educator rights,harmful,aclu,Defeated,Legislative session ended,2024-05-17
2024,WV,H.B.4806,Restricting student & educator rights | School facilities bans,harmful,aclu,Defeated,Legislative session ended,2024-03-09
2024,OK,S.B.1883,Religious exemptions | Weakening Civil Rights Laws,harmful,aclu,Defeated,Failed to meet Senate deadline,2024-02-29
2024,OK,S.B.1880,Other school restrictions | Restricting student & educator rights,harmful,aclu,Defeated,Failed to meet Senate deadline,2024-02-29
2024,OK,S.B.1731,Re-definition of sex | Weakening Civil Rights Laws,harmful,aclu,Defeated,Failed to meet Senate deadline,2024-02-29
2024,MO,H.B. 1674,Other anti-LGBTQ bills,harmful,aclu,Defeated,Legislative session ended,2024-05-17
2024,MO,H.B. 2308,Other anti-LGBTQ bills | Restricting student & educator rights | School facilities bans,harmful,aclu,Defeated,Legislative session ended,2024-05-17
2024,IN,S.B.0193,Religious exemptions | Weakening Civil Rights Laws,harmful,aclu,Defeated,Legislative session ended,2024-03-08
2024,IA,S.S.B.3094,Other anti-LGBTQ bills,harmful,aclu,Defeated,Legislative session ended,2024-04-20
2024,IA,H.F.2082,Other civil rights restrictions | Weakening Civil Rights Laws,harmful,aclu,Defeated,Legislative session ended,2024-04-20
2024,AZ,H.B.2657,Curriculum censorship | Forced outing in schools | Other anti-LGBTQ bills | Restricting student & educator rights,harmful,aclu,Defeated,Legislative session ended,2024-06-15
2024,AZ,H.B.2655,Other school restrictions | Restricting student & educator rights,harmful,aclu,Defeated,Legislative session ended,2024-06-15
2024,OK,S.B.1891,Barriers to accurate IDs |,harmful,aclu,Defeated,Failed to meet Senate deadline,2024-02-29
2024,OK,S.B.1563,Curriculum censorship | Forced outing in schools | Other school restrictions | Restricting student & educator rights,harmful,aclu,Defeated,Failed to meet Senate deadline,2024-02-29
2024,OK,S.B.1777,Healthcare funding restrictions | Healthcare restrictions |,harmful,aclu,Defeated,Failed to meet Senate deadline,2024-02-29
2024,OK,S.B.1981,Curriculum censorship | Restricting student & educator rights,harmful,aclu,Defeated,Failed to meet Senate deadline,2024-02-29
2024,OK,S.B.1730,Healthcare restrictions | Other healthcare barriers,harmful,aclu,Defeated,Failed to meet Senate deadline,2024-02-29
2024,WV,H.B.4898,Religious exemptions | Weakening Civil Rights Laws,harmful,aclu,Defeated,Legislative session ended,2024-03-09
2024,KY,H.B.390,Re-definition of sex | Weakening Civil Rights Laws,harmful,aclu,Defeated,Legislative session ended,2024-04-15
2024,WV,S.B.560,Religious exemptions | Weakening Civil Rights Laws,harmful,aclu,Defeated,Legislative session ended,2024-03-09
2024,WV,H.B.5184,Other anti-LGBTQ bills,harmful,aclu,Defeated,Legislative session ended,2024-03-09
2024,WV,H.B.5187,Healthcare age restrictions | Healthcare restrictions |,harmful,aclu,Defeated,Legislative session ended,2024-03-09
2024,KY,H.B.358,Barriers to accurate IDs |,harmful,aclu,Defeated,Legislative session ended,2024-04-15
2024,OK,S.B.1831,Re-definition of sex | Weakening Civil Rights Laws,harmful,aclu,Defeated,Failed to meet Senate deadline,2024-02-29
2024,NM,H.B. 205,Other civil rights restrictions | Weakening Civil Rights Laws,harmful,aclu,Defeated,Legislative session ended,2024-02-15
2024,ID,H.419,Healthcare funding restrictions | Healthcare restrictions |,harmful,aclu,Defeated,Legislative session ended,2024-04-10
2024,HI,H.B.1740,Restricting student & educator rights | School sports bans,harmful,aclu,Defeated,Legislative session ended,2024-05-03
2024,MD,S.B.0381,Restricting student & educator rights | School sports bans,harmful,aclu,Defeated,Legislative session ended,2024-04-08
2024,MO,S.B. 728,Forced outing in schools | Other school restrictions | Restricting student & educator rights,harmful,aclu,Defeated,Legislative session ended,2024-05-17
2024,IA,S.F.2055,Public accommodation bans,harmful,aclu,Defeated,Legislative session ended,2024-04-20
2024,AZ,H.B.2391,Re-definition of sex | Weakening Civil Rights Laws,harmful,aclu,Defeated,Legislative session ended,2024-06-15
2024,IL,H.B.4122,Other civil rights restrictions | Weakening Civil Rights Laws,harmful,aclu,Defeated,Legislative session ended,2024-05-29
2024,FL,H.B. 901,Free speech & expression bans | Other expression restrictions,harmful,aclu,Defeated,Died in committee,2024-03-08
2024,SC,H.B.4663,Other anti-LGBTQ bills,harmful,aclu,Defeated,Legislative session ended,2024-05-09
2024,WV,H.B.5036,Other anti-LGBTQ bills,harmful,aclu,Defeated,Legislative session ended,2024-03-09
2024,KY,H.B.49,Religious exemptions | Weakening Civil Rights Laws,harmful,aclu,Defeated,Legislative session ended,2024-04-15
2024,FL,H.B. 1233,Barriers to accurate IDs | Other anti-LGBTQ bills | Re-definition of sex | Weakening Civil Rights Laws,harmful,aclu,Defeated,Died in committee,2024-03-08
2024,FL,H.B. 1663,Other anti-LGBTQ bills,harmful,aclu,Defeated,Died in subcommittee,2024-03-08
2024,OK,S.B.1303,Other anti-LGBTQ bills,harmful,aclu,Defeated,Failed to meet Senate deadline,2024-02-29
2024,WV,H.B.4923,Healthcare age restrictions | Healthcare restrictions | Other healthcare barriers,harmful,aclu,Defeated,Legislative session ended,2024-03-09
2024,WV,H.B.4922,Healthcare age restrictions | Healthcare restrictions |,harmful,aclu,Defeated,Legislative session ended,2024-03-09
2024,WV,H.B.4857,Healthcare age restrictions | Healthcare funding restrictions | Healthcare restrictions |,harmful,aclu,Defeated,Legislative session ended,2024-03-09
2024,WV,H.B.4884,Religious exemptions | Weakening Civil Rights Laws,harmful,aclu,Defeated,Legislative session ended,2024-03-09
2024,KS,S.B.353,Healthcare age restrictions | Healthcare restrictions |,harmful,aclu,Defeated,Legislative session ended,2024-04-30
2024,SC,S.B.0743,Curriculum censorship | Forced outing in schools | Other school restrictions | Restricting student & educator rights,harmful,aclu,Defeated,Legislative session ended,2024-05-09
2024,NJ,A.670,Curriculum censorship | Restricting student & educator rights,harmful,aclu,Introduced,,2024-01-10
2024,KY,S.B.93,Other school restrictions | Restricting student & educator rights,harmful,aclu,Defeated,Legislative session ended,2024-04-15
2024,WA,S.B. 6026,Forced outing in schools | Religious exemptions | Restricting student & educator rights | Weakening Civil Rights Laws,harmful,aclu,Defeated,Legislative session ended,2024-03-07
2024,IN,S.B.0028,Other anti-LGBTQ bills,harmful,aclu,Defeated,Legislative session ended,2024-03-08
2024,RI,S.B.2081,Religious exemptions | Weakening Civil Rights Laws,harmful,aclu,Defeated,Legislative session ended,2024-06-14
2024,IL,H.B.4096,Healthcare age restrictions | Healthcare restrictions | Other healthcare barriers,harmful,aclu,Defeated,Legislative session ended,2024-05-29
2024,WA,HB 1233,Other anti-LGBTQ bills,harmful,aclu,Defeated,Legislative session ended,2024-03-07
2024,WA,SB 5653,Curriculum censorship | Forced outing in schools | Restricting student & educator rights,harmful,aclu,Defeated,Legislative session ended,2024-03-07
2024,PR,PS 1345,Religious exemptions | Weakening Civil Rights Laws,harmful,aclu,Introduced,Carried over,2024-01-08
2024,PR,PC 1887,Religious exemptions | Weakening Civil Rights Laws,harmful,aclu,Defeated,Legislative session ended,2024-11-19
2024,FL,H.B. 599,Other anti-LGBTQ bills | Religious exemptions | Weakening Civil Rights Laws,harmful,aclu,Defeated,Died in subcommittee,2024-03-08
2024,FL,S.B. 1722,Other anti-LGBTQ bills,harmful,aclu,Defeated,Died in committee,2024-03-08
2024,FL,S.B. 1382,Other anti-LGBTQ bills | Religious exemptions | Weakening Civil Rights Laws,harmful,aclu,Defeated,Died in committee,2024-03-08
2024,IN,H.B.1406,Other anti-LGBTQ bills,harmful,aclu,Defeated,Legislative session ended,2024-03-08
2024,IN,H.B.1291,Barriers to accurate IDs | Re-definition of sex | Weakening Civil Rights Laws,harmful,aclu,Defeated,Legislative session ended,2024-03-08
2024,MO,S.B. 868,Forced outing in schools | Other school restrictions | Religious exemptions | Restricting student & educator rights | Weakening Civil Rights Laws,harmful,aclu,Defeated,Legislative session ended,2024-05-17
2024,MO,S.B. 726,Healthcare age restrictions | Healthcare restrictions |,harmful,aclu,Defeated,Legislative session ended,2024-05-17
2024,MO,S.B. 776,Healthcare age restrictions | Healthcare restrictions |,harmful,aclu,Defeated,Legislative session ended,2024-05-17
2024,MO,S.B. 770,Curriculum censorship | Restricting student & educator rights | School sports bans,harmful,aclu,Defeated,Legislative session ended,2024-05-17
2024,NJ,S.1331,Restricting student & educator rights | School sports bans,harmful,aclu,Introduced,Pre-filed and referred to committee,2024-01-09
2024,WV,H.B.4387,Other anti-LGBTQ bills,harmful,aclu,Defeated,Legislative session ended,2024-03-09
2024,WV,H.B.4579,Other school restrictions | Restricting student & educator rights,harmful,aclu,Defeated,Legislative session ended,2024-03-09
2024,WV,S.B.194,Healthcare age restrictions | Healthcare funding restrictions | Healthcare restrictions |,harmful,aclu,Defeated,Legislative session ended,2024-03-09
2024,WV,H.B.4357,Healthcare age restrictions | Healthcare restrictions |,harmful,aclu,Defeated,Legislative session ended,2024-03-09
2024,WV,H.B.4421,Drag bans | Free speech & expression bans |,harmful,aclu,Defeated,Legislative session ended,2024-03-09
2024,WV,S.B.224,Drag bans | Free speech & expression bans |,harmful,aclu,Defeated,Legislative session ended,2024-03-09
2024,WA,H.B. 2241,Healthcare age restrictions | Healthcare restrictions |,harmful,aclu,Defeated,Legislative session ended,2024-03-07
2024,VT,H 183,Religious exemptions | Weakening Civil Rights Laws,harmful,aclu,Defeated,Legislative session ended,2024-05-10
2024,VT,H 513,Restricting student & educator rights | School sports bans,harmful,aclu,Defeated,Legislative session ended,2024-05-10
2024,TN,HB 1411,Other school restrictions | Restricting student & educator rights,harmful,aclu,Defeated,Legislative session ended,2024-04-25
2024,TN,SB 5,Healthcare age restrictions | Healthcare restrictions |,harmful,aclu,Defeated,Legislative session ended,2024-04-25
2024,TN,HB 571,Other anti-LGBTQ bills,harmful,aclu,Defeated,Legislative session ended,2024-04-25
2024,TN,HB 1447,Healthcare age restrictions | Healthcare restrictions |,harmful,aclu,Defeated,Legislative session ended,2024-04-25
2024,TN,HB 1414,Curriculum censorship | Forced outing in schools | Other school restrictions | Restricting student & educator rights,harmful,aclu,Defeated,Legislative session ended,2024-04-25
2024,TN,HB 1378,Healthcare age restrictions | Healthcare restrictions |,harmful,aclu,Defeated,Legislative session ended,2024-04-25
2024,TN,SB 1469,Healthcare age restrictions | Healthcare restrictions |,harmful,aclu,Defeated,Legislative session ended,2024-04-25
2024,TN,SB 841,Drag bans | Free speech & expression bans |,harmful,aclu,Defeated,Legislative session ended,2024-04-25
2024,TN,SB 603,Other anti-LGBTQ bills,harmful,aclu,Defeated,Legislative session ended,2024-04-25
2024,TN,SB 1117,Other school restrictions | Restricting student & educator rights,harmful,aclu,Defeated,Legislative session ended,2024-04-25
2024,SC,HB 3485,Forced outing in schools | Other school restrictions | Restricting student & educator rights,harmful,aclu,Defeated,Legislative session ended,2024-05-09
2024,SC,SB 364,Barriers to accurate IDs |,harmful,aclu,Defeated,Legislative session ended,2024-05-09
2024,SC,HB 3551,Forced outing in schools | Healthcare age restrictions | Healthcare restrictions | Restricting student & educator rights,harmful,aclu,Defeated,Legislative session ended,2024-05-09
2024,SC,SB 274,Forced outing in schools | Healthcare age restrictions | Healthcare funding restrictions | Healthcare restrictions | Other school restrictions | Restricting student & educator rights,harmful,aclu,Defeated,Legislative session ended,2024-05-09
2024,SC,SB 243,Healthcare age restrictions | Healthcare restrictions |,harmful,aclu,Defeated,Legislative session ended,2024-05-09
2024,SC,HB 3466,Other school restrictions | Restricting student & educator rights,harmful,aclu,Defeated,Legislative session ended,2024-05-09
2024,SC,HB 3304,Other school restrictions | Restricting student & educator rights,harmful,aclu,Defeated,Legislative session ended,2024-05-09
2024,SC,S.J.R.0276,Re-definition of sex | Weakening Civil Rights Laws,harmful,aclu,Defeated,Legislative session ended,2024-05-09
2024,SC,HB 3616,Drag bans | Free speech & expression bans |,harmful,aclu,Defeated,Legislative session ended,2024-05-09
2024,SC,HB 3611,Religious exemptions | Weakening Civil Rights Laws,harmful,aclu,Defeated,Legislative session ended,2024-05-09
2024,SC,SB 424,Curriculum censorship | Other anti-LGBTQ bills | Other school restrictions | Restricting student & educator rights,harmful,aclu,Defeated,Legislative session ended,2024-05-09
2024,SC,H.B.4535,Public accommodation bans | Restricting student & educator rights | School facilities bans,harmful,aclu,Defeated,Legislative session ended,2024-05-09
2024,SC,HB 3197,Forced outing in schools | Other school restrictions | Restricting student & educator rights,harmful,aclu,Defeated,Legislative session ended,2024-05-09
2024,SC,SB 234,Forced outing in schools | Restricting student & educator rights,harmful,aclu,Defeated,Legislative session ended,2024-05-09
2024,SC,HB 3801,Religious exemptions | Weakening Civil Rights Laws,harmful,aclu,Defeated,Legislative session ended,2024-05-09
2024,SC,HB 3827,Curriculum censorship | Forced outing in schools | Other school restrictions | Restricting student & educator rights,harmful,aclu,Defeated,Legislative session ended,2024-05-09
2024,SC,SB 585,Drag bans | Free speech & expression bans |,harmful,aclu,Defeated,Legislative session ended,2024-05-09
2024,SC,SB 623,Barriers to accurate IDs |,harmful,aclu,Defeated,Legislative session ended,2024-05-09
2024,SC,S.J.R.0624,Re-definition of sex | Weakening Civil Rights Laws,harmful,aclu,Defeated,Legislative session ended,2024-05-09
2024,SC,H.B.4619,Healthcare age restrictions | Healthcare funding restrictions | Healthcare restrictions | Other healthcare barriers,harmful,aclu,Defeated,Legislative session ended,2024-05-09
2024,SC,H.B.4707,Curriculum censorship | Other school restrictions | Restricting student & educator rights,harmful,aclu,Defeated,Legislative session ended,2024-05-09
2024,SC,H.B.4538,Restricting student & educator rights | School facilities bans,harmful,aclu,Defeated,Legislative session ended,2024-05-09
2024,OH,HB 6,Restricting student & educator rights | School sports bans,harmful,aclu,Defeated,Legislative session ended,2024-12-19
2024,OH,HB 151,Other anti-LGBTQ bills,harmful,aclu,Defeated,Legislative session ended,2024-12-19
2024,OH,SB 83,Other anti-LGBTQ bills,harmful,aclu,Defeated,Legislative session ended,2024-12-19
2024,NE,LB 371,Drag bans | Free speech & expression bans |,harmful,aclu,Defeated,Legislative session ended,2024-04-18
2024,NE,LB 810,Religious exemptions | Weakening Civil Rights Laws,harmful,aclu,Defeated,Legislative session ended,2024-04-18
2024,MI,H.J.R.E.,Other anti-LGBTQ bills,harmful,aclu,Introduced,Carried over,2024-01-10
2024,MI,HB 4539,Healthcare age restrictions | Healthcare restrictions |,harmful,aclu,Introduced,Carried over,2024-01-10
2024,MI,HB 4075,Religious exemptions | Weakening Civil Rights Laws,harmful,aclu,Introduced,Carried over,2024-01-10
2024,MI,HB 4195,Restricting student & educator rights | School facilities bans,harmful,aclu,Introduced,Carried over,2024-01-10
2024,MI,HB 4257,Healthcare age restrictions | Healthcare restrictions |,harmful,aclu,Introduced,Carried over,2024-01-10
2024,MI,HB 4345,Religious exemptions | Weakening Civil Rights Laws,harmful,aclu,Introduced,Carried over,2024-01-10
2024,MI,HB 4540,Healthcare age restrictions | Healthcare restrictions |,harmful,aclu,Introduced,Carried over,2024-01-10
2024,MI,HB 4546,Restricting student & educator rights | School sports bans,harmful,aclu,Introduced,Carried over,2024-01-10
2024,KS,SB 255,Restricting student & educator rights | School facilities bans,harmful,aclu,Defeated,Legislative session ended,2024-04-30
2024,KS,HB 2263,Healthcare age restrictions | Healthcare restrictions |,harmful,aclu,Defeated,Legislative session ended,2024-04-30
2024,KS,SB 149,Drag bans | Free speech & expression bans |,harmful,aclu,Defeated,Legislative session ended,2024-04-30
2024,KS,SB 201,Drag bans | Free speech & expression bans |,harmful,aclu,Defeated,Legislative session ended,2024-04-30
2024,KS,SB 207,Other school restrictions | Religious exemptions | Restricting student & educator rights | Weakening Civil Rights Laws,harmful,aclu,Defeated,Legislative session ended,2024-04-30
2024,KS,HB 2404,Other anti-LGBTQ bills,harmful,aclu,Defeated,Legislative session ended,2024-04-30
2024,KS,SB 12,Healthcare age restrictions | Healthcare restrictions |,harmful,aclu,Defeated,Legislative session ended,2024-04-30
2024,KS,SB 224,Other anti-LGBTQ bills,harmful,aclu,Defeated,Legislative session ended,2024-04-20
2024,IA,SF 110,Healthcare funding restrictions | Healthcare restrictions | Other healthcare barriers,harmful,aclu,Defeated,Legislative session ended,2024-04-20
2024,IA,SF 83,Curriculum censorship | Restricting student & educator rights,harmful,aclu,Defeated,Legislative session ended,2024-04-20
2024,IA,SF 129,Forced outing in schools | Healthcare age restrictions | Healthcare restrictions | Other anti-LGBTQ bills | Restricting student & educator rights,harmful,aclu,Defeated,Legislative session ended,2024-04-20
2024,IA,SF 159,Forced outing in schools | Restricting student & educator rights,harmful,aclu,Defeated,Legislative session ended,2024-04-20
2024,IA,HF 229,Religious exemptions | Weakening Civil Rights Laws,harmful,aclu,Defeated,Legislative session ended,2024-04-20
2024,IA,HF 325,Other civil rights restrictions | Public accommodation bans | Weakening Civil Rights Laws,harmful,aclu,Defeated,Legislative session ended,2024-04-20
2024,IA,SF 348,Drag bans | Free speech & expression bans |,harmful,aclu,Defeated,Legislative session ended,2024-04-20
2024,IA,SF 212,Religious exemptions | Weakening Civil Rights Laws,harmful,aclu,Defeated,Legislative session ended,2024-04-20
2024,IA,HF 508,Other anti-LGBTQ bills | Religious exemptions | Weakening Civil Rights Laws,harmful,aclu,Defeated,Legislative session ended,2024-04-20
2024,IA,HF 482,Restricting student & educator rights | School facilities bans,harmful,aclu,Defeated,Legislative session ended,2024-04-20
2024,IA,HF 9,Forced outing in schools | Restricting student & educator rights,harmful,aclu,Defeated,Legislative session ended,2024-04-20
2024,IA,HF 190,Other civil rights restrictions | Weakening Civil Rights Laws,harmful,aclu,Defeated,Legislative session ended,2024-04-20
2024,IA,HSB 222,Curriculum censorship | Forced outing in schools | Other school restrictions | Restricting student & educator rights,harmful,aclu,Defeated,Legislative session ended,2024-04-20
2024,IA,HF 8,Curriculum censorship | Restricting student & educator rights,harmful,aclu,Defeated,Legislative session ended,2024-04-20
2024,IA,HF 348,Curriculum censorship | Restricting student & educator rights,harmful,aclu,Defeated,Legislative session ended,2024-04-20
2024,IA,HF 616,Other anti-LGBTQ bills,harmful,aclu,Defeated,Legislative session ended,2024-04-20
2024,IA,HF 180,Forced outing in schools | Other school restrictions | Restricting student & educator rights,harmful,aclu,Defeated,Legislative session ended,2024-04-20
2024,IA,SF 297,Religious exemptions | Weakening Civil Rights Laws,harmful,aclu,Defeated,Legislative session ended,2024-04-20
2024,GA,SB 141,Forced outing in schools | Healthcare age restrictions | Healthcare restrictions | Restricting student & educator rights,harmful,aclu,Defeated,Legislative session ended,2024-03-28
2024,GA,HB 653,Forced outing in schools | Healthcare age restrictions | Healthcare restrictions | Restricting student & educator rights,harmful,aclu,Defeated,Legislative session ended,2024-03-28
2024,AK,HB 27,Restricting student & educator rights | School sports bans,harmful,aclu,Defeated,Legislative session ended,2024-05-15
2024,AK,SB 96,Curriculum censorship | Other school restrictions | Restricting student & educator rights | School facilities bans,harmful,aclu,Defeated,Legislative session ended,2024-05-15
2024,IL,H.B.4355,Healthcare restrictions | Other healthcare barriers,harmful,aclu,Defeated,Legislative session ended,2024-05-29
2024,HI,HB 508,Restricting student & educator rights | School sports bans,harmful,aclu,Defeated,Legislative session ended,2024-05-03
2024,HI,HB 509,Curriculum censorship | Restricting student & educator rights,harmful,aclu,Defeated,Legislative session ended,2024-05-03
2024,HI,SB 1429,Restricting student & educator rights | School sports bans,harmful,aclu,Defeated,Legislative session ended,2024-05-03
2024,HI,SB 1428,Curriculum censorship | Forced outing in schools | Restricting student & educator rights,harmful,aclu,Defeated,Legislative session ended,2024-05-03
2024,HI,HB 891,Healthcare age restrictions | Healthcare restrictions |,harmful,aclu,Defeated,Legislative session ended,2024-05-03
2024,MN,SF 934,Restricting student & educator rights | School facilities bans | School sports bans,harmful,aclu,Defeated,Legislative session ended,2024-05-20
2024,MN,HF 3022,Curriculum censorship | Forced outing in schools | Restricting student & educator rights,harmful,aclu,Defeated,Legislative session ended,2024-05-20
2024,MN,SF 3272,Healthcare age restrictions | Healthcare restrictions |,harmful,aclu,Defeated,Legislative session ended,2024-05-20
2024,MN,HF 551,Restricting student & educator rights | School sports bans,harmful,aclu,Defeated,Legislative session ended,2024-05-20
2024,MN,SF 724,Restricting student & educator rights | School sports bans,harmful,aclu,Defeated,Legislative session ended,2024-05-20
2024,MN,HF 1086,Restricting student & educator rights | School sports bans,harmful,aclu,Defeated,Legislative session ended,2024-05-20
2024,MN,SF 933,Drag bans | Free speech & expression bans |,harmful,aclu,Defeated,Legislative session ended,2024-05-20
2024,MN,HF 1903,Drag bans | Free speech & expression bans |,harmful,aclu,Defeated,Legislative session ended,2024-05-20
2024,MN,HF 3264,Healthcare age restrictions | Healthcare restrictions |,harmful,aclu,Defeated,Legislative session ended,2024-05-20
2024,MN,SF 3280,Healthcare age restrictions | Healthcare restrictions |,harmful,aclu,Defeated,Legislative session ended,2024-05-20
2024,NC,H 43,Healthcare age restrictions | Healthcare restrictions |,harmful,aclu,Defeated,Legislative session ended,2024-12-13
2024,NC,S 560,Healthcare age restrictions | Healthcare restrictions |,harmful,aclu,Defeated,Legislative session ended,2024-12-13
2024,NC,S 641,Religious exemptions | Weakening Civil Rights Laws,harmful,aclu,Defeated,Legislative session ended,2024-12-13
2024,NC,H 786,Forced outing in schools | Healthcare age restrictions | Healthcare funding restrictions | Healthcare restrictions | Restricting student & educator rights,harmful,aclu,Defeated,Legislative session ended,2024-12-13
2024,NC,H 819,Religious exemptions | Weakening Civil Rights Laws,harmful,aclu,Defeated,Legislative session ended,2024-12-13
2024,NC,S 636,Restricting student & educator rights | School sports bans,harmful,aclu,Defeated,Legislative session ended,2024-12-13
2025,WV,H.B.2795,Healthcare restrictions | Other anti-LGBTQ bills | Other healthcare barriers | Other school restrictions | Public accommodation bans | Restricting student & educator rights,harmful,aclu,Advancing,"Legislative session adjourned, carries over to 2026",2025-04-12
2025,TN,H.B.1271,Re-definition of sex | Weakening Civil Rights Laws,harmful,aclu,Advancing,"Legislative session adjourned, carries over to 2026",2025-04-22
2025,NH,S.B.268,Healthcare age restrictions | Healthcare restrictions | Other civil rights restrictions | Weakening Civil Rights Laws,harmful,aclu,Advancing,Reported favorably by Majority Committee; retained for 2026 session,2025-11-12
2025,IA,H.F.922,Other anti-LGBTQ bills,harmful,aclu,Advancing,"Legislative session adjourned, carries over to 2026",2025-05-14
2025,HI,H.B.257,Barriers to accurate IDs |,harmful,aclu,Advancing,"Legislative session adjourned, carries over to 2026",2025-05-02
2025,HI,H.B.268,Restricting student & educator rights | School sports bans,harmful,aclu,Advancing,"Legislative session adjourned, carries over to 2026",2025-05-02
2025,HI,H.B.207,Restricting student & educator rights | School sports bans,harmful,aclu,Advancing,Referred to committee,2025-01-21
2025,WI,S.B.40,Free speech & expression bans | Other expression restrictions | Other school restrictions | Restricting student & educator rights,harmful,aclu,Advancing,First read and referred to committee,2025-02-12
2025,WI,A.B.100,Restricting student & educator rights | School facilities bans | School sports bans,harmful,aclu,Advancing,House passed; Senate first read and referred to committee,2025-03-21
2025,WI,A.B.102,Restricting student & educator rights | School facilities bans | School sports bans,harmful,aclu,Advancing,House passed; Senate first read and referred to committee,2025-03-21
2025,WI,A.B.104,Healthcare age restrictions | Healthcare restrictions |,harmful,aclu,Advancing,House passed; Senate first read and referred to committee,2025-03-27
2025,WI,S.B.157,Healthcare age restrictions | Healthcare restrictions |,harmful,aclu,Advancing,First read and referred to committee,2025-03-27
2025,WI,A.B.58,Free speech & expression bans | Other expression restrictions | Other school restrictions | Restricting student & educator rights,harmful,aclu,Advancing,Passed House; Senate first read and referred to committee,2025-09-12
2025,WI,S.B.312,Barriers to accurate IDs |,harmful,aclu,Advancing,Senate amendment offered,2025-09-22
2025,WI,S.B.405,Healthcare restrictions | Other healthcare barriers,harmful,aclu,Advancing,Reported favorably by committee as amended; available for scheduling,2025-12-12
2025,WI,A.B.103,Other school restrictions | Restricting student & educator rights,harmful,aclu,Advancing,House passed; Senate first read and referred to committee,2025-03-21
2025,WI,A.B.124,Barriers to accurate IDs |,harmful,aclu,Advancing,Reported favorably by committee as amended and re-referred to committee,2025-05-29
2025,WI,S.B.117,Restricting student & educator rights | School facilities bans | School sports bans,harmful,aclu,Advancing,First read and referred to committee,2025-03-07
2025,WI,A.B.311,Barriers to accurate IDs |,harmful,aclu,Advancing,Assembly amendment offered,2025-09-22
2025,WI,A.B.400,Healthcare restrictions | Other healthcare barriers,harmful,aclu,Advancing,First read and referred to committee,2025-08-29
2025,WI,S.B.116,Restricting student & educator rights | School facilities bans | School sports bans,harmful,aclu,Advancing,First read and referred to committee,2025-03-07
2025,WI,S.B.146,Barriers to accurate IDs |,harmful,aclu,Advancing,Senate passed; House first read and referred to committee,2025-05-27
2025,WI,S.B.120,Other school restrictions | Restricting student & educator rights,harmful,aclu,Advancing,Amendment offered,2025-03-12
2025,WV,S.B.278,Drag bans | Free speech & expression bans |,harmful,aclu,Advancing,"Legislative session adjourned, carries over to 2026",2025-04-12
2025,WV,S.B.207,Drag bans | Free speech & expression bans |,harmful,aclu,Advancing,"Legislative session adjourned, carries over to 2026",2025-04-12
2025,WV,H.B.2127,Public accommodation bans | Re-definition of sex | Restricting student & educator rights | School facilities bans | Weakening Civil Rights Laws,harmful,aclu,Advancing,"Legislative session adjourned, carries over to 2026",2025-04-12
2025,WV,H.B.2153,Religious exemptions | Weakening Civil Rights Laws,harmful,aclu,Advancing,"Legislative session adjourned, carries over to 2026",2025-04-12
2025,WV,S.B.244,Public accommodation bans | Re-definition of sex | Restricting student & educator rights | School facilities bans | Weakening Civil Rights Laws,harmful,aclu,Advancing,"Legislative session adjourned, carries over to 2026",2025-04-12
2025,WV,H.B.2071,Forced outing in schools | Restricting student & educator rights,harmful,aclu,Advancing,"Legislative session adjourned, carries over to 2026",2025-04-12
2025,WV,S.B.279,Healthcare age restrictions | Healthcare restrictions |,harmful,aclu,Advancing,"Legislative session adjourned, carries over to 2026",2025-04-12
2025,WV,S.B.276,Drag bans | Free speech & expression bans |,harmful,aclu,Advancing,"Legislative session adjourned, carries over to 2026",2025-04-12
2025,WV,S.B.431,Drag bans | Free speech & expression bans |,harmful,aclu,Advancing,"Legislative session adjourned, carries over to 2026",2025-04-12
2025,WV,S.B.424,Other anti-LGBTQ bills | Other school restrictions | Restricting student & educator rights,harmful,aclu,Advancing,"Legislative session adjourned, carries over to 2026",2025-04-12
2025,WV,H.B.2375,Healthcare restrictions | Other healthcare barriers,harmful,aclu,Advancing,"Legislative session adjourned, carries over to 2026",2025-04-12
2025,WV,H.B.2072,Healthcare restrictions | Other healthcare barriers | Religious exemptions | Weakening Civil Rights Laws,harmful,aclu,Advancing,"Legislative session adjourned, carries over to 2026",2025-04-12
2025,WV,S.B.507,Drag bans | Free speech & expression bans |,harmful,aclu,Advancing,"Legislative session adjourned, carries over to 2026",2025-04-12
2025,WV,H.B.2403,Healthcare age restrictions | Healthcare restrictions |,harmful,aclu,Advancing,"Legislative session adjourned, carries over to 2026",2025-04-12
2025,WV,H.B.2466,Healthcare age restrictions | Healthcare restrictions |,harmful,aclu,Advancing,"Legislative session adjourned, carries over to 2026",2025-04-12
2025,WV,H.B.2574,Other anti-LGBTQ bills,harmful,aclu,Advancing,"Legislative session adjourned, carries over to 2026",2025-04-12
2025,WV,H.B.2005,Other school restrictions | Restricting student & educator rights,harmful,aclu,Advancing,"Legislative session adjourned, carries over to 2026",2025-04-12
2025,WV,H.B.2526,Restricting student & educator rights | School facilities bans,harmful,aclu,Advancing,"Legislative session adjourned, carries over to 2026",2025-04-12
2025,WV,H.B.2033,Religious exemptions | Weakening Civil Rights Laws,harmful,aclu,Advancing,"Legislative session adjourned, carries over to 2026",2025-04-12
2025,WV,H.B.2962,Barriers to accurate IDs |,harmful,aclu,Advancing,"Legislative session adjourned, carries over to 2026",2025-04-12
2025,WV,H.B.2006,Other anti-LGBTQ bills | Re-definition of sex | Restricting student & educator rights | School facilities bans | Weakening Civil Rights Laws,harmful,aclu,Advancing,"Legislative session adjourned, carries over to 2026",2025-04-12
2025,WV,H.B.3319,Other anti-LGBTQ bills | Other school restrictions | Restricting student & educator rights,harmful,aclu,Advancing,"Legislative session adjourned, carries over to 2026",2025-04-12
2025,WV,S.B.841,Curriculum censorship | Healthcare funding restrictions | Healthcare restrictions | Other anti-LGBTQ bills | Restricting student & educator rights,harmful,aclu,Advancing,"Legislative session adjourned, carries over to 2026",2025-04-12
2025,WV,S.B.663,Other anti-LGBTQ bills,harmful,aclu,Advancing,"Legislative session adjourned, carries over to 2026",2025-04-12
2025,WA,S.B. 5136,Other school restrictions | Religious exemptions | Restricting student & educator rights | Weakening Civil Rights Laws,harmful,aclu,Advancing,"Legislative session adjourned, carries over to 2026",2025-04-27
2025,WA,H.B. 1038,Healthcare age restrictions | Healthcare restrictions |,harmful,aclu,Advancing,"Legislative session adjourned, carries over to 2026",2025-04-27
2025,WA,H.B. 1027,Other anti-LGBTQ bills,harmful,aclu,Advancing,"Legislative session adjourned, carries over to 2026",2025-04-27
2025,WA,H.B. 1699,Restricting student & educator rights | School sports bans,harmful,aclu,Advancing,"Legislative session adjourned, carries over to 2026",2025-04-27
2025,TN,H.B.0315,Other anti-LGBTQ bills,harmful,aclu,Advancing,"Legislative session adjourned, carries over to 2026",2025-04-22
2025,TN,S.B.0737,Other anti-LGBTQ bills,harmful,aclu,Advancing,"Legislative session adjourned, carries over to 2026",2025-04-22
2025,TN,S.B.1126,Other school restrictions | Restricting student & educator rights,harmful,aclu,Advancing,"Legislative session adjourned, carries over to 2026",2025-04-22
2025,TN,H.B.1262,Other school restrictions | Restricting student & educator rights,harmful,aclu,Advancing,"Legislative session adjourned, carries over to 2026",2025-04-22
2025,TN,H.B.0754,Healthcare restrictions | Other healthcare barriers,harmful,aclu,Advancing,"Legislative session adjourned, carries over to 2026",2025-04-22
2025,TN,S.B.0936,Re-definition of sex | Weakening Civil Rights Laws,harmful,aclu,Advancing,"Legislative session adjourned, carries over to 2026",2025-04-22
2025,TN,H.B.1044,Healthcare restrictions | Other healthcare barriers | Religious exemptions | Weakening Civil Rights Laws,harmful,aclu,Advancing,Companion bill S.B.0955 became law,2025-04-29
2025,TN,S.B.1252,Other school restrictions | Restricting student & educator rights,harmful,aclu,Advancing,"Legislative session adjourned, carries over to 2026",2025-04-22
2025,TN,H.B.0571,Other anti-LGBTQ bills | Other civil rights restrictions | Re-definition of sex | Restricting student & educator rights | School facilities bans | Weakening Civil Rights Laws,harmful,aclu,Advancing,"Legislative session adjourned, carries over to 2026",2025-04-22
2025,TN,S.B.0676,Healthcare restrictions | Other healthcare barriers,harmful,aclu,Advancing,"Legislative session adjourned, carries over to 2026",2025-04-22
2025,TN,S.B.0468,Other anti-LGBTQ bills | Other civil rights restrictions | Re-definition of sex | Restricting student & educator rights | School facilities bans | Weakening Civil Rights Laws,harmful,aclu,Advancing,"Legislative session adjourned, carries over to 2026",2025-04-22
2025,SC,H.B.3433,Other anti-LGBTQ bills,harmful,aclu,Advancing,"Legislative session adjourned, carries over to 2026",2025-05-28
2025,SC,S.B.0162,Barriers to accurate IDs |,harmful,aclu,Advancing,"Legislative session adjourned, carries over to 2026",2025-05-28
2025,SC,H.B.3095,Barriers to accurate IDs |,harmful,aclu,Advancing,"Legislative session adjourned, carries over to 2026",2025-05-28
2025,SC,H.B.3263,Restricting student & educator rights | School facilities bans,harmful,aclu,Advancing,"Legislative session adjourned, carries over to 2026",2025-05-28
2025,SC,S.B.0199,Restricting student & educator rights | School facilities bans,harmful,aclu,Advancing,"Legislative session adjourned, carries over to 2026",2025-05-28
2025,SC,H.B.3506,Re-definition of sex | Weakening Civil Rights Laws,harmful,aclu,Advancing,"Legislative session adjourned, carries over to 2026",2025-05-28
2025,SC,H.B.3121,Religious exemptions | Weakening Civil Rights Laws,harmful,aclu,Advancing,"Legislative session adjourned, carries over to 2026",2025-05-28
2025,SC,H.B.3118,Curriculum censorship | Forced outing in schools | Other anti-LGBTQ bills | Restricting student & educator rights,harmful,aclu,Advancing,"Legislative session adjourned, carries over to 2026",2025-05-28
2025,SC,H.B.3011,Forced outing in schools | Other anti-LGBTQ bills | Restricting student & educator rights,harmful,aclu,Advancing,"Legislative session adjourned, carries over to 2026",2025-06-28
2025,SC,H.B.3094,Healthcare restrictions | Other anti-LGBTQ bills | Other healthcare barriers,harmful,aclu,Advancing,"Legislative session adjourned, carries over to 2026",2025-05-28
2025,SC,S.B.0243,Curriculum censorship | Forced outing in schools | Restricting student & educator rights,harmful,aclu,Advancing,"Legislative session adjourned, carries over to 2026",2025-05-28
2025,SC,S.B.0240,Healthcare restrictions | Other anti-LGBTQ bills | Other healthcare barriers,harmful,aclu,Advancing,"Legislative session adjourned, carries over to 2026",2025-05-28
2025,SC,S.B.0322,Other school restrictions | Restricting student & educator rights,harmful,aclu,Advancing,"Legislative session adjourned, carries over to 2026",2025-05-28
2025,SC,S.B.0368,Other anti-LGBTQ bills | Other school restrictions | Restricting student & educator rights,harmful,aclu,Advancing,"Legislative session adjourned, carries over to 2026",2025-05-28
2025,SC,S.B.0540,Healthcare restrictions | Other anti-LGBTQ bills | Other healthcare barriers | Religious exemptions | Weakening Civil Rights Laws,harmful,aclu,Advancing,"Legislative session adjourned, carries over to 2026",2025-05-28
2025,SC,H.B.4302,Other anti-LGBTQ bills,harmful,aclu,Advancing,"Legislative session adjourned, carries over to 2026",2025-05-28
2025,SC,H.B.3927,Other anti-LGBTQ bills | Other school restrictions | Restricting student & educator rights,harmful,aclu,Advancing,"Legislative session adjourned, carries over to 2026",2025-05-28
2025,SC,S.B.0054,Healthcare restrictions | Other healthcare barriers | Religious exemptions | Weakening Civil Rights Laws,harmful,aclu,Advancing,"Legislative session adjourned, carries over to 2026",2025-05-28
2025,SC,H.B.4465,Other anti-LGBTQ bills | Restricting student & educator rights | School facilities bans,harmful,aclu,Advancing,"Legislative session adjourned, carries over to 2026",2025-05-28
2025,SC,H.B.4515,Barriers to accurate IDs | Healthcare age restrictions | Healthcare restrictions |,harmful,aclu,Advancing,"Legislative session adjourned, carries over to 2026",2025-05-28
2025,PA,S.B.213,Barriers to accurate IDs | Healthcare restrictions | Other anti-LGBTQ bills | Prison healthcare restrictions | Public accommodation bans | Re-definition of sex | Restricting student & educator rights | School facilities bans | Weakening Civil Rights Laws,harmful,aclu,Advancing,Referred to committee,2025-02-04
2025,PA,H.B.581,Curriculum censorship | Forced outing in schools | Restricting student & educator rights,harmful,aclu,Advancing,Referred to committee,2025-02-12
2025,PA,H.B.987,Other anti-LGBTQ bills,harmful,aclu,Advancing,Referred to committee,2025-03-24
2025,PA,H.B.1033,Healthcare age restrictions | Healthcare restrictions |,harmful,aclu,Advancing,Referred to committee,2025-03-24
2025,PA,S.B.843,Healthcare age restrictions | Healthcare restrictions |,harmful,aclu,Advancing,Referred to committee,2025-06-09
2025,PA,H.B.158,Restricting student & educator rights | School sports bans,harmful,aclu,Advancing,Re-referred to committee,2025-12-16
2025,PA,S.B.9,Restricting student & educator rights | School sports bans,harmful,aclu,Advancing,Re-referred to Judiciary,2025-10-29
2025,PA,H.B.1849,Restricting student & educator rights | School sports bans,harmful,aclu,Advancing,Re-referred to Judiciary,2025-12-16
2025,OK,H.B.1225,Barriers to accurate IDs |,harmful,aclu,Advancing,"Did not meet passage requirements, dormant until carried over",2025-03-27
2025,OK,S.B.591,Other school restrictions | Restricting student & educator rights,harmful,aclu,Advancing,"Did not meet passage requirements, dormant until carried over",2025-03-27
2025,OK,S.B.228,Other anti-LGBTQ bills,harmful,aclu,Advancing,"Failed in committee, dormant until carried over",2025-02-19
2025,OK,H.B.2149,Healthcare restrictions | Other healthcare barriers,harmful,aclu,Advancing,"Did not meet passage requirements, dormant until carried over",2025-03-27
2025,OK,S.B.413,Curriculum censorship | Restricting student & educator rights,harmful,aclu,Advancing,"Did not meet passage requirements, dormant until carried over",2025-03-27
2025,OK,S.B.958,Healthcare restrictions | Other healthcare barriers,harmful,aclu,Advancing,"Did not meet passage requirements, dormant until carried over",2025-03-27
2025,OK,H.B.1361,Forced outing in schools | Other school restrictions | Restricting student & educator rights,harmful,aclu,Advancing,"Did not meet passage requirements, dormant until carried over",2025-03-27
2025,OK,S.B.550,Drag bans | Free speech & expression bans |,harmful,aclu,Advancing,"Did not meet passage requirements, dormant until carried over",2025-03-27
2025,OK,S.B.759,Curriculum censorship | Forced outing in schools | Other school restrictions | Restricting student & educator rights,harmful,aclu,Advancing,"Did not meet passage requirements, dormant until carried over",2025-03-28
2025,OK,S.B.977,Drag bans | Free speech & expression bans |,harmful,aclu,Advancing,"Did not meet passage requirements, dormant until carried over",2025-03-27
2025,OK,S.B.1049,Healthcare age restrictions | Healthcare restrictions | Other healthcare barriers,harmful,aclu,Advancing,"Did not meet passage requirements, dormant until carried over",2025-03-27
2025,OK,S.B.959,Religious exemptions | Weakening Civil Rights Laws,harmful,aclu,Advancing,"Failed in committee, dormant until carried over",2025-03-03
2025,OK,H.B.1344,Religious exemptions | Weakening Civil Rights Laws,harmful,aclu,Advancing,"Did not meet passage requirements, dormant until carried over",2025-03-27
2025,OK,S.B.665,Religious exemptions | Weakening Civil Rights Laws,harmful,aclu,Advancing,"Did not meet passage requirements, dormant until carried over",2025-03-27
2025,OK,S.B.210,Other anti-LGBTQ bills,harmful,aclu,Advancing,"Did not meet passage requirements, dormant until carried over",2025-03-27
2025,OK,S.B.848,Curriculum censorship | Other school restrictions | Restricting student & educator rights,harmful,aclu,Advancing,"Did not meet passage requirements, dormant until carried over",2025-03-28
2025,OK,S.B.847,Curriculum censorship | Forced outing in schools | Other school restrictions | Restricting student & educator rights,harmful,aclu,Advancing,"Did not meet passage requirements, dormant until carried over",2025-03-27
2025,OK,S.B.1002,Healthcare funding restrictions | Healthcare restrictions | Other healthcare barriers,harmful,aclu,Advancing,"Did not meet passage requirements, dormant until carried over",2025-03-27
2025,OK,H.B.1964,Curriculum censorship | Other anti-LGBTQ bills | Restricting student & educator rights,harmful,aclu,Advancing,"Did not meet passage requirements, dormant until carried over",2025-03-27
2025,OK,S.B.1107,Other anti-LGBTQ bills,harmful,aclu,Advancing,"Failed in committee, dormant until carried over",2025-03-03
2025,OK,S.B.845,Other anti-LGBTQ bills,harmful,aclu,Advancing,"Did not meet passage requirements, dormant until carried over",2025-03-27
2025,OK,H.B.1219,Free speech & expression bans | Other anti-LGBTQ bills | Other expression restrictions | Other school restrictions | Restricting student & educator rights,harmful,aclu,Advancing,"Did not meet passage requirements, dormant until carried over",2025-03-27
2025,OH,H.B.457,Other civil rights restrictions | Weakening Civil Rights Laws,harmful,aclu,Advancing,Referred to committee,2025-10-01
2025,OK,H.B.1224,Religious exemptions | Weakening Civil Rights Laws,harmful,aclu,Advancing,"Did not meet passage requirements, dormant until carried over",2025-05-30
2025,OH,H.B.172,Healthcare age restrictions | Healthcare restrictions |,harmful,aclu,Advancing,Third committee hearing,2025-11-19
2025,OH,H.B.190,Forced outing in schools | Other school restrictions | Restricting student & educator rights,harmful,aclu,Advancing,First read and referred to committee,2025-04-29
2025,OH,S.B.209,Religious exemptions | Weakening Civil Rights Laws,harmful,aclu,Advancing,Referred to committee,2025-05-28
2025,NC,S516,Barriers to accurate IDs | Other anti-LGBTQ bills | Re-definition of sex | Restricting student & educator rights | School facilities bans | Weakening Civil Rights Laws,harmful,aclu,Advancing,First read and referred to committee,2025-03-26
2025,NC,H595,Curriculum censorship | Other anti-LGBTQ bills | Restricting student & educator rights,harmful,aclu,Advancing,First read and referred to committee,2025-04-01
2025,NC,H776,Religious exemptions | Weakening Civil Rights Laws,harmful,aclu,Advancing,First read and referred to committee,2025-04-07
2025,NC,H791,Barriers to accurate IDs | Re-definition of sex | Restricting student & educator rights | School facilities bans | Weakening Civil Rights Laws,harmful,aclu,Advancing,First read and referred to committee,2025-04-08
2025,NC,H1000,Healthcare restrictions | Other healthcare barriers,harmful,aclu,Advancing,First read and referred to committee,2025-04-14
2025,NC,H606,Healthcare restrictions | Other healthcare barriers,harmful,aclu,Advancing,House passed; Senate first read and referred to committee,2025-05-07
2025,NC,H560,Healthcare restrictions | Other healthcare barriers,harmful,aclu,Advancing,Re-referred to committee,2025-05-12
2025,NY,A.7741,Restricting student & educator rights | School sports bans,harmful,aclu,Advancing,"Legislative session adjourned, carries over to 2026",2025-06-17
2025,NY,S.460,Restricting student & educator rights | School sports bans,harmful,aclu,Advancing,"Legislative session adjourned, carries over to 2026",2025-06-17
2025,NY,S.4496,Restricting student & educator rights | School sports bans,harmful,aclu,Advancing,"Legislative session adjourned, carries over to 2026",2025-06-17
2025,NY,S.7489,Restricting student & educator rights | School facilities bans,harmful,aclu,Advancing,"Legislative session adjourned, carries over to 2026",2025-06-17
2025,NE,L.B.655,Religious exemptions | Weakening Civil Rights Laws,harmful,aclu,Advancing,"Legislative session adjourned, carries over to 2026",2025-07-02
2025,NE,L.B.552,Other anti-LGBTQ bills,harmful,aclu,Defeated,"Legislative session adjourned, carries over to 2026",2025-06-02
2025,NE,L.B.605,Other school restrictions | Restricting student & educator rights | School facilities bans | School sports bans,harmful,aclu,Advancing,"Legislative session adjourned, carries over to 2026",2025-06-02
2025,MN,S.F.716,Drag bans | Free speech & expression bans |,harmful,aclu,Advancing,"Legislative session adjourned, carries over to 2026",2025-05-19
2025,MN,S.F.744,Healthcare age restrictions | Healthcare restrictions |,harmful,aclu,Advancing,"Legislative session adjourned, carries over to 2026",2025-05-19
2025,MN,S.F.802,Restricting student & educator rights | School facilities bans | School sports bans,harmful,aclu,Advancing,"Legislative session adjourned, carries over to 2026",2025-05-19
2025,MN,S.F.886,Re-definition of sex | Weakening Civil Rights Laws,harmful,aclu,Advancing,"Legislative session adjourned, carries over to 2026",2025-05-19
2025,MN,S.F.916,Restricting student & educator rights | School sports bans,harmful,aclu,Advancing,"Legislative session adjourned, carries over to 2026",2025-05-19
2025,MN,H.F.565,Restricting student & educator rights | School facilities bans | School sports bans,harmful,aclu,Advancing,"Legislative session adjourned, carries over to 2026",2025-05-19
2025,MN,H.F.700,Other civil rights restrictions | Public accommodation bans | Re-definition of sex | Restricting student & educator rights | School facilities bans | Weakening Civil Rights Laws,harmful,aclu,Advancing,"Legislative session adjourned, carries over to 2026",2025-05-19
2025,MN,S.F.1651,Other civil rights restrictions | Public accommodation bans | Re-definition of sex | Restricting student & educator rights | School facilities bans | Weakening Civil Rights Laws,harmful,aclu,Advancing,"Legislative session adjourned, carries over to 2026",2025-05-19
2025,MN,S.F.1883,Restricting student & educator rights | School sports bans,harmful,aclu,Advancing,"Legislative session adjourned, carries over to 2026",2025-05-19
2025,MN,H.F.12,Restricting student & educator rights | School sports bans,harmful,aclu,Advancing,"Legislative session adjourned, carries over to 2026",2025-05-19
2025,MN,H.F.1233,Restricting student & educator rights | School sports bans,harmful,aclu,Advancing,"Legislative session adjourned, carries over to 2026",2025-05-19
2025,MN,S.F.2294,Restricting student & educator rights | School facilities bans | School sports bans,harmful,aclu,Advancing,"Legislative session adjourned, carries over to 2026",2025-05-19
2025,MN,S.F.2531,Restricting student & educator rights | School sports bans,harmful,aclu,Advancing,"Legislative session adjourned, carries over to 2026",2025-05-19
2025,MN,S.F.2817,Restricting student & educator rights | School sports bans,harmful,aclu,Advancing,"Legislative session adjourned, carries over to 2026",2025-05-19
2025,MN,H.F.2685,Restricting student & educator rights | School sports bans,harmful,aclu,Advancing,"Legislative session adjourned, carries over to 2026",2025-05-19
2025,MN,H.F.3151,Healthcare age restrictions | Healthcare restrictions |,harmful,aclu,Advancing,"Legislative session adjourned, carries over to 2026",2025-05-19
2025,MN,H.F.3170,Restricting student & educator rights | School sports bans,harmful,aclu,Advancing,"Legislative session adjourned, carries over to 2026",2025-05-19
2025,MN,S.F.10,Restricting student & educator rights | School sports bans,harmful,aclu,Advancing,First read and referred to committee,2025-06-09
2025,MN,H.F.19,Restricting student & educator rights | School sports bans,harmful,aclu,Advancing,First read and referred to committee,2025-06-09
2025,MI,S.B.0230,Forced outing in schools | Restricting student & educator rights | School sports bans,harmful,aclu,Advancing,Referred to committee,2025-04-22
2025,MI,H.B.4467,Healthcare age restrictions | Healthcare restrictions |,harmful,aclu,Advancing,First read and referred to committee,2025-05-07
2025,MI,S.B.0289,Healthcare age restrictions | Healthcare restrictions |,harmful,aclu,Advancing,Referred to committee,2025-05-07
2025,MI,H.B.4466,Healthcare age restrictions | Healthcare restrictions |,harmful,aclu,Advancing,First read and referred to committee,2025-05-07
2025,MI,S.B.0290,Healthcare age restrictions | Healthcare restrictions |,harmful,aclu,Advancing,Referred to committee,2025-05-07
2025,MI,H.B.4469,Other civil rights restrictions | Weakening Civil Rights Laws,harmful,aclu,Advancing,Passed House; Senate referred to committee,2025-05-29
2025,MI,H.B.4066,Restricting student & educator rights | School sports bans,harmful,aclu,Advancing,Passed House; Senate referred to committee,2025-05-29
2025,MI,H.B.4578,Curriculum censorship | Other school restrictions | Restricting student & educator rights,harmful,aclu,Advancing,Passed House; Senate referred to committee,2025-06-12
2025,MI,H.B.4577,Restricting student & educator rights | School facilities bans | School sports bans,harmful,aclu,Advancing,Passed House; Senate referred to committee,2025-06-12
2025,MI,H.B.4579,Restricting student & educator rights | School sports bans,harmful,aclu,Advancing,Passed House; Senate referred to committee,2025-06-17
2025,MI,H.B.4580,Restricting student & educator rights | School sports bans,harmful,aclu,Advancing,Passed House; Senate referred to committee,2025-06-17
2025,MI,H.B.4752,Other anti-LGBTQ bills,harmful,aclu,Advancing,First read and referred to committee,2025-07-29
2025,MI,H.B.4751,Other civil rights restrictions | Weakening Civil Rights Laws,harmful,aclu,Advancing,First read and referred to committee,2025-07-29
2025,MI,H.B.4776,Other anti-LGBTQ bills,harmful,aclu,Advancing,First read and referred to committee,2025-08-20
2025,MI,H.B.4777,Other civil rights restrictions | Weakening Civil Rights Laws,harmful,aclu,Advancing,First read and referred to committee,2025-08-20
2025,MI,H.B.4829,Religious exemptions | Weakening Civil Rights Laws,harmful,aclu,Advancing,First read and referred to committee,2025-08-27
2025,MI,H.B.4024,Restricting student & educator rights | School facilities bans,harmful,aclu,Advancing,Passed House; Senate referred to committee,2025-09-09
2025,MI,H.B.4576,Curriculum censorship | Other school restrictions | Restricting student & educator rights,harmful,aclu,Advancing,Passed House; Senate referred to committee,2025-06-12
2025,MA,H.D.4542,Healthcare age restrictions | Healthcare restrictions | Other healthcare barriers,harmful,aclu,Advancing,Referred to committee,2025-04-14
2025,MA,H.584,Restricting student & educator rights | School sports bans,harmful,aclu,Advancing,Joint hearing scheduled,2025-05-06
2025,IA,S.F.220,Healthcare restrictions | Other healthcare barriers | Religious exemptions | Weakening Civil Rights Laws,harmful,aclu,Advancing,"Legislative session adjourned, carries over to 2026",2025-05-14
2025,IA,S.F.8,Other school restrictions | Restricting student & educator rights,harmful,aclu,Advancing,"Legislative session adjourned, carries over to 2026",2025-05-14
2025,IA,H.F.571,Healthcare restrictions | Other healthcare barriers | Religious exemptions | Weakening Civil Rights Laws,harmful,aclu,Advancing,"Legislative session adjourned, carries over to 2026",2025-05-14
2025,IL,H.B.1214,Healthcare age restrictions | Healthcare restrictions |,harmful,aclu,Advancing,"Legislative session adjourned, carries over to 2026",2025-05-31
2025,IL,H.B.1216,Restricting student & educator rights | School sports bans,harmful,aclu,Advancing,"Legislative session adjourned, carries over to 2026",2025-05-31
2025,IL,H.B.1161,Other school restrictions | Restricting student & educator rights,harmful,aclu,Advancing,"Legislative session adjourned, carries over to 2026",2025-05-31
2025,IL,H.B.1204,Restricting student & educator rights | School sports bans,harmful,aclu,Advancing,"Legislative session adjourned, carries over to 2026",2025-05-31
2025,IL,H.B.1209,Re-definition of sex | Weakening Civil Rights Laws,harmful,aclu,Advancing,"Legislative session adjourned, carries over to 2026",2025-05-31
2025,IL,H.B.1117,Restricting student & educator rights | School sports bans,harmful,aclu,Advancing,"Legislative session adjourned, carries over to 2026",2025-05-31
2025,IL,S.B.1226,Restricting student & educator rights | School facilities bans,harmful,aclu,Advancing,"Legislative session adjourned, carries over to 2026",2025-05-31
2025,IL,H.B.2915,Restricting student & educator rights | School sports bans,harmful,aclu,Advancing,"Legislative session adjourned, carries over to 2026",2025-05-31
2025,IL,S.B.1783,Drag bans | Free speech & expression bans |,harmful,aclu,Advancing,"Legislative session adjourned, carries over to 2026",2025-05-31
2025,IL,S.B.2078,Barriers to accurate IDs | Healthcare restrictions | Other anti-LGBTQ bills | Prison healthcare restrictions | Public accommodation bans | Re-definition of sex | Restricting student & educator rights | School facilities bans | Weakening Civil Rights Laws,harmful,aclu,Advancing,"Legislative session adjourned, carries over to 2026",2025-05-31
2025,IL,S.B.2079,Restricting student & educator rights | School sports bans,harmful,aclu,Advancing,"Legislative session adjourned, carries over to 2026",2025-05-31
2025,IL,S.B.2474,Healthcare age restrictions | Healthcare restrictions |,harmful,aclu,Advancing,"Legislative session adjourned, carries over to 2026",2025-05-31
2025,IL,H.B.3819,Healthcare age restrictions | Healthcare restrictions |,harmful,aclu,Advancing,"Legislative session adjourned, carries over to 2026",2025-05-31
2025,IL,H.B.4027,Restricting student & educator rights | School sports bans,harmful,aclu,Advancing,"Legislative session adjourned, carries over to 2026",2025-05-31
2025,IL,H.B.4030,Re-definition of sex | Weakening Civil Rights Laws,harmful,aclu,Advancing,"Legislative session adjourned, carries over to 2026",2025-05-31
2025,CA,A.B.844,Restricting student & educator rights | School facilities bans | School sports bans,harmful,aclu,Introduced,From committee: Without further action pursuant to Joint Rule 62(a).,2025-05-05
2025,MI,S.B.0009,Restricting student & educator rights | School facilities bans,harmful,aclu,Advancing,Referred to committee,2025-01-08
2025,MI,H.B.4031,Restricting student & educator rights | School sports bans,harmful,aclu,Advancing,First read and referred to committee,2025-01-28
2025,MI,H.B.4190,Healthcare age restrictions | Healthcare restrictions |,harmful,aclu,Advancing,First read and referred to committee,2025-03-06
2025,MA,H.737,Restricting student & educator rights | School sports bans,harmful,aclu,Advancing,Joint hearing scheduled for 01:00 PM,2025-05-06
2025,MA,H.551,Curriculum censorship | Forced outing in schools | Restricting student & educator rights,harmful,aclu,Advancing,Hearing scheduled from 11:00 AM-05:00 PM,2025-07-21
2025,KS,S.B.16,Other anti-LGBTQ bills,harmful,aclu,Advancing,"Legislative session adjourned, carries over to 2026",2025-04-11
2025,KS,H.B.2071,Healthcare age restrictions | Healthcare restrictions |,harmful,aclu,Advancing,"Legislative session adjourned, carries over to 2026",2025-04-11
2025,KS,S.B.76,Other school restrictions | Restricting student & educator rights,harmful,aclu,Advancing,Senate passed; Stricken from House calendar,2025-03-21
2025,IA,H.F.80,Other school restrictions | Restricting student & educator rights,harmful,aclu,Advancing,"Legislative session adjourned, carries over to 2026",2025-05-14
2025,IA,S.F.156,Public accommodation bans,harmful,aclu,Advancing,"Legislative session adjourned, carries over to 2026",2025-05-14
2025,IA,H.S.B.84,Curriculum censorship | Restricting student & educator rights,harmful,aclu,Advancing,"Legislative session adjourned, carries over to 2026",2025-05-14
2025,IA,H.S.B.139,Healthcare restrictions | Other healthcare barriers | Religious exemptions | Weakening Civil Rights Laws,harmful,aclu,Advancing,"Legislative session adjourned, carries over to 2026",2025-05-14
2025,IA,H.S.B.242,Barriers to accurate IDs | Curriculum censorship | Other civil rights restrictions | Other school restrictions | Re-definition of sex | Restricting student & educator rights | Weakening Civil Rights Laws,harmful,aclu,Advancing,"Legislative session adjourned, carries over to 2026",2025-05-14
2025,IA,S.F.335,Other anti-LGBTQ bills | Other school restrictions | Restricting student & educator rights,harmful,aclu,Advancing,"Legislative session adjourned, carries over to 2026",2025-05-14
2025,IA,S.F.236,Religious exemptions | Weakening Civil Rights Laws,harmful,aclu,Advancing,"Renumbered as SF 473; legislative session adjourned, carries over to 2026",2025-05-14
2025,IA,S.S.B.1150,Other anti-LGBTQ bills,harmful,aclu,Advancing,"Renumbered as SF 507; legislative session adjourned, carries over to 2026",2025-05-14
2025,IA,H.F.721,Other anti-LGBTQ bills,harmful,aclu,Advancing,"Legislative session adjourned, carries over to 2026",2025-05-14
2025,IA,H.S.B.155,Other anti-LGBTQ bills,harmful,aclu,Advancing,"Renumbered as HF 856; legislative session adjourned, carries over to 2026",2025-05-14
2025,IA,H.S.B.158,Drag bans | Free speech & expression bans |,harmful,aclu,Advancing,"Renumbered as HF 891; legislative session adjourned, carries over to 2026",2025-05-14
2025,IA,H.F.594,Other anti-LGBTQ bills,harmful,aclu,Advancing,"Renumbered as HF 922; legislative session adjourned, carries over to 2026",2025-05-14
2025,IA,S.F.473,Religious exemptions | Weakening Civil Rights Laws,harmful,aclu,Advancing,"Legislative session adjourned, carries over to 2026",2025-05-14
2025,IA,S.F.507,Other anti-LGBTQ bills,harmful,aclu,Advancing,"Legislative session adjourned, carries over to 2026",2025-05-14
2025,GA,H.B.104,Restricting student & educator rights | School sports bans,harmful,aclu,Advancing,"Legislative session adjourned, carries over to 2026",2025-04-04
2025,GA,S.B.248,Curriculum censorship | Forced outing in schools | Other school restrictions | Restricting student & educator rights,harmful,aclu,Advancing,"Legislative session adjourned, carries over to 2026",2025-04-04
2025,GA,H.B.267,Barriers to accurate IDs | Other civil rights restrictions | Re-definition of sex | Restricting student & educator rights | School facilities bans | School sports bans | Weakening Civil Rights Laws,harmful,aclu,Advancing,"Legislative session adjourned, carries over to 2026",2025-04-04
2025,GA,H.B.660,Healthcare funding restrictions | Healthcare restrictions | Prison healthcare restrictions,harmful,aclu,Advancing,"Legislative session adjourned, carries over to 2026",2025-04-04
2025,GA,S.B.120,Other anti-LGBTQ bills | Other school restrictions | Restricting student & educator rights,harmful,aclu,Advancing,"Legislative session adjourned, carries over to 2026",2025-04-04
2025,GA,S.B.57,Other anti-LGBTQ bills,harmful,aclu,Advancing,"Legislative session adjourned, carries over to 2026",2025-04-04
2025,GA,S.B.341,Other anti-LGBTQ bills,harmful,aclu,Advancing,"Legislative session adjourned, carries over to 2026",2025-04-04
2025,GA,S.B.30,Healthcare age restrictions | Healthcare restrictions |,harmful,aclu,Advancing,"Legislative session adjourned, carries over to 2026",2025-04-04
2025,GA,H.B.127,Other anti-LGBTQ bills,harmful,aclu,Advancing,House passed; Senate passed as substituted,2025-04-02
2025,GA,S.B.39,Healthcare funding restrictions | Healthcare restrictions | Other healthcare barriers | Prison healthcare restrictions,harmful,aclu,Advancing,"Legislative session adjourned, carries over to 2026",2025-04-04
2025,DE,S.B. 55,Healthcare age restrictions | Healthcare restrictions |,harmful,aclu,Advancing,"Legislative session adjourned, carries over to 2026",2025-06-30
2025,CA,A.B.89,Restricting student & educator rights | School sports bans,harmful,aclu,Defeated,Failed in committee,2025-04-02
2025,CA,A.B.579,Healthcare restrictions | Other anti-LGBTQ bills | Other healthcare barriers,harmful,aclu,Advancing,First read; may be heard in committee March 15,2025-02-12
2025,CA,A.B.600,Other anti-LGBTQ bills | Other school restrictions | Restricting student & educator rights,harmful,aclu,Advancing,First read; may be heard in committee March 16,2025-02-13
2025,CA,A.B.1464,Other anti-LGBTQ bills,harmful,aclu,Advancing,"First read 2/24, may be heard in committee",2025-03-24
2025,CA,S.B.311,Other anti-LGBTQ bills,harmful,aclu,Advancing,"Hearing scheduled, failed passage in committee",2025-04-29
2025,AK,H.B. 40,Restricting student & educator rights | School sports bans,harmful,aclu,Advancing,"Legislative session adjourned, carries over to 2026",2025-05-20
2025,MA,S.350,Restricting student & educator rights | School sports bans,harmful,aclu,Advancing,Committee recommended ought not to pass by committee,2025-07-24
2025,NH,H.B.620,Religious exemptions | Weakening Civil Rights Laws,harmful,aclu,Defeated,Died on table; not retained for 2026 session,2025-12-18
2025,NH,H.B.148,Other civil rights restrictions | Weakening Civil Rights Laws,harmful,aclu,Defeated,Governor's veto sustained,2025-12-17
2025,NH,H.B.712,Healthcare age restrictions | Healthcare restrictions |,harmful,aclu,Passed into Law,Governor signed,2025-08-01
2025,NH,H.B.377,Healthcare age restrictions | Healthcare restrictions |,harmful,aclu,Passed into Law,Governor signed,2025-08-01
2025,NH,S.B.38,Other civil rights restrictions | Weakening Civil Rights Laws,harmful,aclu,Defeated,"Reported unfavorably by committee, not retained for 2026 session",2025-11-03
2025,NH,S.B.211,Restricting student & educator rights | School facilities bans | School sports bans,harmful,aclu,Defeated,"Committee reported inexpedient to legislate, not retained for 2026 session",2025-11-19
2025,TX,S.B. 8,Other anti-LGBTQ bills | Public accommodation bans | Restricting student & educator rights | School facilities bans,harmful,aclu,Passed into Law,Governor signed,2025-09-22
2025,ME,L.D. 1704 (H.P. 1139),Restricting student & educator rights | School facilities bans,harmful,aclu,Defeated,House and Senate concurred ought not to pass,2025-06-13
2025,ME,L.D. 1134 (S.P. 461),Restricting student & educator rights | School sports bans,harmful,aclu,Defeated,House and Senate concurred ought not to pass,2025-06-13
2025,ME,L.D. 868 (H.P. 554),Restricting student & educator rights | School facilities bans | School sports bans,harmful,aclu,Defeated,House and Senate concurred ought not to pass,2025-06-16
2025,ME,L.D. 1337 (H.P. 872),Other civil rights restrictions | Restricting student & educator rights | School sports bans | Weakening Civil Rights Laws,harmful,aclu,Defeated,House and Senate concurred ought not to pass,2025-06-16
2025,AZ,H.C.R.2042,Other anti-LGBTQ bills,harmful,aclu,Defeated,Legislative session ended,2025-06-27
2025,AZ,S.B.1003,Restricting student & educator rights | School facilities bans,harmful,aclu,Defeated,Vetoed by Governor,2025-05-12
2025,AZ,S.B.1002,Other school restrictions | Religious exemptions | Restricting student & educator rights | Weakening Civil Rights Laws,harmful,aclu,Defeated,Vetoed by Governor,2025-05-12
2025,ME,L.D. 233 (H.P. 156),Restricting student & educator rights | School sports bans,harmful,aclu,Defeated,"Died between houses, ought not to pass",2025-06-17
2025,TX,H.B. 127,Curriculum censorship | Free speech & expression bans | Other anti-LGBTQ bills | Other expression restrictions | Restricting student & educator rights,harmful,aclu,Defeated,Special legislative session concluded,2025-09-03
2025,TX,H.B. 120,Curriculum censorship | Restricting student & educator rights,harmful,aclu,Defeated,Special legislative session concluded,2025-08-15
2025,TX,H.B. 52,Other anti-LGBTQ bills | Public accommodation bans | Restricting student & educator rights | School facilities bans,harmful,aclu,Defeated,Special legislative session concluded,2025-09-03
2025,TX,H.B. 214,Other anti-LGBTQ bills | Public accommodation bans | Restricting student & educator rights | School facilities bans,harmful,aclu,Defeated,Special legislative session concluded,2025-09-03
2025,TX,H.B. 172,Other anti-LGBTQ bills,harmful,aclu,Introduced,,2025-07-22
2025,TX,H.B. 32,Other anti-LGBTQ bills | Public accommodation bans | Restricting student & educator rights | School facilities bans,harmful,aclu,Introduced,,2025-07-14
2025,TX,S.B. 7,Other anti-LGBTQ bills | Public accommodation bans | Restricting student & educator rights | School facilities bans,harmful,aclu,Defeated,Special legislative session adjourned,2025-08-15
2025,TX,H.B. 171,Curriculum censorship | Restricting student & educator rights,harmful,aclu,Introduced,,2025-07-22
2025,OR,H.B.2439,Other anti-LGBTQ bills | Other civil rights restrictions | Weakening Civil Rights Laws,harmful,aclu,Defeated,Legislative session ended,2025-06-27
2025,OR,H.B.2037,Restricting student & educator rights | School facilities bans | School sports bans,harmful,aclu,Defeated,Legislative session ended,2025-06-27
2025,OR,S.B.787,Restricting student & educator rights | School sports bans,harmful,aclu,Defeated,Legislative session ended,2025-06-27
2025,OR,S.B.618,Restricting student & educator rights | School sports bans,harmful,aclu,Defeated,Legislative session ended,2025-06-27
2025,OR,S.B.899,Healthcare age restrictions | Healthcare restrictions |,harmful,aclu,Defeated,Legislative session ended,2025-06-27
2025,OR,H.B.3330,Religious exemptions | Weakening Civil Rights Laws,harmful,aclu,Defeated,Legislative session ended,2025-06-27
2025,OR,S.B.1100,Restricting student & educator rights | School sports bans,harmful,aclu,Defeated,Legislative session ended,2025-06-27
2025,OR,H.B.3740,Restricting student & educator rights | School sports bans,harmful,aclu,Defeated,Legislative session ended,2025-06-27
2025,NC,H805,Barriers to accurate IDs | Healthcare restrictions | Other healthcare barriers | Other school restrictions | Re-definition of sex | Restricting student & educator rights | School facilities bans | Weakening Civil Rights Laws,harmful,aclu,Advancing,"Vetoed by Governor, placed on House calendar for",2025-07-29
2025,NC,S442,Healthcare restrictions | Other healthcare barriers,harmful,aclu,Passed into Law,Governor signed,2025-07-03
2025,NJ,A.775,Restricting student & educator rights | School sports bans,harmful,aclu,Advancing,Motion to table prevailed,2025-06-30
2025,TX,S.B. 12,Other anti-LGBTQ bills | Other school restrictions | Restricting student & educator rights,harmful,aclu,Passed into Law,Governor signed,2025-06-20
2025,TX,H.B. 229,Other anti-LGBTQ bills,harmful,aclu,Passed into Law,Governor signed,2025-06-20
2025,TX,H.B. 18,Healthcare age restrictions | Healthcare restrictions |,harmful,aclu,Passed into Law,Governor signed,2025-06-20
2025,TX,S.B. 1188,Other anti-LGBTQ bills,harmful,aclu,Passed into Law,Governor signed,2025-06-20
2025,LA,H.B.371,Religious exemptions | Weakening Civil Rights Laws,harmful,aclu,Passed into Law,Governor signed,2025-06-20
2025,FL,H.B. 731,Other anti-LGBTQ bills,harmful,aclu,Defeated,Legislative session adjourned,2025-06-16
2025,FL,H.B. 75,Free speech & expression bans | Other expression restrictions | Other school restrictions | Restricting student & educator rights,harmful,aclu,Defeated,Legislative session adjourned,2025-06-16
2025,FL,S.B. 440,Other anti-LGBTQ bills | Religious exemptions | Weakening Civil Rights Laws,harmful,aclu,Defeated,Legislative session adjourned,2025-06-16
2025,FL,S.B. 1710,Other anti-LGBTQ bills,harmful,aclu,Defeated,Legislative session adjourned,2025-06-16
2025,FL,H.B. 1307,Restricting student & educator rights | School facilities bans,harmful,aclu,Defeated,Legislative session adjourned,2025-06-16
2025,FL,H.B. 1495,Other anti-LGBTQ bills | Religious exemptions | Weakening Civil Rights Laws,harmful,aclu,Defeated,Legislative session adjourned,2025-06-16
2025,CT,S.B.504,Other school restrictions | Restricting student & educator rights,harmful,aclu,Defeated,Legislative session adjourned,2025-06-04
2025,IA,H.F.1049,Healthcare funding restrictions | Healthcare restrictions |,harmful,aclu,Passed into Law,Governor signed,2025-06-11
2025,ND,H.B. 1144,Restricting student & educator rights | School facilities bans,harmful,aclu,Passed into Law,Governor signed,2025-05-02
2025,NE,L.B.89,Public accommodation bans | Re-definition of sex | Restricting student & educator rights | School sports bans | Weakening Civil Rights Laws,harmful,aclu,Passed into Law,Governor signed,2025-06-06
2025,MT,H.B. 819,Free speech & expression bans | Other expression restrictions | Other school restrictions | Restricting student & educator rights,harmful,aclu,Passed into Law,Governor signed,2025-05-13
2025,MO,S.B. 10,Healthcare age restrictions | Healthcare restrictions | Restricting student & educator rights | School sports bans,harmful,aclu,Defeated,Legislative session ended,2025-05-15
2025,NV,A.B.56,Healthcare restrictions | Other healthcare barriers,harmful,aclu,Passed into Law,Governor signed,2025-05-26
2025,MT,S.B. 240,Other anti-LGBTQ bills,harmful,aclu,Defeated,Died in process,2025-05-23
2025,MT,S.B. 164,Healthcare age restrictions | Healthcare restrictions |,harmful,aclu,Defeated,Died in process,2025-05-23
2025,TX,S.B. 1999,Other anti-LGBTQ bills | Other school restrictions | Restricting student & educator rights,harmful,aclu,Defeated,Legislative session ended,2025-06-02
2025,TX,S.B. 1073,Religious exemptions | Weakening Civil Rights Laws,harmful,aclu,Defeated,Legislative session ended,2025-06-02
2025,TX,S.B. 2920,Restricting student & educator rights | School sports bans,harmful,aclu,Defeated,Legislative session ended,2025-06-02
2025,MT,S.B. 299,Forced outing in schools | Restricting student & educator rights,harmful,aclu,Defeated,House tabled in committee; died in Senate committee,2025-05-23
2025,IA,H.F.856,Other anti-LGBTQ bills,harmful,aclu,Passed into Law,Governor signed,2025-05-27
2025,TX,H.B. 4552,Other anti-LGBTQ bills,harmful,aclu,Defeated,Legislative session ended,2025-06-02
2025,LA,H.B.685,Other anti-LGBTQ bills,harmful,aclu,Defeated,Legislative session ended,2025-06-12
2025,IA,S.F.649,Healthcare funding restrictions | Healthcare restrictions |,harmful,aclu,Advancing,HF 1049 substituted; withdrawn,2025-05-14
2025,WV,S.B.154,Forced outing in schools | Restricting student & educator rights,harmful,aclu,Passed into Law,Governor signed,2025-04-30
2025,WV,S.B.474,Other school restrictions | Restricting student & educator rights,harmful,aclu,Passed into Law,Governor signed,2025-04-30
2025,WV,S.B.299,Healthcare age restrictions | Healthcare restrictions |,harmful,aclu,Passed into Law,Governor signed,2025-04-30
2025,TX,S.B. 689,Other anti-LGBTQ bills,harmful,aclu,Defeated,Legislative session ended,2025-06-02
2025,TN,S.B.0937,Other anti-LGBTQ bills | Other school restrictions | Restricting student & educator rights,harmful,aclu,Passed into Law,Governor signed,2025-05-09
2025,TN,H.B.1270,Other anti-LGBTQ bills | Other school restrictions | Restricting student & educator rights,harmful,aclu,Advancing,Companion bill became law,2025-05-15
2025,RI,S.B.305,Healthcare restrictions | Other healthcare barriers | Religious exemptions | Weakening Civil Rights Laws,harmful,aclu,Defeated,Legislative session adjourned,2025-06-20
2025,OK,S.B.658,Religious exemptions | Weakening Civil Rights Laws,harmful,aclu,Passed into Law,Governor signed,2025-05-10
2025,OK,S.B.418,Other anti-LGBTQ bills,harmful,aclu,Passed into Law,Governor signed,2025-05-13
2025,MT,H.B. 734,Other school restrictions | Restricting student & educator rights,harmful,aclu,Defeated,Died in Process,2025-05-20
2025,MT,H.B. 730,Healthcare restrictions | Other healthcare barriers,harmful,aclu,Defeated,Died in process,2025-05-20
2025,MT,H.B. 754,Healthcare age restrictions | Healthcare restrictions | Other healthcare barriers,harmful,aclu,Defeated,Died in process,2025-05-20
2025,MT,H.B. 675,Drag bans | Free speech & expression bans |,harmful,aclu,Defeated,Died in process,2025-05-20
2025,MT,H.B. 635,Other anti-LGBTQ bills,harmful,aclu,Defeated,Died in process,2025-05-20
2025,MT,H.B. 682,Healthcare restrictions | Other healthcare barriers,harmful,aclu,Passed into Law,Signed by Governor,2025-05-13
2025,MT,H.B. 690,Healthcare restrictions | Other healthcare barriers,harmful,aclu,Passed into Law,Governor signed,2025-05-13
2025,GA,S.B.1,Restricting student & educator rights | School facilities bans | School sports bans,harmful,aclu,Passed into Law,Governor signed,2025-04-28
2025,WV,S.B.456,Other civil rights restrictions | Re-definition of sex | Restricting student & educator rights | School facilities bans | Weakening Civil Rights Laws,harmful,aclu,Passed into Law,Governor signed,2025-03-18
2025,TX,H.B. 2354,Other school restrictions | Restricting student & educator rights,harmful,aclu,Defeated,Legislative session ended,2025-06-02
2025,TX,H.B. 2969,Religious exemptions | Weakening Civil Rights Laws,harmful,aclu,Defeated,Legislative session ended,2025-06-02
2025,TX,S.B. 619,Healthcare restrictions | Other healthcare barriers | Religious exemptions | Weakening Civil Rights Laws,harmful,aclu,Defeated,Legislative session ended,2025-06-02
2025,TX,H.B. 437,Other anti-LGBTQ bills,harmful,aclu,Defeated,Legislative session ended,2025-06-02
2025,TX,H.B. 370,Other anti-LGBTQ bills,harmful,aclu,Defeated,Legislative session ended,2025-06-02
2025,TX,H.B. 1655,Other school restrictions | Restricting student & educator rights,harmful,aclu,Defeated,Legislative session ended,2025-06-02
2025,TX,S.B. 2943,Religious exemptions | Weakening Civil Rights Laws,harmful,aclu,Defeated,Legislative session ended,2025-06-02
2025,OK,H.B.1688,Barriers to accurate IDs |,harmful,aclu,Passed into Law,Become law without Governor's signature,2025-05-06
2025,MT,S.B. 218,Healthcare restrictions | Other healthcare barriers,harmful,aclu,Passed into Law,Governor signed,2025-05-08
2025,MO,H.B. 1362,Barriers to accurate IDs |,harmful,aclu,Defeated,Legislative session ended,2025-05-15
2025,MO,H.B. 156,Re-definition of sex | Weakening Civil Rights Laws,harmful,aclu,Advancing,Referred to committee,2025-05-15
2025,MO,H.B. 722,Drag bans | Free speech & expression bans |,harmful,aclu,Advancing,Referred to committee,2025-05-15
2025,MO,H.B. 157,Barriers to accurate IDs |,harmful,aclu,Advancing,Referred to committee,2025-05-15
2025,MO,H.B. 1053,Re-definition of sex | Weakening Civil Rights Laws,harmful,aclu,Advancing,Referred to committee,2025-05-15
2025,MO,H.B. 76,Re-definition of sex | Weakening Civil Rights Laws,harmful,aclu,Advancing,Referred to committee,2025-05-15
2025,MO,H.B. 1354,Restricting student & educator rights | School facilities bans | School sports bans,harmful,aclu,Advancing,Referred to committee,2025-05-15
2025,MO,H.B. 1085,Curriculum censorship | Forced outing in schools | Free speech & expression bans | Other expression restrictions | Other school restrictions | Restricting student & educator rights,harmful,aclu,Advancing,Referred to committee,2025-05-15
2025,MO,H.B. 1144,Healthcare restrictions | Other healthcare barriers,harmful,aclu,Defeated,Legislative session ended,2025-05-15
2025,MO,H.B. 562,Other anti-LGBTQ bills,harmful,aclu,Defeated,Legislative session ended,2025-05-15
2025,MO,H.B. 38,Other school restrictions | Religious exemptions | Restricting student & educator rights | Weakening Civil Rights Laws,harmful,aclu,Defeated,Legislative session ended,2025-05-15
2025,IN,H.B.1412,Healthcare restrictions | Other healthcare barriers,harmful,aclu,Passed into Law,Governor signed,2025-05-01
2025,GA,S.B.185,Healthcare restrictions | Prison healthcare restrictions,harmful,aclu,Passed into Law,Governor signed,2025-05-08
2025,AR,H.B.1684,Forced outing in schools | Restricting student & educator rights,harmful,aclu,Defeated,Legislative session ended,2025-04-16
2025,AR,S.B.362,Other anti-LGBTQ bills,harmful,aclu,Advancing,Senate passed; House third reading failed,2025-04-16
2025,AZ,H.B.2438,Barriers to accurate IDs |,harmful,aclu,Defeated,Vetoed by Governor,2025-05-02
2025,AZ,S.B.1586,Healthcare restrictions | Other healthcare barriers,harmful,aclu,Defeated,Vetoed by Governor,2025-05-12
2025,AZ,H.B.2868,Other anti-LGBTQ bills,harmful,aclu,Defeated,Vetoed by Governor,2025-05-13
2025,AL,H.B.246,Other school restrictions | Restricting student & educator rights,harmful,aclu,Defeated,Legislative session ended,2025-05-14
2025,AL,H.B.67,Other school restrictions | Restricting student & educator rights,harmful,aclu,Defeated,Legislative session ended,2025-05-14
2025,AL,H.B.244,Curriculum censorship | Free speech & expression bans | Other expression restrictions | Other school restrictions | Restricting student & educator rights,harmful,aclu,Defeated,Legislative session ended,2025-05-14
2025,TX,H.B. 1088,Healthcare restrictions | Other healthcare barriers,harmful,aclu,Defeated,Legislative session ended,2025-06-02
2025,TX,H.B. 4503,Other anti-LGBTQ bills,harmful,aclu,Defeated,Legislative session ended,2025-06-02
2025,TX,S.B. 240,Public accommodation bans,harmful,aclu,Defeated,Legislative session ended,2025-06-02
2025,TX,S.B. 2826,Healthcare restrictions | Other healthcare barriers,harmful,aclu,Defeated,Legislative session ended,2025-06-02
2025,TN,S.B.0955,Healthcare restrictions | Other healthcare barriers | Religious exemptions | Weakening Civil Rights Laws,harmful,aclu,Passed into Law,Governor signed,2025-04-24
2025,MT,H.B. 400,Other anti-LGBTQ bills | Other school restrictions | Restricting student & educator rights,harmful,aclu,Passed into Law,Signed by Governor,2025-05-01
2025,RI,H.B.5842,Restricting student & educator rights | School sports bans,harmful,aclu,Defeated,Legislative session adjourned,2025-06-20
2025,MT,S.B. 437,Barriers to accurate IDs | Other anti-LGBTQ bills | Other school restrictions | Re-definition of sex | Restricting student & educator rights | Weakening Civil Rights Laws,harmful,aclu,Advancing,Signed by Senate President,2025-04-21
2025,MT,H.B. 655,Religious exemptions | Weakening Civil Rights Laws,harmful,aclu,Passed into Law,Signed by Governor,2025-05-01
2025,MT,H.B. 471,Curriculum censorship | Restricting student & educator rights,harmful,aclu,Passed into Law,Signed by Governor,2025-05-05
2025,AR,H.B.1615,Healthcare restrictions | Other healthcare barriers | Religious exemptions | Weakening Civil Rights Laws,harmful,aclu,Passed into Law,Governor signed,2025-04-16
2025,AR,S.B.486,Other anti-LGBTQ bills | Public accommodation bans | Restricting student & educator rights | School facilities bans,harmful,aclu,Passed into Law,Governor signed,2025-04-22
2025,AR,S.B.444,Healthcare restrictions | Other healthcare barriers,harmful,aclu,Passed into Law,Governor signed,2025-04-22
2025,AR,H.B.1916,Healthcare age restrictions | Healthcare restrictions |,harmful,aclu,Passed into Law,Governor signed,2025-04-22
2025,TX,S.B. 406,Barriers to accurate IDs |,harmful,aclu,Defeated,Legislative session ended,2025-06-02
2025,NV,A.B.240,Restricting student & educator rights | School sports bans,harmful,aclu,Defeated,Legislative session ended,2025-06-02
2025,NV,S.B.112,Restricting student & educator rights | School sports bans,harmful,aclu,Defeated,Legislative session ended,2025-06-02
2025,MT,H.B. 121,Other anti-LGBTQ bills | Public accommodation bans | Restricting student & educator rights | School facilities bans,harmful,aclu,Passed into Law,Signed by Governor,2025-03-27
2025,LA,H.B.418,Other anti-LGBTQ bills,harmful,aclu,Defeated,Legislative session ended,2025-06-12
2025,KY,H.B.501,Healthcare age restrictions | Healthcare restrictions |,harmful,aclu,Passed into Law,Became law without Governor's signature,2025-04-10
2025,IN,H.B.1041,Restricting student & educator rights | School sports bans,harmful,aclu,Passed into Law,Signed by the Governor,2025-04-16
2025,ID,H.239,Curriculum censorship | Restricting student & educator rights,harmful,aclu,Passed into Law,Governor signed,2025-03-31
2025,ID,H.352,Curriculum censorship | Restricting student & educator rights,harmful,aclu,Passed into Law,Governor signed,2025-03-31
2025,MS,S.B. 2386,Healthcare funding restrictions | Healthcare restrictions |,harmful,aclu,Advancing,Passed Senate and House; due from Governor,2025-04-24
2025,TX,S.B. 86,Curriculum censorship | Forced outing in schools | Other school restrictions | Restricting student & educator rights,harmful,aclu,Defeated,Legislative session ended,2025-06-02
2025,TX,S.B. 983,Curriculum censorship | Restricting student & educator rights,harmful,aclu,Defeated,Legislative session ended,2025-06-02
2025,TX,H.B. 5541,Religious exemptions | Weakening Civil Rights Laws,harmful,aclu,Defeated,Legislative session ended,2025-06-02
2025,TX,H.B. 5593,Other anti-LGBTQ bills,harmful,aclu,Defeated,Legislative session ended,2025-06-02
2025,TX,H.B. 5135,Other anti-LGBTQ bills,harmful,aclu,Defeated,Legislative session ended,2025-06-02
2025,TN,S.B.0472,Restricting student & educator rights | School facilities bans,harmful,aclu,Advancing,Companion bill passed into law,2025-04-04
2025,TN,H.B.0064,Restricting student & educator rights | School facilities bans,harmful,aclu,Passed into Law,Signed by Governor,2025-04-03
2025,PR,P.S.0001,Religious exemptions | Weakening Civil Rights Laws,harmful,aclu,Advancing,Passed House and Senate; signed by House President,2025-04-10
2025,MS,H.B. 1193,Curriculum censorship | Restricting student & educator rights,harmful,aclu,Advancing,House and Senate passed; due from Governor,2025-04-24
2025,KY,H.B.4,Other school restrictions | Restricting student & educator rights,harmful,aclu,Passed into Law,House and Senate override of Governor's veto,2025-03-27
2025,KS,H.B.2311,Religious exemptions | Weakening Civil Rights Laws,harmful,aclu,Passed into Law,House and Senate override of Governor's veto,2025-04-10
2025,ID,S.1027,Other anti-LGBTQ bills,harmful,aclu,Passed into Law,Governor signed,2025-03-24
2025,ID,S.1198,Other anti-LGBTQ bills,harmful,aclu,Passed into Law,Governor signed,2025-04-04
2025,GA,S.B.36,Religious exemptions | Weakening Civil Rights Laws,harmful,aclu,Passed into Law,Governor signed,2025-04-04
2025,AR,H.B.1669,Religious exemptions | Weakening Civil Rights Laws,harmful,aclu,Passed into Law,Governor signed,2025-04-10
2025,WY,H.B.0032,Re-definition of sex | Weakening Civil Rights Laws,harmful,aclu,Passed into Law,Became law without Governor's signature,2025-03-14
2025,WY,H.B.0164,Healthcare age restrictions | Healthcare restrictions |,harmful,aclu,Passed into Law,Governor signed,2025-03-19
2025,UT,H.B.283,Healthcare age restrictions | Healthcare restrictions | Other anti-LGBTQ bills,harmful,aclu,Passed into Law,Governor signed,2025-03-19
2025,UT,H.B.252,Healthcare restrictions | Other anti-LGBTQ bills | Prison healthcare restrictions,harmful,aclu,Passed into Law,Governor signed,2025-03-19
2025,UT,S.B.74,Barriers to accurate IDs |,harmful,aclu,Passed into Law,Governor signed,2025-03-25
2025,UT,H.B.77,Free speech & expression bans | Other expression restrictions | Other school restrictions | Restricting student & educator rights,harmful,aclu,Passed into Law,Became law without Governor's signature,2025-03-27
2025,TX,S.B. 1565,Other anti-LGBTQ bills | Other school restrictions | Restricting student & educator rights,harmful,aclu,Defeated,Legislative session ended,2025-06-02
2025,TX,H.B. 436,Other anti-LGBTQ bills,harmful,aclu,Defeated,Legislative session ended,2025-06-02
2025,TX,H.B. 1704,Forced outing in schools | Restricting student & educator rights,harmful,aclu,Defeated,Legislative session ended,2025-06-02
2025,TX,H.B. 2291,Barriers to accurate IDs |,harmful,aclu,Defeated,Legislative session ended,2025-06-02
2025,TX,H.B. 2342,Other school restrictions | Restricting student & educator rights,harmful,aclu,Defeated,Legislative session ended,2025-06-02
2025,TX,H.B. 2258,Healthcare age restrictions | Healthcare restrictions |,harmful,aclu,Defeated,Legislative session ended,2025-06-02
2025,TX,H.B. 2062,Public accommodation bans | Restricting student & educator rights | School facilities bans,harmful,aclu,Defeated,Legislative session ended,2025-06-02
2025,TX,S.B. 810,Other school restrictions | Restricting student & educator rights,harmful,aclu,Defeated,Legislative session ended,2025-06-02
2025,TX,H.B. 2549,Barriers to accurate IDs |,harmful,aclu,Defeated,Legislative session ended,2025-06-02
2025,TX,H.B. 2548,Curriculum censorship | Restricting student & educator rights,harmful,aclu,Defeated,Legislative session ended,2025-06-02
2025,TX,S.B. 1953,Barriers to accurate IDs |,harmful,aclu,Defeated,Legislative session ended,2025-06-02
2025,TX,H.B. 2704,Other anti-LGBTQ bills | Restricting student & educator rights | School facilities bans,harmful,aclu,Defeated,Legislative session ended,2025-06-02
2025,TX,H.B. 2846,Curriculum censorship | Forced outing in schools | Other school restrictions | Restricting student & educator rights,harmful,aclu,Defeated,Legislative session ended,2025-06-02
2025,TX,H.B. 2816,Healthcare restrictions | Other healthcare barriers | Religious exemptions | Weakening Civil Rights Laws,harmful,aclu,Defeated,Legislative session ended,2025-06-02
2025,TX,H.B. 3075,Other anti-LGBTQ bills,harmful,aclu,Defeated,Legislative session ended,2025-06-02
2025,TX,H.B. 3186,Restricting student & educator rights | School sports bans,harmful,aclu,Defeated,Legislative session ended,2025-06-02
2025,TX,H.B. 3431,Healthcare age restrictions | Healthcare restrictions |,harmful,aclu,Defeated,Legislative session ended,2025-06-02
2025,TX,H.B. 3427,Other anti-LGBTQ bills,harmful,aclu,Defeated,Legislative session ended,2025-06-02
2025,TX,H.B. 3399,Healthcare funding restrictions | Healthcare restrictions | Total healthcare bans,harmful,aclu,Defeated,Legislative session ended,2025-06-02
2025,TX,H.B. 3411,Curriculum censorship | Other school restrictions | Restricting student & educator rights,harmful,aclu,Defeated,Legislative session ended,2025-06-02
2025,TX,H.B. 3478,Healthcare age restrictions | Healthcare restrictions | Other healthcare barriers,harmful,aclu,Defeated,Legislative session ended,2025-06-02
2025,TX,H.B. 3548,Curriculum censorship | Restricting student & educator rights,harmful,aclu,Defeated,Legislative session ended,2025-06-02
2025,TX,S.B. 2149,Other anti-LGBTQ bills,harmful,aclu,Defeated,Legislative session ended,2025-06-02
2025,TX,H.B. 3616,Forced outing in schools | Other school restrictions | Restricting student & educator rights,harmful,aclu,Defeated,Legislative session ended,2025-06-02
2025,TX,H.B. 3817,Other anti-LGBTQ bills,harmful,aclu,Defeated,Legislative session ended,2025-06-02
2025,TX,H.B. 3842,Free speech & expression bans | Other expression restrictions | Other school restrictions | Restricting student & educator rights,harmful,aclu,Defeated,Legislative session ended,2025-06-02
2025,TX,H.B. 3742,Other school restrictions | Restricting student & educator rights,harmful,aclu,Defeated,Legislative session ended,2025-06-02
2025,TX,H.B. 4002,Curriculum censorship | Forced outing in schools | Other school restrictions | Restricting student & educator rights,harmful,aclu,Defeated,Legislative session ended,2025-06-02
2025,TX,H.B. 4001,Barriers to accurate IDs | Re-definition of sex | Weakening Civil Rights Laws,harmful,aclu,Defeated,Legislative session ended,2025-06-02
2025,TX,H.B. 4333,Other anti-LGBTQ bills,harmful,aclu,Defeated,Legislative session ended,2025-06-02
2025,TX,H.B. 4311,Other anti-LGBTQ bills,harmful,aclu,Defeated,Legislative session ended,2025-06-02
2025,TX,H.B. 4425,Free speech & expression bans | Other anti-LGBTQ bills | Other expression restrictions,harmful,aclu,Defeated,Legislative session ended,2025-06-02
2025,TX,H.B. 4710,Healthcare age restrictions | Healthcare restrictions |,harmful,aclu,Defeated,Legislative session ended,2025-06-02
2025,TX,H.B. 2339,Curriculum censorship | Other school restrictions | Restricting student & educator rights,harmful,aclu,Defeated,Legislative session ended,2025-06-02
2025,SD,H.B.1259,Public accommodation bans | Restricting student & educator rights | School facilities bans,harmful,aclu,Passed into Law,Signed by Governor,2025-03-31
2025,ND,S.B. 2244,Curriculum censorship | Forced outing in schools | Other school restrictions | Restricting student & educator rights,harmful,aclu,Defeated,Legislative session ended,2025-05-02
2025,NJ,S.419,Other school restrictions | Restricting student & educator rights,harmful,aclu,Introduced,Carried over,2025-01-14
2025,NJ,A.2720,Other school restrictions | Restricting student & educator rights,harmful,aclu,Introduced,Carried over,2025-01-14
2025,MT,H.B. 300,Restricting student & educator rights | School facilities bans | School sports bans,harmful,aclu,Passed into Law,Signed by Governor,2025-03-27
2025,MO,S.B. 704,Healthcare restrictions | Other healthcare barriers,harmful,aclu,Advancing,Second read and referred to committee,2025-03-24
2025,MO,S.B. 764,Drag bans | Free speech & expression bans |,harmful,aclu,Advancing,Second read and referred to committee,2025-03-27
2025,MO,S.B. 769,Other anti-LGBTQ bills,harmful,aclu,Advancing,Second read and referred to committee,2025-03-27
2025,MO,S.B. 272,Other anti-LGBTQ bills,harmful,aclu,Advancing,Reported favorably by committee,2025-04-02
2025,MS,H.B. 1609,Other anti-LGBTQ bills,harmful,aclu,Defeated,Died in committee,2025-02-04
2025,MS,H.B. 1416,Other anti-LGBTQ bills,harmful,aclu,Defeated,Died in committee,2025-02-04
2025,MS,S.B. 2223,Other anti-LGBTQ bills,harmful,aclu,Defeated,Died in committee,2025-02-04
2025,MS,S.B. 2867,Healthcare funding restrictions | Healthcare restrictions |,harmful,aclu,Advancing,Governor's veto referred to committee,2025-03-28
2025,KY,S.B.2,Healthcare restrictions | Prison healthcare restrictions,harmful,aclu,Passed into Law,Became law without Governor's signature,2025-03-27
2025,ID,H.264,Other anti-LGBTQ bills | Restricting student & educator rights | School facilities bans,harmful,aclu,Passed into Law,Governor signed,2025-04-02
2025,ID,H.59,Healthcare restrictions | Other healthcare barriers | Religious exemptions | Weakening Civil Rights Laws,harmful,aclu,Passed into Law,Governor signed,2025-03-20
2025,ID,H.41,Free speech & expression bans | Other expression restrictions | Other school restrictions | Restricting student & educator rights,harmful,aclu,Passed into Law,Governor signed,2025-03-20
2025,FL,S.B. 100,Free speech & expression bans | Other expression restrictions | Other school restrictions | Restricting student & educator rights,harmful,aclu,Defeated,Legislative session adjourned,2025-06-16
2025,AR,H.B.1307,Other anti-LGBTQ bills,harmful,aclu,Passed into Law,Governor signed,2025-03-18
2025,AR,H.B.1668,Healthcare age restrictions | Healthcare restrictions | Other healthcare barriers,harmful,aclu,Defeated,Legislative session ended,2025-04-16
2025,AZ,H.B.2062,Re-definition of sex | Weakening Civil Rights Laws,harmful,aclu,Defeated,Legislative session ended,2025-06-27
2025,TX,S.B. 2714,Curriculum censorship | Restricting student & educator rights,harmful,aclu,Defeated,Legislative session ended,2025-06-02
2025,KY,H.B.495,Healthcare funding restrictions | Healthcare restrictions |,harmful,aclu,Passed into Law,House and Senate override of Governor's veto,2025-03-27
2025,CT,S.B.1509,Other anti-LGBTQ bills,harmful,aclu,Defeated,Legislative session adjourned,2025-06-04
2025,WY,S.F.0044,Restricting student & educator rights | School sports bans,harmful,aclu,Passed into Law,Governor signed,2025-03-13
2025,UT,S.B.320,Healthcare restrictions | Other healthcare barriers | Religious exemptions | Weakening Civil Rights Laws,harmful,aclu,Defeated,Legislative session ended,2025-03-07
2025,UT,H.B.413,Healthcare restrictions | Other healthcare barriers,harmful,aclu,Defeated,Legislative session ended,2025-03-07
2025,UT,H.B.250,Other school restrictions | Religious exemptions | Restricting student & educator rights | Weakening Civil Rights Laws,harmful,aclu,Defeated,Legislative session ended,2025-03-07
2025,UT,H.B.401,Drag bans | Free speech & expression bans |,harmful,aclu,Defeated,Legislative session ended,2025-03-07
2025,TX,S.B. 1696,Barriers to accurate IDs |,harmful,aclu,Defeated,Legislative session ended,2025-06-02
2025,TX,H.B. 1521,Other anti-LGBTQ bills,harmful,aclu,Defeated,Legislative session ended,2025-06-02
2025,MO,S.B. 588,Other anti-LGBTQ bills,harmful,aclu,Advancing,Second read and referred to committee,2025-03-13
2025,MO,S.B. 632,Public accommodation bans,harmful,aclu,Advancing,Second read and referred to committee,2025-03-13
2025,MO,S.B. 597,Public accommodation bans | Restricting student & educator rights | School facilities bans,harmful,aclu,Advancing,Second read and referred to committee,2025-03-13
2025,MO,S.B. 595,Restricting student & educator rights | School sports bans,harmful,aclu,Advancing,Second read and referred to committee,2025-03-13
2025,MS,S.B. 2515,Other anti-LGBTQ bills,harmful,aclu,Defeated,Died on calendar,2025-03-12
2025,MS,H.B. 188,Other anti-LGBTQ bills,harmful,aclu,Passed into Law,Signed by Governor,2025-03-18
2025,KY,S.B.132,Healthcare restrictions | Other healthcare barriers | Religious exemptions | Weakening Civil Rights Laws,harmful,aclu,Defeated,Legislative session ended,2025-03-28
2025,CO,HB25-1253,Forced outing in schools | Healthcare age restrictions | Healthcare restrictions | Other healthcare barriers | Restricting student & educator rights,harmful,aclu,Defeated,Legislative session ended,2025-05-07
2025,WY,S.F.0077,Other anti-LGBTQ bills | Other school restrictions | Restricting student & educator rights,harmful,aclu,Passed into Law,Became law without signature,2025-02-27
2025,WY,H.B.0060,Restricting student & educator rights | School sports bans,harmful,aclu,Defeated,Died in committee,2025-03-03
2025,WY,S.F.0062,Restricting student & educator rights | School facilities bans,harmful,aclu,Passed into Law,Governor signed,2025-03-03
2025,WY,H.B.0072,Public accommodation bans | Restricting student & educator rights | School facilities bans,harmful,aclu,Passed into Law,Governor signed,2025-03-03
2025,WY,H.B.0149,Religious exemptions | Weakening Civil Rights Laws,harmful,aclu,Defeated,Died in committee,2025-03-03
2025,WY,H.B.0200,Forced outing in schools | Other school restrictions | Restricting student & educator rights,harmful,aclu,Defeated,Died in committee,2025-03-03
2025,WY,H.B.0222,Religious exemptions | Weakening Civil Rights Laws,harmful,aclu,Defeated,Died in committee,2025-03-03
2025,WY,S.F.0103,Other anti-LGBTQ bills,harmful,aclu,Defeated,Vetoed by Governor,2025-03-04
2025,WY,H.B.0207,Religious exemptions | Weakening Civil Rights Laws,harmful,aclu,Passed into Law,Governor signed,2025-03-06
2025,UT,H.B.487,Other anti-LGBTQ bills,harmful,aclu,Advancing,Strike enacting clause,2025-03-07
2025,UT,H.B.521,Healthcare funding restrictions | Healthcare restrictions |,harmful,aclu,Defeated,Legislative session ended,2025-03-07
2025,TX,H.B. 239,Public accommodation bans,harmful,aclu,Defeated,Legislative session ended,2025-06-02
2025,TX,H.B. 167,Other anti-LGBTQ bills,harmful,aclu,Defeated,Legislative session ended,2025-06-02
2025,TX,H.B. 477,Barriers to accurate IDs |,harmful,aclu,Defeated,Legislative session ended,2025-06-02
2025,TX,H.B. 344,Curriculum censorship | Restricting student & educator rights,harmful,aclu,Defeated,Legislative session ended,2025-06-02
2025,TX,H.B. 403,Other anti-LGBTQ bills,harmful,aclu,Defeated,Legislative session ended,2025-06-02
2025,TX,H.B. 843,Re-definition of sex | Weakening Civil Rights Laws,harmful,aclu,Defeated,Legislative session ended,2025-06-02
2025,TX,H.B. 847,Healthcare funding restrictions | Healthcare restrictions |,harmful,aclu,Defeated,Legislative session ended,2025-06-02
2025,TX,H.B. 980,Re-definition of sex | Weakening Civil Rights Laws,harmful,aclu,Defeated,Legislative session ended,2025-06-02
2025,TX,H.B. 976,Curriculum censorship | Restricting student & educator rights,harmful,aclu,Defeated,Legislative session ended,2025-06-02
2025,TX,H.B. 938,Drag bans | Free speech & expression bans |,harmful,aclu,Defeated,Legislative session ended,2025-06-02
2025,TX,H.B. 973,Other school restrictions | Restricting student & educator rights,harmful,aclu,Defeated,Legislative session ended,2025-06-02
2025,TX,S.B. 1393,Other anti-LGBTQ bills,harmful,aclu,Defeated,Legislative session ended,2025-06-02
2025,TX,H.B. 1015,Restricting student & educator rights | School facilities bans,harmful,aclu,Defeated,Legislative session ended,2025-06-02
2025,TX,H.B. 1123,Restricting student & educator rights | School sports bans,harmful,aclu,Defeated,Legislative session ended,2025-06-02
2025,TX,H.B. 1016,Restricting student & educator rights | School facilities bans,harmful,aclu,Defeated,Legislative session ended,2025-06-02
2025,TX,H.B. 1075,Drag bans | Free speech & expression bans |,harmful,aclu,Defeated,Legislative session ended,2025-06-02
2025,TX,H.B. 1014,Restricting student & educator rights | School facilities bans,harmful,aclu,Defeated,Legislative session ended,2025-06-02
2025,RI,S.B.270,Healthcare age restrictions | Healthcare restrictions |,harmful,aclu,Defeated,Legislative session adjourned,2025-06-20
2025,MO,H.B. 113,Restricting student & educator rights | School sports bans,harmful,aclu,Advancing,Reported favorably by committee,2025-02-27
2025,MO,S.B. 493,Healthcare age restrictions | Healthcare restrictions |,harmful,aclu,Advancing,Second read and referred to committee,2025-02-27
2025,MO,H.B. 35,Healthcare age restrictions | Healthcare restrictions | Other healthcare barriers,harmful,aclu,Advancing,Reported favorably by committee,2025-02-27
2025,KY,S.B.60,Religious exemptions | Weakening Civil Rights Laws,harmful,aclu,Defeated,Legislative session ended,2025-03-28
2025,IA,H.F.583,Barriers to accurate IDs | Curriculum censorship | Other civil rights restrictions | Other school restrictions | Re-definition of sex | Restricting student & educator rights | Weakening Civil Rights Laws,harmful,aclu,Advancing,SF 418 substituted; withdrawn,2025-02-27
2025,IA,S.F.418,Barriers to accurate IDs | Curriculum censorship | Other civil rights restrictions | Other school restrictions | Re-definition of sex | Restricting student & educator rights | Weakening Civil Rights Laws,harmful,aclu,Passed into Law,Governor signed,2025-02-28
2025,CO,HB25-1255,Healthcare restrictions | Other healthcare barriers | Religious exemptions | Weakening Civil Rights Laws,harmful,aclu,Defeated,Legislative session ended,2025-05-07
2025,NJ,A.5419,Healthcare age restrictions | Healthcare restrictions |,harmful,aclu,Advancing,Referred to committee,2025-03-06
2025,AL,S.B.228,Other anti-LGBTQ bills,harmful,aclu,Defeated,Legislative session ended,2025-05-14
2025,AL,H.B.418,Other anti-LGBTQ bills,harmful,aclu,Defeated,Legislative session ended,2025-05-14
2025,UT,H.B.269,Other anti-LGBTQ bills | Public accommodation bans | Restricting student & educator rights | School facilities bans | School sports bans,harmful,aclu,Passed into Law,Governor signed,2025-02-14
2025,TX,S.B. 1068,Restricting student & educator rights | School sports bans,harmful,aclu,Defeated,Legislative session ended,2025-06-02
2025,TX,S.B. 1127,Other anti-LGBTQ bills,harmful,aclu,Defeated,Legislative session ended,2025-06-02
2025,TX,H.R. 144,Other anti-LGBTQ bills,harmful,aclu,Defeated,Legislative session adjourned,2025-06-02
2025,SD,H.B.1177,Other school restrictions | Restricting student & educator rights,harmful,aclu,Defeated,Legislative session ended,2025-03-31
2025,SD,H.B.1260,Barriers to accurate IDs |,harmful,aclu,Defeated,Legislative session ended,2025-03-31
2025,ND,S.B. 2392,Other anti-LGBTQ bills,harmful,aclu,Defeated,Legislative session ended,2025-05-03
2025,MO,S.B. 212,Restricting student & educator rights | School facilities bans,harmful,aclu,Advancing,Reported favorably by committee,2025-02-25
2025,MO,S.B. 249,Healthcare age restrictions | Healthcare restrictions |,harmful,aclu,Advancing,Second read and referred to committee,2025-02-13
2025,MO,S.B. 390,Other anti-LGBTQ bills,harmful,aclu,Advancing,Second read and referred to committee,2025-02-17
2025,MO,S.B. 115,Restricting student & educator rights | School sports bans,harmful,aclu,Advancing,Reported favorably by committee,2025-02-18
2025,KY,H.B.5,Healthcare restrictions | Other anti-LGBTQ bills | Prison healthcare restrictions,harmful,aclu,Defeated,Legislative session ended,2025-03-28
2025,KS,S.B.63,Healthcare age restrictions | Healthcare restrictions |,harmful,aclu,Passed into Law,Senate and House override of Governor's veto,2025-02-18
2025,ID,H.190,Other anti-LGBTQ bills,harmful,aclu,Defeated,Legislative session ended,2025-04-04
2025,ID,H.230,Drag bans | Free speech & expression bans |,harmful,aclu,Defeated,Legislative session ended,2025-04-04
2025,ID,H.138,Healthcare funding restrictions | Healthcare restrictions | Other healthcare barriers,harmful,aclu,Defeated,Legislative session ended,2025-04-04
2025,CO,HB25-1254,Healthcare restrictions | Other healthcare barriers,harmful,aclu,Defeated,Legislative session ended,2025-05-07
2025,NM,H.B. 466,Healthcare age restrictions | Healthcare restrictions | Other healthcare barriers,harmful,aclu,Defeated,Legislative session ended,2025-03-22
2025,NM,H.B. 559,Healthcare restrictions | Other healthcare barriers,harmful,aclu,Defeated,Legislative session ended,2025-03-22
2025,NM,S.B. 500,Healthcare age restrictions | Healthcare restrictions | Other healthcare barriers,harmful,aclu,Defeated,Legislative session ended,2025-03-22
2025,NM,S.B. 459,Restricting student & educator rights | School sports bans,harmful,aclu,Defeated,Legislative session ended,2025-03-22
2025,NM,H.B. 501,Forced outing in schools | Restricting student & educator rights,harmful,aclu,Defeated,Legislative session ended,2025-03-22
2025,ID,H.328,Healthcare funding restrictions | Healthcare restrictions |,harmful,aclu,Defeated,Legislative session ended,2025-04-04
2025,ID,H.292,Curriculum censorship | Restricting student & educator rights,harmful,aclu,Defeated,Legislative session ended,2025-04-04
2025,ID,H.49,Other anti-LGBTQ bills | Public accommodation bans | Restricting student & educator rights | School facilities bans,harmful,aclu,Defeated,Legislative session ended,2025-04-04
2025,WY,H.B.0274,Restricting student & educator rights | School sports bans,harmful,aclu,Defeated,Legislative session ended,2025-03-06
2025,TX,S.B. 949,Other anti-LGBTQ bills,harmful,aclu,Defeated,Legislative session adjourned,2025-06-02
2025,SD,H.B.1201,Forced outing in schools | Other school restrictions | Restricting student & educator rights,harmful,aclu,Defeated,Legislative session ended,2025-03-31
2025,MO,H.B. 624,Restricting student & educator rights | School sports bans,harmful,aclu,Advancing,Reported favorably by committee,2025-02-11
2025,MO,H.B. 36,Restricting student & educator rights | School sports bans,harmful,aclu,Advancing,Reported favorably by committee,2025-02-11
2025,MO,H.B. 1038,Healthcare age restrictions | Healthcare restrictions |,harmful,aclu,Advancing,Reported favorably by committee,2025-02-11
2025,MO,H.B. 1081,Healthcare age restrictions | Healthcare restrictions | Other healthcare barriers,harmful,aclu,Advancing,Reported favorably by committee,2025-02-11
2025,MO,H.B. 1016,Healthcare age restrictions | Healthcare restrictions |,harmful,aclu,Advancing,Reported favorably by committee,2025-02-11
2025,MO,S.B. 26,Other anti-LGBTQ bills,harmful,aclu,Advancing,Reported favorably by committee,2025-02-13
2025,MO,S.B. 76,Other civil rights restrictions | Weakening Civil Rights Laws,harmful,aclu,Advancing,Reported favorably by committee,2025-02-13
2025,MO,S.B. 75,Healthcare age restrictions | Healthcare restrictions | Other healthcare barriers,harmful,aclu,Advancing,Reported favorably by committee,2025-02-13
2025,MO,S.B. 298,Barriers to accurate IDs |,harmful,aclu,Advancing,Second read and referred to committee,2025-02-13
2025,KY,S.B.116,Re-definition of sex | Weakening Civil Rights Laws,harmful,aclu,Defeated,Legislative session ended,2025-03-28
2025,IN,S.B.0235,Other anti-LGBTQ bills,harmful,aclu,Defeated,Legislative session ended,2025-04-24
2025,CO,HB25-1145,Healthcare age restrictions | Healthcare restrictions | Other healthcare barriers,harmful,aclu,Defeated,Legislative session ended,2025-05-07
2025,AZ,S.B.1687,Healthcare age restrictions | Healthcare funding restrictions | Healthcare restrictions | Other healthcare barriers | Prison healthcare restrictions,harmful,aclu,Defeated,Legislative session ended,2025-06-27
2025,AL,S.B.79,Other anti-LGBTQ bills | Restricting student & educator rights | School facilities bans,harmful,aclu,Passed into Law,Governor signed,2025-02-13
2025,RI,S.B.304,Restricting student & educator rights | School sports bans,harmful,aclu,Defeated,Legislative session adjourned,2025-06-20
2025,NM,H.B. 380,Other anti-LGBTQ bills | Restricting student & educator rights | School facilities bans,harmful,aclu,Defeated,Legislative session ended,2025-03-22
2025,MD,H.B.1385,Curriculum censorship | Forced outing in schools | Other school restrictions | Restricting student & educator rights,harmful,aclu,Defeated,Legislative session ended,2025-04-07
2025,MD,H.B.1399,Healthcare age restrictions | Healthcare restrictions |,harmful,aclu,Defeated,Legislative session ended,2025-04-07
2025,ID,H.179,Curriculum censorship | Restricting student & educator rights,harmful,aclu,Defeated,Legislative session ended,2025-04-04
2025,WY,H.B.0115,Healthcare restrictions | Other healthcare barriers | Religious exemptions | Weakening Civil Rights Laws,harmful,aclu,Defeated,Legislative session ended,2025-03-06
2025,VA,H.B. 2405,Healthcare age restrictions | Healthcare restrictions |,harmful,aclu,Defeated,Legislative session ended,2025-02-22
2025,VA,H.B. 1809,Restricting student & educator rights | School sports bans,harmful,aclu,Defeated,Legislative session ended,2025-02-22
2025,VA,H.B. 2146,Healthcare restrictions | Other healthcare barriers,harmful,aclu,Defeated,Legislative session ended,2025-02-22
2025,VA,H.B. 2182,Forced outing in schools | Other anti-LGBTQ bills | Other school restrictions | Restricting student & educator rights,harmful,aclu,Defeated,Legislative session ended,2025-02-22
2025,VA,H.B. 2605,Religious exemptions | Weakening Civil Rights Laws,harmful,aclu,Defeated,Legislative session ended,2025-02-22
2025,VA,H.B. 1229,Public accommodation bans | Restricting student & educator rights | School facilities bans | School sports bans,harmful,aclu,Defeated,Legislative session ended,2025-02-22
2025,VA,H.B. 8,Healthcare restrictions | Other healthcare barriers | Religious exemptions | Weakening Civil Rights Laws,harmful,aclu,Defeated,Legislative session ended,2025-02-22
2025,TX,S.B. 116,Healthcare restrictions | Other healthcare barriers,harmful,aclu,Defeated,Legislative session adjourned,2025-06-02
2025,TX,S.B. 115,Healthcare funding restrictions | Healthcare restrictions | Other healthcare barriers,harmful,aclu,Defeated,Legislative session adjourned,2025-06-02
2025,TX,S.B. 84,Barriers to accurate IDs | Re-definition of sex | Weakening Civil Rights Laws,harmful,aclu,Defeated,Legislative session adjourned,2025-06-02
2025,TX,S.B. 753,Healthcare age restrictions | Healthcare restrictions | Other healthcare barriers,harmful,aclu,Defeated,Legislative session adjourned,2025-06-02
2025,MS,S.B. 2364,Other anti-LGBTQ bills,harmful,aclu,Defeated,Died in committee,2025-02-04
2025,MS,S.B. 2870,Curriculum censorship | Forced outing in schools | Other school restrictions | Restricting student & educator rights,harmful,aclu,Defeated,Died in committee,2025-02-04
2025,MS,H.B. 1516,Curriculum censorship | Forced outing in schools | Other school restrictions | Restricting student & educator rights,harmful,aclu,Defeated,Died in committee,2025-02-04
2025,MS,S.B. 2516,Restricting student & educator rights | School facilities bans,harmful,aclu,Defeated,Died in committee,2025-02-04
2025,MS,S.B. 2468,Other school restrictions | Restricting student & educator rights,harmful,aclu,Defeated,Died in committee,2025-02-04
2025,MS,H.B. 1385,Curriculum censorship | Other school restrictions | Restricting student & educator rights,harmful,aclu,Defeated,Died in committee,2025-02-04
2025,MS,H.B. 1060,Forced outing in schools | Other school restrictions | Restricting student & educator rights,harmful,aclu,Defeated,Died in committee,2025-02-04
2025,MS,H.B. 1246,Other anti-LGBTQ bills,harmful,aclu,Defeated,Died in committee,2025-02-04
2025,MS,H.B. 1542,Curriculum censorship | Other anti-LGBTQ bills | Restricting student & educator rights,harmful,aclu,Defeated,Died in committee,2025-02-04
2025,MS,H.B. 1605,Restricting student & educator rights | School facilities bans,harmful,aclu,Defeated,Died in committee,2025-02-04
2025,MS,S.B. 2218,Restricting student & educator rights | School facilities bans,harmful,aclu,Defeated,Died in committee,2025-02-04
2025,MS,H.B. 1422,Religious exemptions | Weakening Civil Rights Laws,harmful,aclu,Defeated,Died in committee,2025-02-04
2025,MS,S.B. 2896,Curriculum censorship | Forced outing in schools | Restricting student & educator rights,harmful,aclu,Defeated,Died in committee,2025-02-04
2025,MS,S.B. 2370,Other anti-LGBTQ bills,harmful,aclu,Defeated,Died in committee,2025-02-04
2025,MD,S.B.0588,Restricting student & educator rights | School sports bans,harmful,aclu,Defeated,Legislative session ended,2025-04-07
2025,MD,H.B.0156,Restricting student & educator rights | School sports bans,harmful,aclu,Defeated,Legislative session ended,2025-04-07
2025,KY,H.B.154,Healthcare funding restrictions | Healthcare restrictions |,harmful,aclu,Defeated,Legislative session ended,2025-03-28
2025,KY,H.B.177,Religious exemptions | Weakening Civil Rights Laws,harmful,aclu,Defeated,Legislative session ended,2025-03-28
2025,KY,H.B.163,Other anti-LGBTQ bills,harmful,aclu,Defeated,Legislative session ended,2025-03-28
2025,ID,S.1048,Other anti-LGBTQ bills,harmful,aclu,Defeated,Legislative session ended,2025-04-04
2025,SD,H.B.1269,Free speech & expression bans | Other expression restrictions,harmful,aclu,Defeated,Legislative session ended,2025-03-31
2025,SD,H.B.1211,Other anti-LGBTQ bills,harmful,aclu,Defeated,Legislative session ended,2025-03-31
2025,MD,H.B.1019,Religious exemptions | Weakening Civil Rights Laws,harmful,aclu,Defeated,Legislative session ended,2025-04-07
2025,MD,S.B.0948,Curriculum censorship | Forced outing in schools | Other school restrictions | Restricting student & educator rights,harmful,aclu,Defeated,Legislative session ended,2025-04-07
2025,KY,H.B.314,Other anti-LGBTQ bills,harmful,aclu,Defeated,Legislative session ended,2025-03-28
2025,AL,H.B.107,Re-definition of sex | Weakening Civil Rights Laws,harmful,aclu,Defeated,Legislative session ended,2025-05-14
2025,NM,H.B. 185,Restricting student & educator rights | School sports bans,harmful,aclu,Defeated,Legislative session ended,2025-03-22
2025,VA,S.B. 749,Restricting student & educator rights | School sports bans,harmful,aclu,Defeated,Legislative session ended,2025-02-22
2025,VA,S.B. 1079,Restricting student & educator rights | School sports bans,harmful,aclu,Defeated,Legislative session ended,2025-02-22
2025,VA,S.B. 1074,Forced outing in schools | Healthcare age restrictions | Healthcare funding restrictions | Healthcare restrictions | Restricting student & educator rights,harmful,aclu,Defeated,Legislative session ended,2025-02-22
2025,MO,S.B. 117,Forced outing in schools | Other school restrictions | Religious exemptions | Restricting student & educator rights | Weakening Civil Rights Laws,harmful,aclu,Advancing,Second read and referred to committee,2025-01-23
2025,ID,H.10,Free speech & expression bans | Other expression restrictions | Other school restrictions | Restricting student & educator rights,harmful,aclu,Defeated,Legislative session ended,2025-04-04
2025,CT,S.B.1045,Healthcare age restrictions | Healthcare restrictions |,harmful,aclu,Defeated,Legislative session adjourned,2025-06-04
2025,CT,H.B.6178,Other anti-LGBTQ bills,harmful,aclu,Defeated,Legislative session adjourned,2025-06-04
2025,CT,H.B.6201,Restricting student & educator rights | School sports bans,harmful,aclu,Defeated,Legislative session adjourned,2025-06-04
2025,CT,H.B.6609,Healthcare age restrictions | Healthcare restrictions |,harmful,aclu,Defeated,Legislative session adjourned,2025-06-04
2025,MO,H.B. 135,Barriers to accurate IDs |,harmful,aclu,Advancing,Referred to committee,2025-01-16
2025,CT,H.B.5789,Restricting student & educator rights | School sports bans,harmful,aclu,Defeated,Legislative session adjourned,2025-06-04
2025,IN,S.B.0239,Religious exemptions | Weakening Civil Rights Laws,harmful,aclu,Defeated,Legislative session ended,2025-04-24
2025,IN,H.B.1528,Other anti-LGBTQ bills,harmful,aclu,Defeated,Legislative session ended,2025-04-24
2025,IN,H.B.1428,Religious exemptions | Weakening Civil Rights Laws,harmful,aclu,Defeated,Legislative session ended,2025-04-24
2025,IN,H.B.1456,Other anti-LGBTQ bills,harmful,aclu,Defeated,Legislative session ended,2025-04-24
2025,CT,S.B.592,Restricting student & educator rights | School sports bans,harmful,aclu,Defeated,Legislative session adjourned,2025-06-04
2025,CT,H.B.5336,Healthcare age restrictions | Healthcare restrictions | Other healthcare barriers,harmful,aclu,Defeated,Legislative session adjourned,2025-06-04
2025,CT,H.B.5370,Healthcare age restrictions | Healthcare restrictions |,harmful,aclu,Defeated,Legislative session adjourned,2025-06-04
2025,IN,S.B.0479,Healthcare restrictions | Other healthcare barriers,harmful,aclu,Defeated,Legislative session ended,2025-04-24
2025,NJ,A.2580,Curriculum censorship | Restricting student & educator rights,harmful,aclu,Introduced,Carried over,2025-01-14
2025,NJ,A.531,Curriculum censorship | Restricting student & educator rights,harmful,aclu,Introduced,Carried over,2025-01-14
2025,NJ,A.410,Other school restrictions | Restricting student & educator rights,harmful,aclu,Introduced,Carried over,2025-01-14
2025,NJ,S.1329,Other school restrictions | Restricting student & educator rights,harmful,aclu,Introduced,Carried over,2025-01-14
2025,CT,S.B.36,Curriculum censorship | Restricting student & educator rights,harmful,aclu,Defeated,Legislative session adjourned,2025-06-04
2025,IN,S.B.0441,Barriers to accurate IDs | Re-definition of sex | Weakening Civil Rights Laws,harmful,aclu,Advancing,Legislative session ended,2025-04-24
2025,VA,S.B. 723,Restricting student & educator rights | School sports bans,harmful,aclu,Defeated,Legislative session ended,2025-02-22
2025,VA,S.B. 68,Restricting student & educator rights | School sports bans,harmful,aclu,Defeated,Legislative session ended,2025-02-22
2025,VA,S.B. 671,Healthcare age restrictions | Healthcare restrictions |,harmful,aclu,Defeated,Legislative session ended,2025-02-22
2025,VA,H.B. 670,Forced outing in schools | Other anti-LGBTQ bills | Restricting student & educator rights,harmful,aclu,Defeated,Legislative session ended,2025-02-22
2025,VA,H.B. 1120,Restricting student & educator rights | School sports bans,harmful,aclu,Defeated,Legislative session ended,2025-02-22
2025,VA,H.J. 86,Re-definition of sex | Weakening Civil Rights Laws,harmful,aclu,Defeated,Legislative session ended,2025-02-22
2025,VA,S.B. 37,Forced outing in schools | Other anti-LGBTQ bills | Restricting student & educator rights,harmful,aclu,Defeated,Legislative session ended,2025-02-22
2025,NJ,A.670,Curriculum censorship | Restricting student & educator rights,harmful,aclu,Introduced,Carried over,2025-01-09
2025,NJ,S.1331,Restricting student & educator rights | School sports bans,harmful,aclu,Introduced,Carried over,2025-01-14
2026,WV,H.B.2795,Healthcare restrictions | Other anti-LGBTQ bills | Other healthcare barriers | Other school restrictions | Public accommodation bans | Restricting student & educator rights,harmful,aclu,Introduced,Carried over,2026-01-14
2026,VA,H.B. 158,Healthcare restrictions | Other healthcare barriers,harmful,aclu,Advancing,House referred to committee,2026-01-06
2026,VA,S.B. 411,Healthcare age restrictions | Healthcare funding restrictions | Healthcare restrictions |,harmful,aclu,Advancing,Assigned to Senate subcommittee,2026-01-30
2026,VA,S.B. 561,Restricting student & educator rights | School facilities bans,harmful,aclu,Advancing,Passed by indefinitely in Senate committee,2026-01-29
2026,VA,S.B. 703,Restricting student & educator rights | School sports bans,harmful,aclu,Advancing,Passed by indefinitely in Senate committee,2026-01-29
2026,VA,H.B. 1242,Restricting student & educator rights | School sports bans,harmful,aclu,Advancing,House committee Referral Pending,2026-01-14
2026,VA,S.B. 560,Restricting student & educator rights | School sports bans,harmful,aclu,Advancing,Passed by indefinitely in Senate committee,2026-01-29
2026,VA,S.B. 295,Restricting student & educator rights | School sports bans,harmful,aclu,Advancing,Passed by indefinitely in Senate committee,2026-01-29
2026,UT,H.B.174,Healthcare age restrictions | Healthcare restrictions |,harmful,aclu,Advancing,House second read as amended,2026-01-28
2026,UT,H.B.193,Healthcare funding restrictions | Healthcare restrictions |,harmful,aclu,Advancing,House second read as substituted,2026-01-28
2026,TN,H.B.1271,Re-definition of sex | Weakening Civil Rights Laws,harmful,aclu,Advancing,Taken off notice for House committee calendar,2026-01-21
2026,TN,H.B.1666,Other school restrictions | Restricting student & educator rights,harmful,aclu,Advancing,Senate passed on second consideration and referred to subcommittee,2026-01-21
2026,TN,S.B.1665,Other school restrictions | Restricting student & educator rights,harmful,aclu,Advancing,Senate passed on second consideration and referred to committee,2026-01-21
2026,SC,H.B.4756,Restricting student & educator rights | School facilities bans,harmful,aclu,Advancing,House second read and passed as amended,2026-01-29
2026,OK,S.B.2003,Public accommodation bans | Restricting student & educator rights | School facilities bans,harmful,aclu,Advancing,Senate second read and referred to committee,2026-02-03
2026,OK,S.B.1912,Healthcare age restrictions | Healthcare restrictions | Other healthcare barriers,harmful,aclu,Advancing,Senate second read and referred to committee,2026-02-03
2026,OK,S.B.1736,Curriculum censorship | Restricting student & educator rights,harmful,aclu,Advancing,Senate second read and referred to committee,2026-02-03
2026,OK,S.B.1905,Healthcare funding restrictions | Healthcare restrictions | Total healthcare bans,harmful,aclu,Advancing,Senate second read and referred to committee,2026-02-03
2026,NH,S.B.268,Healthcare age restrictions | Healthcare restrictions | Other civil rights restrictions | Weakening Civil Rights Laws,harmful,aclu,Advancing,Senate enrolled and adopted; House enrolled,2026-01-27
2026,NH,H.B.1778,Curriculum censorship | Restricting student & educator rights,harmful,aclu,Advancing,Public hearing,2026-02-02
2026,NE,L.B.732,Healthcare age restrictions | Healthcare restrictions |,harmful,aclu,Advancing,"Motion to indefinitely postpone, bracket, and recommit to committee filed",2026-01-30
2026,MO,H.B. 1973,Restricting student & educator rights | School sports bans,harmful,aclu,Advancing,Reported favorably by House committee,2026-01-28
2026,MO,S.B. 861,Healthcare age restrictions | Healthcare restrictions |,harmful,aclu,Advancing,Senate committee hearing conducted,2026-01-28
2026,MO,H.B. 1607,Restricting student & educator rights | School sports bans,harmful,aclu,Advancing,Reported favorably by House committee,2026-01-28
2026,MO,H.B. 1672,Healthcare age restrictions | Healthcare restrictions |,harmful,aclu,Advancing,Reported favorably by House committee,2026-01-28
2026,MO,H.B. 1854,Healthcare age restrictions | Healthcare restrictions |,harmful,aclu,Advancing,Reported favorably by House committee,2026-01-28
2026,MO,H.B. 1608,Healthcare age restrictions | Healthcare restrictions |,harmful,aclu,Advancing,Reported favorably by House committee,2026-01-28
2026,MO,S.B. 1389,Public accommodation bans,harmful,aclu,Advancing,Second read and referred to committee,2026-01-27
2026,MO,S.B. 1204,Other civil rights restrictions | Weakening Civil Rights Laws,harmful,aclu,Advancing,Senate second read and referred to committee,2026-01-27
2026,MO,S.B. 1200,Healthcare age restrictions | Healthcare restrictions |,harmful,aclu,Advancing,Senate second read and referred to committee,2026-01-27
2026,MO,S.B. 1334,Forced outing in schools | Other school restrictions | Restricting student & educator rights,harmful,aclu,Advancing,Senate second read and referred to committee,2026-01-27
2026,MO,S.B. 1278,Restricting student & educator rights | School sports bans,harmful,aclu,Advancing,Senate second read and referred to committee,2026-01-27
2026,MO,S.B. 1333,Other anti-LGBTQ bills,harmful,aclu,Advancing,Second read and referred to committee,2026-01-27
2026,MO,S.B. 1264,Healthcare age restrictions | Healthcare restrictions |,harmful,aclu,Advancing,Senate second read and referred to committee,2026-01-27
2026,MO,S.B. 1190,Healthcare restrictions | Other healthcare barriers,harmful,aclu,Advancing,Senate second read and referred to committee,2026-01-27
2026,MO,H.B. 2033,Healthcare age restrictions | Healthcare restrictions |,harmful,aclu,Advancing,Reported favorably and re-referred to committee,2026-01-29
2026,MO,H.B. 1663,Restricting student & educator rights | School sports bans,harmful,aclu,Advancing,Reported favorably and re-referred to committee,2026-01-29
2026,MD,H.B.0356,Religious exemptions | Weakening Civil Rights Laws,harmful,aclu,Advancing,House hearing,2026-02-17
2026,MD,S.B.0050,Restricting student & educator rights | School sports bans,harmful,aclu,Advancing,Senate hearing,2026-02-18
2026,IA,H.S.B.542,Other anti-LGBTQ bills,harmful,aclu,Advancing,House subcommittee reassigned,2026-01-20
2026,IA,H.S.B.537,Other anti-LGBTQ bills,harmful,aclu,Advancing,House subcommittee reassigned,2026-01-20
2026,IA,H.F.922,Other anti-LGBTQ bills,harmful,aclu,Advancing,House subcommittee hearing,2026-02-03
2026,IA,S.F.2063,Other school restrictions | Restricting student & educator rights,harmful,aclu,Advancing,Reported favorably by Senate subcommittee,2026-01-29
2026,IN,S.B.0182,Barriers to accurate IDs | Other anti-LGBTQ bills | Re-definition of sex | Weakening Civil Rights Laws,harmful,aclu,Advancing,Senate passed; House first read and referred to committee,2026-01-29
2026,IN,H.B.1389,Religious exemptions | Weakening Civil Rights Laws,harmful,aclu,Advancing,"House second read, engrossed, and amendment failed",2026-01-29
2026,ID,H.516,Curriculum censorship | Restricting student & educator rights,harmful,aclu,Advancing,Referred to House committee,2026-01-23
2026,HI,H.B.257,Barriers to accurate IDs |,harmful,aclu,Introduced,Carried over,2026-01-21
2026,HI,H.B.268,Restricting student & educator rights | School sports bans,harmful,aclu,Introduced,Carried over,2026-01-21
2026,HI,H.B.207,Restricting student & educator rights | School sports bans,harmful,aclu,Introduced,Carried over,2026-01-21
2026,FL,S.B. 1134,Other anti-LGBTQ bills,harmful,aclu,Advancing,On Senate committee agenda,2026-02-03
2026,FL,S.B. 1566,Other anti-LGBTQ bills,harmful,aclu,Advancing,Senate referred to committee,2026-01-16
2026,FL,S.B. 1642,Other anti-LGBTQ bills | Religious exemptions | Weakening Civil Rights Laws,harmful,aclu,Advancing,On Senate committee agenda,2026-02-02
2026,FL,S.B. 1444,Religious exemptions | Weakening Civil Rights Laws,harmful,aclu,Advancing,Reported favorably and re-referred to Senate committee,2026-01-28
2026,AZ,H.C.R.2044,Other school restrictions | Restricting student & educator rights,harmful,aclu,Advancing,House second read,2026-01-26
2026,AZ,S.B.1015,Healthcare restrictions | Other healthcare barriers,harmful,aclu,Advancing,Senate consent by Minority and Majority Caucus,2026-01-27
2026,AZ,H.B.2249,Forced outing in schools | Restricting student & educator rights,harmful,aclu,Advancing,House consent by Minority and Majority Caucus,2026-01-27
2026,AZ,S.C.R.1006,Other school restrictions | Religious exemptions | Restricting student & educator rights | School facilities bans | Weakening Civil Rights Laws,harmful,aclu,Advancing,Reported favorably by Senate committee,2026-01-28
2026,AZ,S.B.1095,Healthcare age restrictions | Healthcare restrictions |,harmful,aclu,Advancing,Reported favorably by Senate committee,2026-01-28
2026,WV,S.B.590,Drag bans | Free speech & expression bans |,harmful,aclu,Advancing,Referred to Senate committee,2026-01-23
2026,WV,S.B.629,Healthcare age restrictions | Healthcare funding restrictions | Healthcare restrictions | Other healthcare barriers | Other school restrictions | Restricting student & educator rights,harmful,aclu,Advancing,Referred to Senate committee,2026-01-27
2026,UT,S.B.212,Religious exemptions | Weakening Civil Rights Laws,harmful,aclu,Advancing,Referred to Senate committee,2026-01-30
2026,TN,S.B.2118,Healthcare funding restrictions | Healthcare restrictions |,harmful,aclu,Introduced,,2026-01-22
2026,SD,H.B.1153,Healthcare restrictions | Other healthcare barriers | Religious exemptions | Weakening Civil Rights Laws,harmful,aclu,Advancing,House first read and referred to committee,2026-01-27
2026,SD,S.B.190,Curriculum censorship | Forced outing in schools | Other school restrictions | Restricting student & educator rights,harmful,aclu,Advancing,Senate first read and referred to committee,2026-01-29
2026,RI,S.B.2293,Restricting student & educator rights | School sports bans,harmful,aclu,Advancing,Referred to Senate committee,2026-01-23
2026,NM,H.B. 233,Restricting student & educator rights | School sports bans,harmful,aclu,Introduced,,2026-01-29
2026,NJ,A.1847,Healthcare age restrictions | Healthcare restrictions |,harmful,aclu,Advancing,Referred to Assembly committee,2026-01-13
2026,NJ,A.673,Restricting student & educator rights | School sports bans,harmful,aclu,Advancing,Referred to Assembly committee,2026-01-13
2026,NJ,A.1605,Curriculum censorship | Restricting student & educator rights,harmful,aclu,Advancing,Referred to Assembly committee,2026-01-13
2026,NJ,A.3021,Curriculum censorship | Restricting student & educator rights,harmful,aclu,Advancing,Referred to Assembly committee,2026-01-13
2026,MS,S.B. 2719,Drag bans | Free speech & expression bans |,harmful,aclu,Advancing,Referred to Senate committee,2026-01-19
2026,MS,S.B. 2342,Public accommodation bans | Restricting student & educator rights | School facilities bans,harmful,aclu,Advancing,Referred to Senate committee,2026-01-19
2026,MS,S.B. 2735,Healthcare funding restrictions | Healthcare restrictions |,harmful,aclu,Advancing,Referred to Senate committee,2026-01-19
2026,MI,H.B.5491,Other anti-LGBTQ bills,harmful,aclu,Advancing,House first read and referred to committee,2026-01-29
2026,KS,S.B.244,Barriers to accurate IDs | Public accommodation bans | Re-definition of sex | Restricting student & educator rights | School facilities bans | Weakening Civil Rights Laws,harmful,aclu,Advancing,House passed substitute bill as amended; Senate concurred,2026-01-28
2026,HI,H.B.2513,Healthcare age restrictions | Healthcare restrictions |,harmful,aclu,Advancing,House first read,2026-01-28
2026,MD,H.B.0063,Restricting student & educator rights | School facilities bans | School sports bans,harmful,aclu,Advancing,House hearing,2026-02-05
2026,KY,H.B.334,Other civil rights restrictions | Re-definition of sex | Weakening Civil Rights Laws,harmful,aclu,Advancing,Referred to House committee,2026-01-21
2026,IA,S.F.2003,Curriculum censorship | Restricting student & educator rights,harmful,aclu,Advancing,Reported favorably by Senate subcommittee,2026-01-21
2026,FL,H.B. 743,Healthcare age restrictions | Healthcare restrictions |,harmful,aclu,Advancing,House first read as substituted and referred to subcommittee,2026-01-21
2026,AZ,H.C.R.2003,Restricting student & educator rights | School facilities bans | School sports bans,harmful,aclu,Advancing,Reported favorably by House committee,2026-01-20
2026,AZ,H.B.2589,Drag bans | Free speech & expression bans |,harmful,aclu,Advancing,House second read,2026-01-21
2026,AZ,S.B.1177,Healthcare funding restrictions | Healthcare restrictions |,harmful,aclu,Advancing,Senate second read,2026-01-21
2026,AZ,H.B.2085,Healthcare age restrictions | Healthcare restrictions |,harmful,aclu,Advancing,Reported favorably by House committee,2026-01-22
2026,WV,H.B.4171,Barriers to accurate IDs |,harmful,aclu,Advancing,Referred to House committee,2026-01-14
2026,WV,S.B.507,Healthcare restrictions | Other healthcare barriers,harmful,aclu,Advancing,Referred to Senate committee,2026-01-19
2026,UT,S.B.174,Healthcare restrictions | Other healthcare barriers | Religious exemptions | Weakening Civil Rights Laws,harmful,aclu,Advancing,Senate first read and referred to committee,2026-01-06
2026,SC,S.B.0840,Curriculum censorship | Forced outing in schools | Restricting student & educator rights,harmful,aclu,Advancing,Senate first read and referred to committee,2026-01-21
2026,MS,H.B. 1200,Restricting student & educator rights | School facilities bans,harmful,aclu,Advancing,Referred to House committee,2026-01-19
2026,MS,S.B. 2602,Curriculum censorship | Other school restrictions | Restricting student & educator rights,harmful,aclu,Advancing,Referred to House committee,2026-01-19
2026,MS,S.B. 2345,Restricting student & educator rights | School facilities bans,harmful,aclu,Advancing,Referred to House committee,2026-01-19
2026,MS,S.B. 2525,Curriculum censorship | Restricting student & educator rights,harmful,aclu,Advancing,Referred to House committee,2026-01-19
2026,MS,H.B. 1659,Curriculum censorship | Other school restrictions | Restricting student & educator rights,harmful,aclu,Advancing,Referred to House committee,2026-01-19
2026,MS,H.B. 1309,Forced outing in schools | Other school restrictions | Restricting student & educator rights,harmful,aclu,Advancing,Referred to House committee,2026-01-19
2026,MS,H.B. 1072,Healthcare restrictions | Other healthcare barriers,harmful,aclu,Advancing,Reported favorably by House committee,2026-01-22
2026,IA,H.F.2121,Curriculum censorship | Restricting student & educator rights,harmful,aclu,Advancing,House subcommittee hearing,2026-01-27
2026,IL,H.B.4482,Healthcare age restrictions | Healthcare restrictions |,harmful,aclu,Advancing,House first read and referred to committee,2026-01-20
2026,DE,S.B. 215,Restricting student & educator rights | School sports bans,harmful,aclu,Advancing,Referred to Senate committee,2026-01-08
2026,WV,H.B.4083,Healthcare restrictions | Other healthcare barriers,harmful,aclu,Advancing,Referred to House committee,2026-01-14
2026,WV,H.B.4143,Other anti-LGBTQ bills | Other civil rights restrictions | Re-definition of sex | Weakening Civil Rights Laws,harmful,aclu,Advancing,Referred to House committee,2026-01-14
2026,WV,H.B.4356,Healthcare restrictions | Other healthcare barriers,harmful,aclu,Advancing,Referred to House committee,2026-01-15
2026,WA,S.B. 6191,Healthcare age restrictions | Healthcare restrictions |,harmful,aclu,Advancing,House first read and referred to committee,2026-01-16
2026,VA,H.B. 532,Forced outing in schools | Healthcare restrictions | Other healthcare barriers | Other school restrictions | Restricting student & educator rights,harmful,aclu,Advancing,Referred to House committee,2026-01-15
2026,UT,H.B.183,Barriers to accurate IDs | Healthcare restrictions | Other anti-LGBTQ bills | Other civil rights restrictions | Other healthcare barriers | Re-definition of sex | Restricting student & educator rights | School facilities bans | Weakening Civil Rights Laws,harmful,aclu,Introduced,Pre-filed,2026-01-20
2026,UT,H.B.95,Other school restrictions | Religious exemptions | Restricting student & educator rights | Weakening Civil Rights Laws,harmful,aclu,Introduced,Pre-filed,2026-01-20
2026,TN,H.B.1474,Free speech & expression bans | Other expression restrictions,harmful,aclu,Advancing,Passed on second consideration and assigned to House subcommittee,2026-01-14
2026,SC,S.B.0733,Drag bans | Free speech & expression bans |,harmful,aclu,Advancing,Senate first read and referred to committee,2026-01-13
2026,PA,H.B.1956,Other civil rights restrictions | Weakening Civil Rights Laws,harmful,aclu,Introduced,Carried over,2026-01-06
2026,OK,S.B.1866,Curriculum censorship | Restricting student & educator rights,harmful,aclu,Advancing,"Pre-filed, first reading scheduled",2026-02-02
2026,OK,S.B.1793,Healthcare funding restrictions | Healthcare restrictions |,harmful,aclu,Advancing,"Pre-filed, first reading scheduled",2026-02-02
2026,OK,H.B.3130,Healthcare age restrictions | Healthcare funding restrictions | Healthcare restrictions | Other healthcare barriers,harmful,aclu,Advancing,"Pre-filed, first reading scheduled",2026-02-02
2026,OK,H.B.3136,Healthcare restrictions | Other healthcare barriers | Religious exemptions | Weakening Civil Rights Laws,harmful,aclu,Advancing,"Pre-filed, first reading scheduled",2026-02-02
2026,OK,H.B.3138,Other school restrictions | Restricting student & educator rights,harmful,aclu,Advancing,"Pre-filed, first reading scheduled",2026-02-02
2026,OK,H.B.3242,Public accommodation bans | Restricting student & educator rights | School facilities bans,harmful,aclu,Advancing,"Pre-filed, first reading scheduled",2026-02-02
2026,OK,H.B.3586,Healthcare restrictions | Other healthcare barriers,harmful,aclu,Advancing,"Pre-filed, first reading scheduled",2026-02-02
2026,OK,H.B.3502,Healthcare restrictions | Other healthcare barriers,harmful,aclu,,,
2026,OK,H.B.3798,Healthcare funding restrictions | Healthcare restrictions |,harmful,aclu,Advancing,"Pre-filed, first reading scheduled",2026-02-02
2026,OK,H.B.3132,Other school restrictions | Restricting student & educator rights,harmful,aclu,Advancing,"Pre-filed, first reading scheduled",2026-02-02
2026,NJ,S.856,Restricting student & educator rights | School sports bans,harmful,aclu,Advancing,Referred to Senate committee,2026-01-13
2026,NH,S.B.459,Other anti-LGBTQ bills | Restricting student & educator rights | School facilities bans | School sports bans,harmful,aclu,Advancing,Referred to Senate committee,2026-01-07
2026,NH,S.B.552,Other civil rights restrictions | Weakening Civil Rights Laws,harmful,aclu,Advancing,Referred to Senate committee,2026-01-07
2026,NH,H.B.1299,Other civil rights restrictions | Weakening Civil Rights Laws,harmful,aclu,Advancing,Referred to House committee,2026-01-07
2026,NH,H.B.1217,Other civil rights restrictions | Weakening Civil Rights Laws,harmful,aclu,,,
2026,NH,H.B.1376,Healthcare restrictions | Other anti-LGBTQ bills | Other healthcare barriers,harmful,aclu,Advancing,House referred to committee,2026-01-07
2026,NH,H.B.1442,Other anti-LGBTQ bills | Other civil rights restrictions | Public accommodation bans | Re-definition of sex | Restricting student & educator rights | School facilities bans | Weakening Civil Rights Laws,harmful,aclu,Advancing,House referred to committee,2025-12-04
2026,NH,H.B.1447,Other anti-LGBTQ bills | Other civil rights restrictions | Public accommodation bans | Re-definition of sex | Restricting student & educator rights | School facilities bans | Weakening Civil Rights Laws,harmful,aclu,Advancing,Referred to House committee,2026-01-07
2026,NH,H.B.1564,Other civil rights restrictions | Weakening Civil Rights Laws,harmful,aclu,Advancing,House referred to committee,2026-01-07
2026,NE,L.B.731,Healthcare restrictions | Other healthcare barriers,harmful,aclu,Advancing,Senate committee hearing,2026-01-29
2026,MO,H.B. 2076,Barriers to accurate IDs |,harmful,aclu,Advancing,House second read,2026-01-08
2026,MO,H.B. 2973,Restricting student & educator rights | School facilities bans | School sports bans,harmful,aclu,Advancing,House second read,2026-01-15
2026,MO,S.B. 1085,Curriculum censorship | Forced outing in schools | Other school restrictions | Restricting student & educator rights | School facilities bans | School sports bans,harmful,aclu,Advancing,Senate second read and referred to committee,2026-01-15
2026,MO,S.B. 1028,Re-definition of sex | Restricting student & educator rights | School sports bans | Weakening Civil Rights Laws,harmful,aclu,Advancing,Senate second read and referred to committee,2026-01-15
2026,MO,S.B. 1476,Drag bans | Free speech & expression bans |,harmful,aclu,Advancing,Senate first read,2026-01-07
2026,MO,S.B. 1141,Religious exemptions | Weakening Civil Rights Laws,harmful,aclu,Advancing,Senate second read and referred to committee,2026-01-15
2026,MO,H.B. 2407,Drag bans | Free speech & expression bans |,harmful,aclu,Advancing,House second read,2026-01-08
2026,MO,H.B. 1779,Re-definition of sex | Weakening Civil Rights Laws,harmful,aclu,Advancing,Senate second read,2026-01-08
2026,MO,H.B. 2565,Restricting student & educator rights | School sports bans,harmful,aclu,Advancing,House second read,2026-01-08
2026,MO,H.B. 2548,Other anti-LGBTQ bills,harmful,aclu,Advancing,House second read,2026-01-08
2026,MO,H.B. 2536,Other school restrictions | Public accommodation bans | Restricting student & educator rights | School facilities bans | School sports bans,harmful,aclu,Advancing,House referred to committee,2026-01-15
2026,MO,S.B. 1010,Healthcare restrictions | Other healthcare barriers,harmful,aclu,Advancing,Senate second read and referred to committee,2026-01-08
2026,MO,H.B. 2580,Curriculum censorship | Forced outing in schools | Other school restrictions | Restricting student & educator rights | School facilities bans | School sports bans,harmful,aclu,Advancing,House second read and referred to committee,2026-01-08
2026,MO,H.B. 2075,Public accommodation bans | Restricting student & educator rights | School facilities bans,harmful,aclu,Advancing,House second read and referred to committee,2026-01-08
2026,MO,H.B. 1702,Drag bans | Free speech & expression bans |,harmful,aclu,Advancing,House second read,2026-01-08
2026,MS,H.B. 866,Healthcare restrictions | Other healthcare barriers,harmful,aclu,Advancing,House referred to committee,2026-01-16
2026,KY,H.B.170,Religious exemptions | Weakening Civil Rights Laws,harmful,aclu,Advancing,Referred to House committee,2026-01-14
2026,KS,H.B.2426,Barriers to accurate IDs | Other anti-LGBTQ bills | Re-definition of sex | Weakening Civil Rights Laws,harmful,aclu,Advancing,House committee meeting,2026-01-13
2026,IN,S.B.0215,Barriers to accurate IDs | Curriculum censorship | Other anti-LGBTQ bills | Other school restrictions | Public accommodation bans | Re-definition of sex | Restricting student & educator rights | School facilities bans | Weakening Civil Rights Laws,harmful,aclu,Advancing,Senate first read and referred to committee,2026-01-08
2026,IN,S.B.0174,Healthcare restrictions | Other healthcare barriers | Religious exemptions | Weakening Civil Rights Laws,harmful,aclu,Advancing,First read and referred to committee,2026-01-12
2026,IN,H.B.1316,Religious exemptions | Weakening Civil Rights Laws,harmful,aclu,Advancing,First read and referred to committee,2026-01-06
2026,IN,H.B.1427,Healthcare restrictions | Other healthcare barriers,harmful,aclu,Advancing,First read and referred to committee,2026-01-08
2026,IN,H.B.1362,Other anti-LGBTQ bills | Public accommodation bans | Restricting student & educator rights | School facilities bans,harmful,aclu,Advancing,House first read and referred to committee,2026-01-08
2026,IL,H.B.4241,Other school restrictions | Restricting student & educator rights,harmful,aclu,Advancing,House first read and referred to committee,2026-01-14
2026,FL,H.B. 347,Free speech & expression bans | Other expression restrictions | Other school restrictions | Restricting student & educator rights,harmful,aclu,Advancing,House first read,2026-01-13
2026,FL,S.B. 426,Free speech & expression bans | Other expression restrictions | Other school restrictions | Restricting student & educator rights,harmful,aclu,Introduced,,2026-01-13
2026,FL,H.B. 641,Other anti-LGBTQ bills | Religious exemptions | Weakening Civil Rights Laws,harmful,aclu,Advancing,House first read,2026-01-13
2026,FL,H.B. 1001,Other anti-LGBTQ bills,harmful,aclu,Advancing,House first read,2026-01-13
2026,FL,H.B. 1227,Religious exemptions | Weakening Civil Rights Laws,harmful,aclu,Advancing,Referred to House subcommittee,2026-01-15
2026,FL,H.B. 1329,Other anti-LGBTQ bills,harmful,aclu,Advancing,Referred to House subcommittee,2026-01-15
2026,CT,S.B.872,Restricting student & educator rights | School sports bans,harmful,aclu,Introduced,Pre-filed,2026-02-04
2026,AZ,S.B.1094,Healthcare restrictions | Other healthcare barriers,harmful,aclu,Advancing,Senate second read,2026-01-14
2026,AZ,S.B.1099,Healthcare restrictions | Other healthcare barriers,harmful,aclu,Advancing,Senate second read,2026-01-14
2026,AL,H.B.23,Curriculum censorship | Free speech & expression bans | Other expression restrictions | Other school restrictions | Restricting student & educator rights,harmful,aclu,Advancing,House first read and referred to committee,2026-01-13
2026,WI,S.B.40,Free speech & expression bans | Other expression restrictions | Other school restrictions | Restricting student & educator rights,harmful,aclu,Introduced,Carried over,2026-01-13
2026,WI,A.B.100,Restricting student & educator rights | School facilities bans | School sports bans,harmful,aclu,Advancing,Passed House; Senate committee recommended concurrence and made available for scheduling,2026-01-16
2026,WI,A.B.102,Restricting student & educator rights | School facilities bans | School sports bans,harmful,aclu,Advancing,Passed House; Senate committee recommended concurrence and made available for scheduling,2026-01-16
2026,WI,A.B.104,Healthcare age restrictions | Healthcare restrictions |,harmful,aclu,Advancing,Passed House; Senate committee recommended concurrence and made available for scheduling,2026-01-16
2026,WI,S.B.157,Healthcare age restrictions | Healthcare restrictions |,harmful,aclu,Introduced,Carried over,2026-01-13
2026,WI,A.B.58,Free speech & expression bans | Other expression restrictions | Other school restrictions | Restricting student & educator rights,harmful,aclu,Introduced,Carried over,2026-01-13
2026,WI,S.B.312,Barriers to accurate IDs |,harmful,aclu,Introduced,Carried over,2026-01-13
2026,WI,S.B.405,Healthcare restrictions | Other healthcare barriers,harmful,aclu,Introduced,Carried over,2026-01-13
2026,WI,A.B.103,Other school restrictions | Restricting student & educator rights,harmful,aclu,Advancing,House passed; Senate committee recommended concurrence and made available for scheduling,2026-01-09
2026,WI,A.B.124,Barriers to accurate IDs |,harmful,aclu,Advancing,House laid on the table,2026-01-13
2026,WI,S.B.117,Restricting student & educator rights | School facilities bans | School sports bans,harmful,aclu,Advancing,Senate amendment offered,2026-01-08
2026,WI,A.B.311,Barriers to accurate IDs |,harmful,aclu,Advancing,Reported favorably by Assembly committee as amended and re-referred to committee,2026-01-15
2026,WI,A.B.400,Healthcare restrictions | Other healthcare barriers,harmful,aclu,Advancing,Reported favorably by Assembly committee and re-referred to committee,2026-01-15
2026,WI,S.B.116,Restricting student & educator rights | School facilities bans | School sports bans,harmful,aclu,Advancing,Senate amendment offered,2026-01-08
2026,WI,S.B.146,Barriers to accurate IDs |,harmful,aclu,Advancing,Passed Senate and House; reported correctly enrolled,2026-01-15
2026,WI,S.B.120,Other school restrictions | Restricting student & educator rights,harmful,aclu,Advancing,Reported favorably as amended by Senate committee and available for scheduling,2026-01-09
2026,WV,S.B.278,Drag bans | Free speech & expression bans |,harmful,aclu,Introduced,Carried over,2026-01-14
2026,WV,S.B.207,Drag bans | Free speech & expression bans |,harmful,aclu,Introduced,Carried over,2026-01-14
2026,WV,H.B.2127,Public accommodation bans | Re-definition of sex | Restricting student & educator rights | School facilities bans | Weakening Civil Rights Laws,harmful,aclu,Introduced,Carried over,2026-01-14
2026,WV,H.B.2153,Religious exemptions | Weakening Civil Rights Laws,harmful,aclu,Introduced,Carried over,2026-01-14
2026,WV,S.B.244,Public accommodation bans | Re-definition of sex | Restricting student & educator rights | School facilities bans | Weakening Civil Rights Laws,harmful,aclu,Introduced,Carried over,2026-01-14
2026,WV,H.B.2071,Forced outing in schools | Restricting student & educator rights,harmful,aclu,Introduced,Carried over,2026-01-14
2026,WV,S.B.279,Healthcare age restrictions | Healthcare restrictions |,harmful,aclu,Introduced,Carried over,2026-01-14
2026,WV,S.B.276,Drag bans | Free speech & expression bans |,harmful,aclu,Introduced,Carried over,2026-01-14
2026,WV,S.B.431,Drag bans | Free speech & expression bans |,harmful,aclu,Introduced,Carried over,2026-01-14
2026,WV,S.B.424,Other anti-LGBTQ bills | Other school restrictions | Restricting student & educator rights,harmful,aclu,Introduced,Carried over,2026-01-14
2026,WV,H.B.2375,Healthcare restrictions | Other healthcare barriers,harmful,aclu,Introduced,Carried over,2026-01-14
2026,WV,H.B.2072,Healthcare restrictions | Other healthcare barriers | Religious exemptions | Weakening Civil Rights Laws,harmful,aclu,Introduced,Carried over,2026-01-14
2026,WV,S.B.507,Drag bans | Free speech & expression bans |,harmful,aclu,Introduced,Carried over,2026-01-14
2026,WV,H.B.2403,Healthcare age restrictions | Healthcare restrictions |,harmful,aclu,Introduced,Carried over,2026-01-14
2026,WV,H.B.2466,Healthcare age restrictions | Healthcare restrictions |,harmful,aclu,Introduced,Carried over,2026-01-14
2026,WV,H.B.2574,Other anti-LGBTQ bills,harmful,aclu,Introduced,Carried over,2026-01-14
2026,WV,H.B.2005,Other school restrictions | Restricting student & educator rights,harmful,aclu,Introduced,Carried over,2026-01-14
2026,WV,H.B.2526,Restricting student & educator rights | School facilities bans,harmful,aclu,Introduced,Carried over,2026-01-14
2026,WV,H.B.2033,Religious exemptions | Weakening Civil Rights Laws,harmful,aclu,Introduced,Carried over,2026-01-14
2026,WV,H.B.2962,Barriers to accurate IDs |,harmful,aclu,Introduced,Carried over,2026-01-14
2026,WV,H.B.2006,Other anti-LGBTQ bills | Re-definition of sex | Restricting student & educator rights | School facilities bans | Weakening Civil Rights Laws,harmful,aclu,Introduced,Carried over,2026-01-14
2026,WV,H.B.3319,Other anti-LGBTQ bills | Other school restrictions | Restricting student & educator rights,harmful,aclu,Introduced,Carried over,2026-01-14
2026,WV,S.B.841,Curriculum censorship | Healthcare funding restrictions | Healthcare restrictions | Other anti-LGBTQ bills | Restricting student & educator rights,harmful,aclu,Introduced,Carried over,2026-01-14
2026,WV,S.B.663,Other anti-LGBTQ bills,harmful,aclu,Introduced,Carried over,2026-01-14
2026,WA,S.B. 5136,Other school restrictions | Religious exemptions | Restricting student & educator rights | Weakening Civil Rights Laws,harmful,aclu,Advancing,"Reintroduced, first read, and referred to House committee",2026-01-12
2026,WA,H.B. 1038,Healthcare age restrictions | Healthcare restrictions |,harmful,aclu,Advancing,"Reintroduced, first read, and referred to House committee",2026-01-12
2026,WA,H.B. 1027,Other anti-LGBTQ bills,harmful,aclu,Advancing,"Reintroduced, first read, and referred to House committee",2026-01-12
2026,WA,H.B. 1699,Restricting student & educator rights | School sports bans,harmful,aclu,Advancing,"By resolution, reintroduced and retained in present status.",2026-01-12
2026,TN,H.B.0315,Other anti-LGBTQ bills,harmful,aclu,Introduced,Carried over,2026-01-13
2026,TN,S.B.0737,Other anti-LGBTQ bills,harmful,aclu,Introduced,Carried over,2026-01-13
2026,TN,S.B.1126,Other school restrictions | Restricting student & educator rights,harmful,aclu,Introduced,Carried over,2026-01-13
2026,TN,H.B.1262,Other school restrictions | Restricting student & educator rights,harmful,aclu,Introduced,Carried over,2026-01-13
2026,TN,H.B.0754,Healthcare restrictions | Other healthcare barriers,harmful,aclu,Introduced,Carried over,2026-01-13
2026,TN,S.B.0936,Re-definition of sex | Weakening Civil Rights Laws,harmful,aclu,Introduced,Carried over,2026-01-13
2026,TN,H.B.1044,Healthcare restrictions | Other healthcare barriers | Religious exemptions | Weakening Civil Rights Laws,harmful,aclu,Introduced,Carried over,2026-01-13
2026,TN,S.B.1252,Other school restrictions | Restricting student & educator rights,harmful,aclu,Introduced,Carried over,2026-01-13
2026,TN,H.B.0571,Other anti-LGBTQ bills | Other civil rights restrictions | Re-definition of sex | Restricting student & educator rights | School facilities bans | Weakening Civil Rights Laws,harmful,aclu,Introduced,Carried over,2026-01-13
2026,TN,S.B.0676,Healthcare restrictions | Other healthcare barriers,harmful,aclu,Introduced,Carried over,2026-01-13
2026,TN,S.B.0468,Other anti-LGBTQ bills | Other civil rights restrictions | Re-definition of sex | Restricting student & educator rights | School facilities bans | Weakening Civil Rights Laws,harmful,aclu,Introduced,Carried over,2026-01-13
2026,SC,H.B.3433,Other anti-LGBTQ bills,harmful,aclu,Introduced,Carried over,2026-01-13
2026,SC,S.B.0162,Barriers to accurate IDs |,harmful,aclu,Introduced,Carried over,2026-01-13
2026,SC,H.B.3095,Barriers to accurate IDs |,harmful,aclu,Introduced,Carried over,2026-01-13
2026,SC,H.B.3263,Restricting student & educator rights | School facilities bans,harmful,aclu,Introduced,Carried over,2026-01-13
2026,SC,S.B.0199,Restricting student & educator rights | School facilities bans,harmful,aclu,Introduced,Carried over,2026-01-13
2026,SC,H.B.3506,Re-definition of sex | Weakening Civil Rights Laws,harmful,aclu,Introduced,Carried over,2026-01-13
2026,SC,H.B.3121,Religious exemptions | Weakening Civil Rights Laws,harmful,aclu,Introduced,Carried over,2026-01-13
2026,SC,H.B.3118,Curriculum censorship | Forced outing in schools | Other anti-LGBTQ bills | Restricting student & educator rights,harmful,aclu,Introduced,Carried over,2026-01-13
2026,SC,H.B.3011,Forced outing in schools | Other anti-LGBTQ bills | Restricting student & educator rights,harmful,aclu,Introduced,Carried over,2026-01-13
2026,SC,H.B.3094,Healthcare restrictions | Other anti-LGBTQ bills | Other healthcare barriers,harmful,aclu,Introduced,Carried over,2026-01-13
2026,SC,S.B.0243,Curriculum censorship | Forced outing in schools | Restricting student & educator rights,harmful,aclu,Introduced,Carried over,2026-01-13
2026,SC,S.B.0240,Healthcare restrictions | Other anti-LGBTQ bills | Other healthcare barriers,harmful,aclu,Introduced,Carried over,2026-01-13
2026,SC,S.B.0322,Other school restrictions | Restricting student & educator rights,harmful,aclu,Introduced,Carried over,2026-01-13
2026,SC,S.B.0368,Other anti-LGBTQ bills | Other school restrictions | Restricting student & educator rights,harmful,aclu,Introduced,Carried over,2026-01-13
2026,SC,S.B.0540,Healthcare restrictions | Other anti-LGBTQ bills | Other healthcare barriers | Religious exemptions | Weakening Civil Rights Laws,harmful,aclu,Introduced,Carried over,2026-01-13
2026,SC,H.B.4302,Other anti-LGBTQ bills,harmful,aclu,Introduced,Carried over,2026-01-13
2026,SC,H.B.3927,Other anti-LGBTQ bills | Other school restrictions | Restricting student & educator rights,harmful,aclu,Introduced,Carried over,2026-01-13
2026,SC,S.B.0054,Healthcare restrictions | Other healthcare barriers | Religious exemptions | Weakening Civil Rights Laws,harmful,aclu,Introduced,Carried over,2026-01-13
2026,SC,H.B.4465,Other anti-LGBTQ bills | Restricting student & educator rights | School facilities bans,harmful,aclu,Introduced,Carried over,2026-01-13
2026,SC,H.B.4515,Barriers to accurate IDs | Healthcare age restrictions | Healthcare restrictions |,harmful,aclu,Introduced,Carried over,2026-01-13
2026,PA,S.B.213,Barriers to accurate IDs | Healthcare restrictions | Other anti-LGBTQ bills | Prison healthcare restrictions | Public accommodation bans | Re-definition of sex | Restricting student & educator rights | School facilities bans | Weakening Civil Rights Laws,harmful,aclu,Introduced,Carried over,2026-01-06
2026,PA,H.B.581,Curriculum censorship | Forced outing in schools | Restricting student & educator rights,harmful,aclu,Introduced,Carried over,2026-01-06
2026,PA,H.B.987,Other anti-LGBTQ bills,harmful,aclu,Introduced,Carried over,2026-01-06
2026,PA,H.B.1033,Healthcare age restrictions | Healthcare restrictions |,harmful,aclu,Introduced,Carried over,2026-02-02
2026,PA,S.B.843,Healthcare age restrictions | Healthcare restrictions |,harmful,aclu,Introduced,Carried over,2026-01-06
2026,PA,H.B.158,Restricting student & educator rights | School sports bans,harmful,aclu,Introduced,Carried over,2026-02-02
2026,PA,S.B.9,Restricting student & educator rights | School sports bans,harmful,aclu,Introduced,Carried over,2026-01-06
2026,PA,H.B.1849,Restricting student & educator rights | School sports bans,harmful,aclu,Introduced,Carried over,2026-01-06
2026,OK,H.B.1225,Barriers to accurate IDs |,harmful,aclu,Introduced,Carried over,2026-02-02
2026,OK,S.B.591,Other school restrictions | Restricting student & educator rights,harmful,aclu,Introduced,Carried over,2026-02-02
2026,OK,S.B.228,Other anti-LGBTQ bills,harmful,aclu,Introduced,Carried over,2026-02-02
2026,OK,H.B.2149,Healthcare restrictions | Other healthcare barriers,harmful,aclu,Introduced,Carried over,2026-02-02
2026,OK,S.B.413,Curriculum censorship | Restricting student & educator rights,harmful,aclu,Introduced,Carried over,2026-02-02
2026,OK,S.B.958,Healthcare restrictions | Other healthcare barriers,harmful,aclu,Introduced,Carried over,2026-02-02
2026,OK,H.B.1361,Forced outing in schools | Other school restrictions | Restricting student & educator rights,harmful,aclu,Introduced,Carried over,2026-02-02
2026,OK,S.B.550,Drag bans | Free speech & expression bans |,harmful,aclu,Introduced,Carried over,2026-02-02
2026,OK,S.B.759,Curriculum censorship | Forced outing in schools | Other school restrictions | Restricting student & educator rights,harmful,aclu,Introduced,Carried over,2026-02-02
2026,OK,S.B.977,Drag bans | Free speech & expression bans |,harmful,aclu,Introduced,Carried over,2026-02-02
2026,OK,S.B.1049,Healthcare age restrictions | Healthcare restrictions | Other healthcare barriers,harmful,aclu,Introduced,Carried over,2026-02-02
2026,OK,S.B.959,Religious exemptions | Weakening Civil Rights Laws,harmful,aclu,Introduced,Carried over,2026-02-02
2026,OK,H.B.1344,Religious exemptions | Weakening Civil Rights Laws,harmful,aclu,Introduced,Carried over,2026-02-02
2026,OK,S.B.665,Religious exemptions | Weakening Civil Rights Laws,harmful,aclu,Introduced,Carried over,2026-02-02
2026,OK,S.B.210,Other anti-LGBTQ bills,harmful,aclu,Introduced,Carried over,2026-02-02
2026,OK,S.B.848,Curriculum censorship | Other school restrictions | Restricting student & educator rights,harmful,aclu,Introduced,Carried over,2026-02-02
2026,OK,S.B.847,Curriculum censorship | Forced outing in schools | Other school restrictions | Restricting student & educator rights,harmful,aclu,Introduced,Carried over,2026-02-02
2026,OK,S.B.1002,Healthcare funding restrictions | Healthcare restrictions | Other healthcare barriers,harmful,aclu,Introduced,Carried over,2026-02-02
2026,OK,H.B.1964,Curriculum censorship | Other anti-LGBTQ bills | Restricting student & educator rights,harmful,aclu,Introduced,Carried over,2026-02-02
2026,OK,S.B.1107,Other anti-LGBTQ bills,harmful,aclu,Introduced,Carried over,2026-02-02
2026,OK,S.B.845,Other anti-LGBTQ bills,harmful,aclu,Introduced,Carried over,2026-02-02
2026,OK,H.B.1219,Free speech & expression bans | Other anti-LGBTQ bills | Other expression restrictions | Other school restrictions | Restricting student & educator rights,harmful,aclu,Introduced,Carried over,2026-02-02
2026,OH,H.B.457,Other civil rights restrictions | Weakening Civil Rights Laws,harmful,aclu,Introduced,Carried over,2026-01-05
2026,OK,H.B.1224,Religious exemptions | Weakening Civil Rights Laws,harmful,aclu,Introduced,Carried over,2026-02-02
2026,OH,H.B.172,Healthcare age restrictions | Healthcare restrictions |,harmful,aclu,Introduced,Carried over,2026-01-05
2026,OH,H.B.190,Forced outing in schools | Other school restrictions | Restricting student & educator rights,harmful,aclu,Introduced,Carried over,2026-01-05
2026,OH,S.B.209,Religious exemptions | Weakening Civil Rights Laws,harmful,aclu,Introduced,Carried over,2026-01-05
2026,NC,S516,Barriers to accurate IDs | Other anti-LGBTQ bills | Re-definition of sex | Restricting student & educator rights | School facilities bans | Weakening Civil Rights Laws,harmful,aclu,Introduced,Carried over,2026-04-21
2026,NC,H595,Curriculum censorship | Other anti-LGBTQ bills | Restricting student & educator rights,harmful,aclu,Introduced,Carried over,2026-04-21
2026,NC,H776,Religious exemptions | Weakening Civil Rights Laws,harmful,aclu,Introduced,Carried over,2026-04-21
2026,NC,H791,Barriers to accurate IDs | Re-definition of sex | Restricting student & educator rights | School facilities bans | Weakening Civil Rights Laws,harmful,aclu,Introduced,Carried over,2026-04-21
2026,NC,H1000,Healthcare restrictions | Other healthcare barriers,harmful,aclu,Introduced,Carried over,2026-04-21
2026,NC,H606,Healthcare restrictions | Other healthcare barriers,harmful,aclu,Introduced,Carried over,2026-04-21
2026,NC,H560,Healthcare restrictions | Other healthcare barriers,harmful,aclu,Introduced,Carried over,2026-04-21
2026,NY,A.7741,Restricting student & educator rights | School sports bans,harmful,aclu,Advancing,Referred to Assembly committee,2026-01-07
2026,NY,S.460,Restricting student & educator rights | School sports bans,harmful,aclu,Advancing,Referred to Senate committee,2026-01-07
2026,NY,S.4496,Restricting student & educator rights | School sports bans,harmful,aclu,Advancing,Referred to Senate committee,2026-01-07
2026,NY,S.7489,Restricting student & educator rights | School facilities bans,harmful,aclu,Advancing,Referred to Senate committee,2026-01-07
2026,NE,L.B.655,Religious exemptions | Weakening Civil Rights Laws,harmful,aclu,Advancing,Title printed,2026-01-07
2026,NE,L.B.552,Other anti-LGBTQ bills,harmful,aclu,Advancing,Title printed,2026-01-07
2026,NE,L.B.605,Other school restrictions | Restricting student & educator rights | School facilities bans | School sports bans,harmful,aclu,Introduced,Carried over,2026-01-07
2026,MN,S.F.716,Drag bans | Free speech & expression bans |,harmful,aclu,Introduced,Carried over,2026-02-17
2026,MN,S.F.744,Healthcare age restrictions | Healthcare restrictions |,harmful,aclu,Introduced,Carried over,2026-02-17
2026,MN,S.F.802,Restricting student & educator rights | School facilities bans | School sports bans,harmful,aclu,Introduced,Carried over,2026-02-17
2026,MN,S.F.886,Re-definition of sex | Weakening Civil Rights Laws,harmful,aclu,Introduced,Carried over,2026-02-17
2026,MN,S.F.916,Restricting student & educator rights | School sports bans,harmful,aclu,Introduced,Carried over,2026-02-17
2026,MN,H.F.565,Restricting student & educator rights | School facilities bans | School sports bans,harmful,aclu,Introduced,Carried over,2026-02-17
2026,MN,H.F.700,Other civil rights restrictions | Public accommodation bans | Re-definition of sex | Restricting student & educator rights | School facilities bans | Weakening Civil Rights Laws,harmful,aclu,Introduced,Carried over,2026-02-17
2026,MN,S.F.1651,Other civil rights restrictions | Public accommodation bans | Re-definition of sex | Restricting student & educator rights | School facilities bans | Weakening Civil Rights Laws,harmful,aclu,Introduced,Carried over,2026-02-17
2026,MN,S.F.1883,Restricting student & educator rights | School sports bans,harmful,aclu,Introduced,Carried over,2026-02-17
2026,MN,H.F.12,Restricting student & educator rights | School sports bans,harmful,aclu,Introduced,Carried over,2026-01-17
2026,MN,H.F.1233,Restricting student & educator rights | School sports bans,harmful,aclu,Introduced,Carried over,2026-02-17
2026,MN,S.F.2294,Restricting student & educator rights | School facilities bans | School sports bans,harmful,aclu,Introduced,Carried over,2026-02-17
2026,MN,S.F.2531,Restricting student & educator rights | School sports bans,harmful,aclu,Introduced,Carried over,2026-02-17
2026,MN,S.F.2817,Restricting student & educator rights | School sports bans,harmful,aclu,Introduced,Carried over,2026-02-17
2026,MN,H.F.2685,Restricting student & educator rights | School sports bans,harmful,aclu,Introduced,Carried over,2026-02-17
2026,MN,H.F.3151,Healthcare age restrictions | Healthcare restrictions |,harmful,aclu,Introduced,Carried over,2026-02-17
2026,MN,H.F.3170,Restricting student & educator rights | School sports bans,harmful,aclu,Introduced,Carried over,2026-02-17
2026,MN,S.F.10,Restricting student & educator rights | School sports bans,harmful,aclu,Introduced,Carried over,2026-02-17
2026,MN,H.F.19,Restricting student & educator rights | School sports bans,harmful,aclu,Introduced,Carried over,2026-02-17
2026,MI,S.B.0230,Forced outing in schools | Restricting student & educator rights | School sports bans,harmful,aclu,Introduced,Carried over,2026-01-14
2026,MI,H.B.4467,Healthcare age restrictions | Healthcare restrictions |,harmful,aclu,Introduced,Carried over,2026-01-14
2026,MI,S.B.0289,Healthcare age restrictions | Healthcare restrictions |,harmful,aclu,Introduced,Carried over,2026-01-14
2026,MI,H.B.4466,Healthcare age restrictions | Healthcare restrictions |,harmful,aclu,Introduced,Carried over,2026-01-14
2026,MI,S.B.0290,Healthcare age restrictions | Healthcare restrictions |,harmful,aclu,Introduced,Carried over,2026-01-14
2026,MI,H.B.4469,Other civil rights restrictions | Weakening Civil Rights Laws,harmful,aclu,Introduced,Carried over,2026-01-14
2026,MI,H.B.4066,Restricting student & educator rights | School sports bans,harmful,aclu,Introduced,Carried over,2026-01-14
2026,MI,H.B.4578,Curriculum censorship | Other school restrictions | Restricting student & educator rights,harmful,aclu,Introduced,Carried over,2026-01-14
2026,MI,H.B.4577,Restricting student & educator rights | School facilities bans | School sports bans,harmful,aclu,Introduced,Carried over,2026-01-14
2026,MI,H.B.4579,Restricting student & educator rights | School sports bans,harmful,aclu,Introduced,Carried over,2026-01-14
2026,MI,H.B.4580,Restricting student & educator rights | School sports bans,harmful,aclu,Introduced,Carried over,2026-01-14
2026,MI,H.B.4752,Other anti-LGBTQ bills,harmful,aclu,Introduced,Carried over,2026-01-14
2026,MI,H.B.4751,Other civil rights restrictions | Weakening Civil Rights Laws,harmful,aclu,Introduced,Carried over,2026-01-14
2026,MI,H.B.4776,Other anti-LGBTQ bills,harmful,aclu,Introduced,Carried over,2026-01-14
2026,MI,H.B.4777,Other civil rights restrictions | Weakening Civil Rights Laws,harmful,aclu,Introduced,Carried over,2026-01-14
2026,MI,H.B.4829,Religious exemptions | Weakening Civil Rights Laws,harmful,aclu,Introduced,Carried over,2026-01-14
2026,MI,H.B.4024,Restricting student & educator rights | School facilities bans,harmful,aclu,Introduced,Carried over,2026-01-14
2026,MI,H.B.4576,Curriculum censorship | Other school restrictions | Restricting student & educator rights,harmful,aclu,Introduced,Carried over,2026-01-14
2026,MA,H.D.4542,Healthcare age restrictions | Healthcare restrictions | Other healthcare barriers,harmful,aclu,Introduced,Carried over,2026-01-07
2026,MA,H.584,Restricting student & educator rights | School sports bans,harmful,aclu,Introduced,Carried over,2026-01-07
2026,IA,S.F.220,Healthcare restrictions | Other healthcare barriers | Religious exemptions | Weakening Civil Rights Laws,harmful,aclu,Advancing,Senate subcommittee meeting,2026-01-22
2026,IA,S.F.8,Other school restrictions | Restricting student & educator rights,harmful,aclu,Introduced,Carried over,2026-01-12
2026,IA,H.F.571,Healthcare restrictions | Other healthcare barriers | Religious exemptions | Weakening Civil Rights Laws,harmful,aclu,Introduced,Carried over,2026-01-12
2026,IL,H.B.1214,Healthcare age restrictions | Healthcare restrictions |,harmful,aclu,Introduced,Carried over,2026-01-14
2026,IL,H.B.1216,Restricting student & educator rights | School sports bans,harmful,aclu,Introduced,Carried over,2026-01-14
2026,IL,H.B.1161,Other school restrictions | Restricting student & educator rights,harmful,aclu,Introduced,Carried over,2026-01-14
2026,IL,H.B.1204,Restricting student & educator rights | School sports bans,harmful,aclu,Introduced,Carried over,2026-01-14
2026,IL,H.B.1209,Re-definition of sex | Weakening Civil Rights Laws,harmful,aclu,Introduced,Carried over,2026-01-14
2026,IL,H.B.1117,Restricting student & educator rights | School sports bans,harmful,aclu,Introduced,Carried over,2026-01-14
2026,IL,S.B.1226,Restricting student & educator rights | School facilities bans,harmful,aclu,Introduced,Carried over,2026-01-14
2026,IL,H.B.2915,Restricting student & educator rights | School sports bans,harmful,aclu,Introduced,Carried over,2026-01-14
2026,IL,S.B.1783,Drag bans | Free speech & expression bans |,harmful,aclu,Introduced,Carried over,2026-01-14
2026,IL,S.B.2078,Barriers to accurate IDs | Healthcare restrictions | Other anti-LGBTQ bills | Prison healthcare restrictions | Public accommodation bans | Re-definition of sex | Restricting student & educator rights | School facilities bans | Weakening Civil Rights Laws,harmful,aclu,Introduced,Carried over,2026-01-14
2026,IL,S.B.2079,Restricting student & educator rights | School sports bans,harmful,aclu,Introduced,Carried over,2026-01-14
2026,IL,S.B.2474,Healthcare age restrictions | Healthcare restrictions |,harmful,aclu,Introduced,Carried over,2026-01-14
2026,IL,H.B.3819,Healthcare age restrictions | Healthcare restrictions |,harmful,aclu,Introduced,Carried over,2026-01-14
2026,IL,H.B.4027,Restricting student & educator rights | School sports bans,harmful,aclu,Introduced,Carried over,2026-01-14
2026,IL,H.B.4030,Re-definition of sex | Weakening Civil Rights Laws,harmful,aclu,Introduced,Carried over,2026-01-14
2026,CA,A.B.844,Restricting student & educator rights | School facilities bans | School sports bans,harmful,aclu,Introduced,Carried over,2026-01-05
2026,MI,S.B.0009,Restricting student & educator rights | School facilities bans,harmful,aclu,Introduced,Carried over,2026-01-14
2026,MI,H.B.4031,Restricting student & educator rights | School sports bans,harmful,aclu,Introduced,Carried over,2026-01-14
2026,MI,H.B.4190,Healthcare age restrictions | Healthcare restrictions |,harmful,aclu,Introduced,Carried over,2026-01-14
2026,MA,H.737,Restricting student & educator rights | School sports bans,harmful,aclu,Introduced,Carried over,2026-01-07
2026,MA,H.551,Curriculum censorship | Forced outing in schools | Restricting student & educator rights,harmful,aclu,Introduced,Carried over,2026-01-07
2026,KS,S.B.16,Other anti-LGBTQ bills,harmful,aclu,Introduced,Carried over,2026-01-12
2026,KS,H.B.2071,Healthcare age restrictions | Healthcare restrictions |,harmful,aclu,Introduced,Carried over,2026-01-12
2026,KS,S.B.76,Other school restrictions | Restricting student & educator rights,harmful,aclu,Introduced,Carried over,2026-01-12
2026,IA,H.F.80,Other school restrictions | Restricting student & educator rights,harmful,aclu,Introduced,Carried over,2026-01-12
2026,IA,S.F.156,Public accommodation bans,harmful,aclu,Introduced,Carried over,2026-01-12
2026,IA,H.S.B.84,Curriculum censorship | Restricting student & educator rights,harmful,aclu,Introduced,Carried over,2026-01-12
2026,IA,H.S.B.139,Healthcare restrictions | Other healthcare barriers | Religious exemptions | Weakening Civil Rights Laws,harmful,aclu,Introduced,Carried over,2026-01-12
2026,IA,H.S.B.242,Barriers to accurate IDs | Curriculum censorship | Other civil rights restrictions | Other school restrictions | Re-definition of sex | Restricting student & educator rights | Weakening Civil Rights Laws,harmful,aclu,Introduced,Carried over,2026-01-12
2026,IA,S.F.335,Other anti-LGBTQ bills | Other school restrictions | Restricting student & educator rights,harmful,aclu,Introduced,Carried over,2026-01-12
2026,IA,S.F.236,Religious exemptions | Weakening Civil Rights Laws,harmful,aclu,Introduced,Carried over,2026-01-12
2026,IA,S.S.B.1150,Other anti-LGBTQ bills,harmful,aclu,Introduced,Carried over,2026-01-12
2026,IA,H.F.721,Other anti-LGBTQ bills,harmful,aclu,Introduced,Carried over,2026-01-12
2026,IA,H.S.B.155,Other anti-LGBTQ bills,harmful,aclu,Introduced,Carried over,2026-01-12
2026,IA,H.S.B.158,Drag bans | Free speech & expression bans |,harmful,aclu,Introduced,Carried over,2026-01-12
2026,IA,H.F.594,Other anti-LGBTQ bills,harmful,aclu,Introduced,Carried over,2026-01-12
2026,IA,S.F.473,Religious exemptions | Weakening Civil Rights Laws,harmful,aclu,Introduced,Carried over,2026-01-12
2026,IA,S.F.507,Other anti-LGBTQ bills,harmful,aclu,Introduced,Carried over,2026-01-12
2026,GA,H.B.104,Restricting student & educator rights | School sports bans,harmful,aclu,Introduced,Carried over,2026-01-12
2026,GA,S.B.248,Curriculum censorship | Forced outing in schools | Other school restrictions | Restricting student & educator rights,harmful,aclu,Introduced,Carried over,2026-01-12
2026,GA,H.B.267,Barriers to accurate IDs | Other civil rights restrictions | Re-definition of sex | Restricting student & educator rights | School facilities bans | School sports bans | Weakening Civil Rights Laws,harmful,aclu,Introduced,Carried over,2026-01-12
2026,GA,H.B.660,Healthcare funding restrictions | Healthcare restrictions | Prison healthcare restrictions,harmful,aclu,Introduced,Carried over,2026-01-12
2026,GA,S.B.120,Other anti-LGBTQ bills | Other school restrictions | Restricting student & educator rights,harmful,aclu,Advancing,Senate recommitted,2026-01-12
2026,GA,S.B.57,Other anti-LGBTQ bills,harmful,aclu,Introduced,Carried over,2026-01-12
2026,GA,S.B.341,Other anti-LGBTQ bills,harmful,aclu,Introduced,Carried over,2026-01-12
2026,GA,S.B.30,Healthcare age restrictions | Healthcare restrictions |,harmful,aclu,Introduced,Carried over,2026-01-12
2026,GA,H.B.127,Other anti-LGBTQ bills,harmful,aclu,Introduced,Carried over,2026-01-12
2026,GA,S.B.39,Healthcare funding restrictions | Healthcare restrictions | Other healthcare barriers | Prison healthcare restrictions,harmful,aclu,Introduced,Carried over,2026-01-12
2026,DE,S.B. 55,Healthcare age restrictions | Healthcare restrictions |,harmful,aclu,Introduced,Carried over,2026-01-13
2026,CA,A.B.89,Restricting student & educator rights | School sports bans,harmful,aclu,Introduced,Carried over,2026-01-05
2026,CA,A.B.579,Healthcare restrictions | Other anti-LGBTQ bills | Other healthcare barriers,harmful,aclu,Introduced,Carried over,2026-01-05
2026,CA,A.B.600,Other anti-LGBTQ bills | Other school restrictions | Restricting student & educator rights,harmful,aclu,Introduced,Carried over,2026-01-05
2026,CA,A.B.1464,Other anti-LGBTQ bills,harmful,aclu,Introduced,Carried over,2026-01-05
2026,CA,S.B.311,Other anti-LGBTQ bills,harmful,aclu,Introduced,Carried over,2026-01-05
2026,AK,H.B. 40,Restricting student & educator rights | School sports bans,harmful,aclu,Introduced,Carried over,2026-01-21
2026,MA,S.350,Restricting student & educator rights | School sports bans,harmful,aclu,Introduced,Carried over,2026-01-07
