year,state,bill_name,issues,label,source,status,status_detail,status_date,bill_number
2021,AL,SB 10,Anti-Trans bills | Prohibiting heathcare for transgender youth,harmful,aclu,Introduced,Died,,SB10
2021,AL,HB 1,Anti-Trans bills | Prohibiting heathcare for transgender youth,harmful,aclu,Introduced,Indefinitely postponed,2021-05-06,HB1
2021,AL,SB 5,Anti-Trans bills | Prohibiting heathcare for transgender youth,harmful,aclu,Introduced,Prefiled for 2022,2022-01-11,SB5
2021,AL,HB 391,Anti-Trans bills | Excluding transgender youth from athletics,harmful,aclu,Introduced,Signed by Governor,,HB391
2021,AR,SB 347,Anti-Trans bills | Prohibiting heathcare for transgender youth,harmful,aclu,Introduced,Died in committee,2021-10-15,SB347
2021,AR,HB 1570,Anti-Trans bills | Prohibiting heathcare for transgender youth,harmful,aclu,Introduced,Signed into law,2021-04-13,HB1570
2021,AR,HB 1882,Anti-Trans bills | Single-Sex Facility Restrictions,harmful,aclu,Introduced,Died,2021-10-15,HB1882
2021,AR,HB 1905,Anti-Trans bills | Single-Sex Facility Restrictions,harmful,aclu,Introduced,Referred to committee,2021-04-12,HB1905
2021,AR,SJR 16,Anti-Trans bills | Excluding transgender youth from athletics,harmful,aclu,Introduced,Died,2021-10-15,SJR16
2021,AR,SB 354,Anti-Trans bills | Excluding transgender youth from athletics,harmful,aclu,Introduced,Signed by Governor,2021-03-29,SB354
2021,AR,SB 450,Anti-Trans bills | Excluding transgender youth from athletics,harmful,aclu,Introduced,Signed by Governor,2021-04-29,SB450
2021,AR,HB 1749,Other Anti-Trans Bills,harmful,aclu,Introduced,Died,2021-10-15,HB1749
2021,AR,HJR 1024,Religious exemptions |  Religious Freedom Restoration Acts (RFRAs),harmful,aclu,Introduced,Postponed indefinitely by committee,2021-10-15,HJR1024
2021,AR,SJR 14,Religious exemptions |  Religious Freedom Restoration Acts (RFRAs),harmful,aclu,Introduced,Reviewed by Governor,2021-04-30,SJR14
2021,AR,SB 289,Religious exemptions | Religious Exemptions in Healthcare Implicating LGBTQ People,harmful,aclu,Introduced,Signed by Governor,2021-03-29,SB289
2021,AR,SB 389,Other Anti-LGBTQ Bills,harmful,aclu,Introduced,Delivered to Governor,2021-04-01,SB389
2021,AZ,SB 1511,Anti-Trans bills | Prohibiting heathcare for transgender youth,harmful,aclu,Introduced,Read second time,2021-02-20,SB1511
2021,AZ,SB 1637,Anti-Trans bills | Excluding transgender youth from athletics,harmful,aclu,Introduced,Read for the first time,2021-06-30,SB1637
2021,AZ,HB 2011,Anti-Trans bills | other school or curriculum restrictions,harmful,aclu,Introduced,Prefiled,2021-12-07,HB2011
2021,AZ,HB 2710,Other Anti-Trans Bills,harmful,aclu,Introduced,Died,2021-10-15,HB2710
2021,AZ,SB 1163,LGBTQ Equality Bills | Allowing updated gender markers on ID,supportive,aclu,Introduced,Read second time,2021-01-19,SB1163
2021,AZ,HB 2652,LGBTQ Equality Bills | Other good bills,supportive,aclu,Introduced,Read for the first time,2021-05-24,HB2652
2021,FL,HB 935,Anti-Trans bills | Prohibiting heathcare for transgender youth,harmful,aclu,Introduced,Died in subcommittee,2021-04-30,H0935
2021,FL,HB 211,Anti-Trans bills | Prohibiting heathcare for transgender youth,harmful,aclu,Introduced,Prefiled for 2022; referred to committee,2021-10-06,H0211
2021,FL,HB 1475,Anti-Trans bills | Excluding transgender youth from athletics,harmful,aclu,Introduced,Died in committee,2021-04-30,H1475
2021,FL,SB 2012,Anti-Trans bills | Excluding transgender youth from athletics,harmful,aclu,Introduced,Died in committee,2021-04-30,S2012
2021,GA,HB 401,Anti-Trans bills | Prohibiting heathcare for transgender youth,harmful,aclu,Introduced,Read for the second time,2021-02-16,HB401
2021,GA,HB 276,Anti-Trans bills | Excluding transgender youth from athletics,harmful,aclu,Introduced,Read for the second time,2021-02-08,HB276
2021,GA,HB 372,Anti-Trans bills | Excluding transgender youth from athletics,harmful,aclu,Introduced,Read for the second time,2021-02-22,HB372
2021,GA,SB 266,Anti-Trans bills | Excluding transgender youth from athletics,harmful,aclu,Introduced,Read for the second time,2021-03-05,SB266
2021,IA,HF 193,Anti-Trans bills | Prohibiting heathcare for transgender youth,harmful,aclu,Introduced,Referred to committee,2021-01-22,HF193
2021,IA,HF 183,Anti-Trans bills | Excluding transgender youth from athletics,harmful,aclu,Introduced,Referred to committee,2021-01-22,HF183
2021,IA,SF 167,Other Anti-Trans Bills,harmful,aclu,Introduced,Subcommittee recommends passage,2021-02-26,SF167
2021,IA,HF 272,Other Anti-Trans Bills,harmful,aclu,Introduced,Referred to committee,2021-01-27,HF272
2021,IA,HF 326,Other Anti-Trans Bills,harmful,aclu,Introduced,Referred to committee,2021-02-02,HF326
2021,IA,HF 170,Religious exemptions |  Religious Freedom Restoration Acts (RFRAs),harmful,aclu,Introduced,,2021-01-22,HF170
2021,IA,SF 436,Religious exemptions |  Religious Freedom Restoration Acts (RFRAs),harmful,aclu,Introduced,Subcommittee recommends passage,2021-03-02,SF436
2021,IN,SB 224,Anti-Trans bills | Prohibiting heathcare for transgender youth,harmful,aclu,Introduced,Died in committee,2021-02-23,SB224
2021,IN,HB 1503,Religious exemptions |  Religious Freedom Restoration Acts (RFRAs),harmful,aclu,Introduced,Died in committee,2021-02-23,HB1503
2021,IN,SB 288,Other anti-LGBTQ bills,harmful,aclu,Introduced,Read for the second time,2021-02-22,SB288
2021,IN,SB 289,Other anti-LGBTQ bills,harmful,aclu,Introduced,Referred to committee,2021-01-11,SB289
2021,KS,HB 2210,Anti-Trans bills | Prohibiting heathcare for transgender youth,harmful,aclu,Introduced,Referred to committee,2021-02-03,HB2210
2021,KS,SB 208,Anti-Trans bills | Excluding transgender youth from athletics,harmful,aclu,Introduced,Postponed until 2022,,SB208
2021,KY,HB 336,Anti-Trans bills | Prohibiting heathcare for transgender youth,harmful,aclu,Introduced,Died,2021-04-02,HB336
2021,KY,HB 477,Anti-Trans bills | Prohibiting heathcare for transgender youth,harmful,aclu,Introduced,Died,2021-04-02,HB477
2021,KY,SB 83,Religious exemptions | Religious Exemptions in Healthcare Implicating LGBTQ People,harmful,aclu,Introduced,Died,2021-04-02,SB83
2021,KY,HB 524,Religious exemptions | Religious Exemptions in Adoption & Foster Care,harmful,aclu,Introduced,Died,2021-04-02,HB524
2021,KY,SB 106,Anti-Trans bills | Excluding transgender youth from athletics,harmful,aclu,Defeated,Died,2021-04-02,SB106
2021,KY,HB 471,Anti-Trans bills | Excluding transgender youth from athletics,harmful,aclu,Defeated,Died,2021-04-02,HB471
2021,KY,HB 130,LGBTQ Equality Bills | Nondiscrimination protections,supportive,aclu,Defeated,Died,2021-04-02,HB130
2021,KY,HB 116,LGBTQ Equality Bills | Nondiscrimination protections,supportive,aclu,Defeated,Died,2021-04-02,HB116
2021,LA,HB 575,Anti-Trans bills | Prohibiting heathcare for transgender youth,harmful,aclu,Defeated,Referred to committee,2021-04-12,HB575
2021,LA,SB 104,Anti-Trans bills | Prohibiting heathcare for transgender youth,harmful,aclu,Introduced,Referred to committee,2021-04-12,SB104
2021,LA,HB 542,Anti-Trans bills | Excluding transgender youth from athletics,harmful,aclu,Introduced,Referred to committee,2021-04-12,HB542
2021,LA,SB 156,Anti-Trans bills | Excluding transgender youth from athletics,harmful,aclu,Introduced,House failed to override the Governor’s veto,2021-07-21,SB156
2021,MO,HB 33,Anti-Trans bills | Prohibiting heathcare for transgender youth,harmful,aclu,Introduced,Motion to pass failed,2021-05-12,HB33
2021,MO,HB 1077,Anti-Trans bills | Excluding transgender youth from athletics,harmful,aclu,Introduced,Referred to committee,2021-02-18,HB1077
2021,MO,HJR 56,Anti-Trans bills | Excluding transgender youth from athletics,harmful,aclu,Introduced,Referred to committee,2021-02-18,HJR56
2021,MO,SB 503,Anti-Trans bills | Excluding transgender youth from athletics,harmful,aclu,Introduced,Read for second time; referred to committee,2021-03-04,SB503
2021,MO,SB 9,Anti-Trans bills | Excluding transgender youth from athletics,harmful,aclu,Introduced,Read for second time; referred to committee,2021-06-26,SB9
2021,MO,SB 740,Anti-Trans bills | Excluding transgender youth from athletics,harmful,aclu,Introduced,Prefiled,2021-12-01,SB740
2021,MO,HB 1755,Anti-Trans bills | other school or curriculum restrictions,harmful,aclu,Introduced,Prefiled,2021-12-01,HB1755
2021,MO,HB 645,Anti-Trans bills | other school or curriculum restrictions,harmful,aclu,Introduced,Prefiled,2021-12-01,HB645
2021,MO,SB 332,Religious exemptions |  Religious Exemptions in Schools and Student Organizations,harmful,aclu,Introduced,Read for second time; referred to committee,2021-02-04,SB332
2021,MO,HB 786,Other anti-LGBTQ bills,harmful,aclu,Introduced,Referred to committee,2021-03-04,HB786
2021,MO,HB 1693,Other anti-LGBTQ bills,harmful,aclu,Introduced,Prefiled,2021-12-01,HB1693
2021,MO,HB 1760,LGBTQ Equality Bills | Nondiscrimination protections,supportive,aclu,Introduced,Prefiled,2021-12-01,HB1760
2021,MO,HB 1737,LGBTQ Equality Bills | Nondiscrimination protections,supportive,aclu,Introduced,Prefiled,2021-12-01,HB1737
2021,MS,SB 2171,Anti-Trans bills | Prohibiting heathcare for transgender youth,harmful,aclu,Introduced,Died in committee,2021-02-02,SB2171
2021,MS,SB 2089,LGBTQ Equality Bills | Nondiscrimination protections,supportive,aclu,Introduced,Died in committee,2021-02-02,SB2089
2021,MS,HB 806,LGBTQ Equality Bills | Nondiscrimination protections,supportive,aclu,Introduced,Died in committee,2021-02-02,HB806
2021,MS,HB 807,LGBTQ Equality Bills | Nondiscrimination protections,supportive,aclu,Introduced,Died in committee,2021-02-02,HB807
2021,MS,SB 2536,Anti-Trans bills | Excluding transgender youth from athletics,harmful,aclu,Introduced,Approved by Governor,2021-03-11,SB2536
2021,MT,HB 113,Anti-Trans bills | Prohibiting heathcare for transgender youth,harmful,aclu,Introduced,Died,2021-04-29,HB113
2021,MT,LC 2997/ SB 280,Anti-Trans bills | Restrictions on Identification Documents,harmful,aclu,Introduced,Signed by Governor,2021-04-30,LC2997
2021,MT,SB 215,Religious exemptions |  Religious Freedom Restoration Acts (RFRAs),harmful,aclu,Introduced,Signed by Governor,2021-04-22,SB215
2021,MT,HB 112,Anti-Trans bills | Excluding transgender youth from athletics,harmful,aclu,Introduced,Signed by Governor,2021-05-07,HB112
2021,MT,SB 245,Religious exemptions | Religious Exemptions in Healthcare Implicating LGBTQ People,harmful,aclu,Introduced,Died in process,2021-04-29,SB245
2021,NC,SB 514,Anti-Trans bills | Prohibiting heathcare for transgender youth,harmful,aclu,Introduced,Read for first time: Referred to committee,2021-04-06,S514
2021,NC,SB 515,Religious exemptions | Religious Exemptions in Healthcare Implicating LGBTQ People,harmful,aclu,Introduced,Referred to committee,2021-04-06,S515
2021,OH,HB 454,Anti-Trans bills | Prohibiting heathcare for transgender youth,harmful,aclu,Introduced,,2021-10-19,HB454
2021,OH,HB 61,Anti-Trans bills | Excluding transgender youth from athletics,harmful,aclu,Introduced,Referred to committee,2021-02-04,HB61
2021,OH,SB132,Anti-Trans bills | Excluding transgender youth from athletics,harmful,aclu,Introduced,Referred to committee,2021-03-17,SB132
2021,OH,SB 187,Anti-Trans bills | Excluding transgender youth from athletics,harmful,aclu,Introduced,Passed with Amendments,2021-06-24,SB187
2021,OK,SB 583,Anti-Trans bills | Prohibiting heathcare for transgender youth,harmful,aclu,Introduced,Read for second time; referred to committee,2021-02-02,SB583
2021,OK,SB 676,Anti-Trans bills | Prohibiting heathcare for transgender youth,harmful,aclu,Introduced,Read for second time; referred to committee,2021-02-02,SB676
2021,OK,SB 331,Anti-Trans bills | Excluding transgender youth from athletics,harmful,aclu,Introduced,Read for second time; referred to committee,2021-02-02,SB331
2021,OK,SB 2,Anti-Trans bills | Excluding transgender youth from athletics,harmful,aclu,Introduced,Passed in House,2021-04-20,SB2
2021,OK,SB 1142,Anti-Trans bills | other school or curriculum restrictions,harmful,aclu,Introduced,Active,2022-02-07,SB1142
2021,OK,SB 615,Other Anti-LGBTQ Bills,harmful,aclu,Introduced,Read for second time; referred to committee,2021-02-02,SB615
2021,OK,HB 1004,Other anti-LGBTQ bills,harmful,aclu,Introduced,Read for second time: Referred to committee,2021-02-13,HB1004
2021,OK,HB 2108,LGBTQ Equality Bills | Allowing updated gender markers on ID,supportive,aclu,Introduced,Referred for second reading,2021-02-02,HB2108
2021,SC,HB 3477,Anti-Trans bills | Prohibiting heathcare for transgender youth,harmful,aclu,Introduced,Read for first time: Referred to committee,2021-01-12,H3477
2021,SC,HB 4047,Anti-Trans bills | Prohibiting heathcare for transgender youth,harmful,aclu,Introduced,Referred to committee,2021-03-09,H4047
2021,SC,SB 531,Anti-Trans bills | Excluding transgender youth from athletics,harmful,aclu,Introduced,Referred to committee,2021-02-09,S531
2021,SC,HB 4608,Anti-Trans bills | Excluding transgender youth from athletics,harmful,aclu,Introduced,Prefiled; referred to committee,2021-11-17,H4608
2021,SC,SB 900,Anti-Trans bills | other school or curriculum restrictions,harmful,aclu,Introduced,Prefiled; referred to committee,2021-12-06,S900
2021,SC,HB 4605,Other Anti-Trans Bills,harmful,aclu,Introduced,Prefiled; referred to subcommittee,2021-11-17,H4605
2021,SC,HB 3518,Religious exemptions | Religious Exemptions in Healthcare Implicating LGBTQ People,harmful,aclu,Introduced,Read for first time; Referred to committee,2021-01-12,H3518
2021,SC,H 3878,Religious exemptions | Religious Exemptions in Adoption & Foster Care,harmful,aclu,Introduced,Read for first time; Referred to committee,2021-02-11,H3878
2021,SC,HB 3183,LGBTQ Equality Bills | Nondiscrimination protections,supportive,aclu,Introduced,Referred to committee,2021-01-12,H3183
2021,TN,SB 657,Anti-Trans bills | Prohibiting heathcare for transgender youth,harmful,aclu,Introduced,Referred to committee,2021-02-11,SB657
2021,TN,HB 578,Anti-Trans bills | Prohibiting heathcare for transgender youth,harmful,aclu,Introduced,Deferred to 2022,,HB578
2021,TN,HB 3,Anti-Trans bills | Prohibiting heathcare for transgender youth,harmful,aclu,Introduced,Became SB 228; Signed by Governor,2021-03-26,HB3
2021,TN,SB 228,Anti-Trans bills | Prohibiting heathcare for transgender youth,harmful,aclu,Introduced,Signed by Governor,2021-03-26,SB228
2021,TN,HB 1223,Anti-Trans bills | Single-Sex Facility Restrictions,harmful,aclu,Introduced,Signed by Governor,2021-05-14,HB1223
2021,TN,HB 1367,Anti-Trans bills | Single-Sex Facility Restrictions,harmful,aclu,Introduced,Substituted for companion House bill,2021-04-29,HB1367
2021,TN,HB 1182,Anti-Trans bills | Single-Sex Facility Restrictions,harmful,aclu,Introduced,Signed by Governor,2021-05-17,HB1182
2021,TN,SB 1224,Anti-Trans bills | Single-Sex Facility Restrictions,harmful,aclu,Introduced,Companion bill substituted,2021-04-29,SB1224
2021,TN,SB 1208,Other Anti-LGBTQ Bills,harmful,aclu,Introduced,Referred to committee,2021-02-02,SB1208
2021,TN,SB 1229,Other Anti-LGBTQ Bills,harmful,aclu,Introduced,Signed by Governor,2021-05-03,SB1229
2021,TN,HB 529,Other Anti-LGBTQ Bills,harmful,aclu,Introduced,Comparable Senate bill substituted,2021-04-14,HB529
2021,TX,HB 68,Anti-Trans bills | Prohibiting heathcare for transgender youth,harmful,aclu,Introduced,Referred to committee,2021-02-25,HB68
2021,TX,HB 1399,Anti-Trans bills | Prohibiting heathcare for transgender youth,harmful,aclu,Introduced,Placed on general state calendar,2021-05-12,HB1399
2021,TX,SB 1646,Anti-Trans bills | Prohibiting heathcare for transgender youth,harmful,aclu,Introduced,Referred to committee in House,2021-05-03,SB1646
2021,TX,HB 1251,Anti-Trans bills | Excluding transgender youth from athletics,harmful,aclu,Introduced,Died in committee,2020-03-12,HB1251
2021,TX,SB 29,Anti-Trans bills | Excluding transgender youth from athletics,harmful,aclu,Introduced,Read for the second time in House,2021-05-25,SB29
2021,TX,SB 373,Anti-Trans bills | Excluding transgender youth from athletics,harmful,aclu,Introduced,Referred to committee,2021-03-09,SB373
2021,TX,HB 1458,Anti-Trans bills | Excluding transgender youth from athletics,harmful,aclu,Introduced,Referred to committee,2021-03-05,HB1458
2021,TX,HB 3455,Anti-Trans bills | Excluding transgender youth from athletics,harmful,aclu,Introduced,Referred to committee,2021-03-22,HB3455
2021,TX,HB 4042,Anti-Trans bills | Excluding transgender youth from athletics,harmful,aclu,Introduced,Left pending in committee,2021-04-20,HB4042
2021,TX,HB 4043,Anti-Trans bills | Excluding transgender youth from athletics,harmful,aclu,Introduced,Referred to committee,2021-03-29,HB4043
2021,TX,HB 90,Anti-Trans bills | Excluding transgender youth from athletics,harmful,aclu,Introduced,Filed 1st Special Session; died,2021-08-06,HB90
2021,TX,HB 10,Anti-Trans bills | Excluding transgender youth from athletics,harmful,aclu,Introduced,Filed 3rd Special Session; referred to committee,2021-09-27,HB10
2021,TX,HB 25,Anti-Trans bills | Excluding transgender youth from athletics,harmful,aclu,Introduced,Signed by Governor,2021-10-25,HB25
2021,TX,HB 1424,Religious exemptions | Religious Exemptions in Healthcare Implicating LGBTQ People,harmful,aclu,Introduced,Placed on general state calendar,2021-05-13,HB1424
2021,TX,SB 1674,Religious exemptions | Religious Exemptions in Healthcare Implicating LGBTQ People,harmful,aclu,Introduced,Referred to committee,2021-03-24,SB1674
2021,TX,SB 17,Religious exemptions | Religious Exemptions in Healthcare Implicating LGBTQ People,harmful,aclu,Introduced,Introduced 1st special session,2021-07-07,SB17
2021,TX,SB 233,LGBTQ Equality Bills | Nondiscrimination protections,supportive,aclu,Introduced,Referred to committee,2021-03-03,SB233
2021,TX,HB 188,LGBTQ Equality Bills | Nondiscrimination protections,supportive,aclu,Introduced,Referred to committee,2021-02-25,HB188
2021,TX,HB 191,LGBTQ Equality Bills | Nondiscrimination protections,supportive,aclu,Introduced,Placed on general state calendar,2021-05-13,HB191
2021,TX,SB 210,LGBTQ Equality Bills | Allowing updated gender markers on ID,supportive,aclu,Introduced,Read for first time; Referred to committee,2021-03-03,SB210
2021,TX,HB 338,LGBTQ Equality Bills | Allowing updated gender markers on ID,supportive,aclu,Introduced,Read for first time; Referred to committee,2021-02-25,HB338
2021,UT,HB 92,Anti-Trans bills | Prohibiting heathcare for transgender youth,harmful,aclu,Introduced,Died,2021-03-05,HB92
2021,UT,HB 302,Anti-Trans bills | Excluding transgender youth from athletics,harmful,aclu,Introduced,Died,2021-03-05,HB302
2021,UT,HB 11,Anti-Trans bills | Excluding transgender youth from athletics,harmful,aclu,Introduced,Prefiled,2021-12-13,HB11
2021,WV,HB 2171,Anti-Trans bills | Prohibiting heathcare for transgender youth,harmful,aclu,Introduced,Referred to committee,2021-02-10,HB2171
2021,WV,HB 2141,Anti-Trans bills | Excluding transgender youth from athletics,harmful,aclu,Introduced,Referred to committee,2021-02-10,HB2141
2021,WV,HB 2676,Anti-Trans bills | Excluding transgender youth from athletics,harmful,aclu,Introduced,Referred to committee,2021-02-23,HB2676
2021,WV,HB 2734,Anti-Trans bills | Excluding transgender youth from athletics,harmful,aclu,Introduced,Referred to committee,2021-02-24,HB2734
2021,WV,HB 3292,Anti-Trans bills | Excluding transgender youth from athletics,harmful,aclu,Introduced,Signed by Governor,2021-04-28,HB3292
2021,WV,SB 341,Anti-Trans bills | Excluding transgender youth from athletics,harmful,aclu,Introduced,Referred to committee,2021-02-18,SB341
2021,WV,HB 2545,Religious exemptions |  Religious Freedom Restoration Acts (RFRAs),harmful,aclu,Introduced,Referred to committee,2021-02-16,HB2545
2021,WV,SB 13,Religious exemptions | Religious Exemptions in Adoption & Foster Care,harmful,aclu,Introduced,Referred to committee,2021-02-10,SB13
2021,CT,SB 324,Anti-Trans bills | Excluding transgender youth from athletics,harmful,aclu,Introduced,Referred to committee,2021-01-25,SB00324
2021,CT,HB 6128,Anti-Trans bills | Excluding transgender youth from athletics,harmful,aclu,Introduced,Referred to committee,2021-01-29,HB06128
2021,CT,HB 5934,LGBTQ Equality Bills | Sex work decriminalization bills,supportive,aclu,Introduced,Referred to committee,2021-01-28,HB05934
2021,HI,HB 1304,Anti-Trans bills | Excluding transgender youth from athletics,harmful,aclu,Introduced,Referred to committee,2021-02-02,HB1304
2021,HI,SB 752,LGBTQ Equality Bills | Protections in healthcare,supportive,aclu,Introduced,Referred to committee,2021-01-27,SB752
2021,HI,SB 618,LGBTQ Equality Bills | Other good bills,supportive,aclu,Introduced,Referred to committee,2021-02-19,SB618
2021,ME,HP 682,Anti-Trans bills | Excluding transgender youth from athletics,harmful,aclu,Introduced,Died,2021-07-19,HP682
2021,MI,SB 218,Anti-Trans bills | Excluding transgender youth from athletics,harmful,aclu,Introduced,Referred to committee,2021-03-10,SB218
2021,MI,HB 5349,LGBTQ Equality Bills | Allowing updated gender markers on ID,supportive,aclu,Introduced,Referred to committee,2021-09-29,HB5349
2021,MN,HF 350,Anti-Trans bills | Excluding transgender youth from athletics,harmful,aclu,Introduced,Referred to committee,2021-01-28,HF350
2021,MN,HF 352,Anti-Trans bills | Excluding transgender youth from athletics,harmful,aclu,Introduced,Referred to committee,2021-01-28,HF352
2021,MN,HF 1657,Anti-Trans bills | Excluding transgender youth from athletics,harmful,aclu,Introduced,Referred to committee,2021-02-25,HF1657
2021,ND,HB 1298,Anti-Trans bills | Excluding transgender youth from athletics,harmful,aclu,Introduced,Filed with Secretary of State,2021-04-27,HB1298
2021,ND,HB 1476,Other Anti-Trans Bills,harmful,aclu,Introduced,Withdrawn from further consideration,2021-01-21,HB1476
2021,NH,HB 198,Anti-Trans bills | Excluding transgender youth from athletics,harmful,aclu,Introduced,Executive session,2021-10-14,HB198
2021,NH,HB 440,Religious exemptions |  Religious Freedom Restoration Acts (RFRAs),harmful,aclu,Introduced,Referred to committee,2021-05-25,HB440
2021,NH,HB 295,LGBTQ Equality Bills | Allowing updated gender markers on ID,supportive,aclu,Introduced,Heard on floor,2021-04-07,HB295
2021,NJ,S 3540,Anti-Trans bills | Excluding transgender youth from athletics,harmful,aclu,Introduced,Referred to committee,2021-03-11,S3540
2021,NM,HB 304,Anti-Trans bills | Excluding transgender youth from athletics,harmful,aclu,Introduced,Referred to committee,2021-02-18,HB304
2021,NM,SB 323,Religious exemptions | Religious Exemptions in Healthcare Implicating LGBTQ People,harmful,aclu,Introduced,Referred to committee,2021-02-01,SB323
2021,NE,LB 231,LGBTQ Equality Bills | Other good bills,supportive,aclu,Introduced,Active,2022-01-05,LB231
2021,NE,LB 120,LGBTQ Equality Bills | Nondiscrimination protections,supportive,aclu,Introduced,Hearing scheduled,2021-02-26,LB120
2021,PA,HB 972,Anti-Trans bills | Excluding transgender youth from athletics,harmful,aclu,Introduced,Referred to committee,2021-04-05,HB972
2021,SD,HB 1217,Anti-Trans bills | Excluding transgender youth from athletics,harmful,aclu,Introduced,Veto override failed,2021-03-29,HB1217
2021,SD,HB 1076,Anti-Trans bills | Restrictions on Identification Documents,harmful,aclu,Introduced,Died in committee,2021-02-05,HB1076
2021,SD,HB 1247,Religious exemptions | Religious Exemptions in Healthcare Implicating LGBTQ People,harmful,aclu,Introduced,Committee vote failed,2021-02-24,HB1247
2021,SD,SB 124,Religious exemptions |  Religious Freedom Restoration Acts (RFRAs),harmful,aclu,Introduced,Signed by Governor,2021-03-10,SB124
2021,WI,AB 195,Anti-Trans bills | Excluding transgender youth from athletics,harmful,aclu,Introduced,Referred to Senate,2021-06-21,AB195
2021,WI,AB 196,Anti-Trans bills | Excluding transgender youth from athletics,harmful,aclu,Introduced,Referred to Senate,2021-06-21,AB196
2021,WI,SB 322,Anti-Trans bills | Excluding transgender youth from athletics,harmful,aclu,Introduced,Public hearing held,2021-05-26,SB322
2021,WI,SB 323,Anti-Trans bills | Excluding transgender youth from athletics,harmful,aclu,Introduced,Public hearing held,2021-05-27,SB323
2021,WI,AB 14,Other Anti-LGBTQ Bills,harmful,aclu,Introduced,Referred to committee,2021-03-16,AB14
2021,WI,SB 31,Other Anti-LGBTQ Bills,harmful,aclu,Introduced,Referred to committee,2021-03-16,SB31
2021,WY,HB 264,Religious exemptions |  Religious Freedom Restoration Acts (RFRAs),harmful,aclu,Introduced,Did not consider for introduction,2021-03-08,HB264
2021,MD,HD 3468,Other religious exemption bills,harmful,aclu,Introduced,Referred to committee in House; concurred in Senate,2021-03-29,HD3468
2021,AK,HB 17,LGBTQ Equality Bills | Nondiscrimination protections,supportive,aclu,Introduced,Referred to committee,2021-05-05,HB17
2021,ID,SB 1030,LGBTQ Equality Bills | Nondiscrimination protections,supportive,aclu,Introduced,Referred to committee,2021-01-25,S1030
2021,WA,SB 5313,LGBTQ Equality Bills | Protections in healthcare,supportive,aclu,Introduced,Signed by Governor,2021-01-27,SB5313
2021,CA,AB 218,LGBTQ Equality Bills | Allowing updated gender markers on ID,supportive,aclu,Introduced,Enrolled and presented to Governor,2021-09-17,AB218
2021,CA,AB 439,LGBTQ Equality Bills | Allowing updated gender markers on ID,supportive,aclu,Introduced,Approved by Governor,2021-07-09,AB439
2021,CA,SB 357,LGBTQ Equality Bills | Sex work decriminalization bills,supportive,aclu,Introduced,read for the third time and amended,2021-09-01,SB357
2021,CA,AB 1041,LGBTQ Equality Bills | Other good bills,supportive,aclu,Introduced,Ordered to inactive file,2021-09-09,AB1041
2021,CA,AB 1094,LGBTQ Equality Bills | Other good bills,supportive,aclu,Introduced,Approved by the governor,2021-09-16,AB1094
2021,CA,SB 225,LGBTQ Equality Bills | Other good bills,supportive,aclu,Introduced,Hearing cancelled,2021-04-05,SB225
2021,CA,SB 379,LGBTQ Equality Bills | Other good bills,supportive,aclu,Introduced,Hearing,2021-05-20,SB379
2021,NY,A 691,LGBTQ Equality Bills | Other good bills,supportive,aclu,Introduced,Referred to committee,2021-01-06,A691
2021,NY,A 849,LGBTQ Equality Bills | Sex work decriminalization bills,supportive,aclu,Introduced,Referred to committee,2021-01-06,A849
2021,NY,S 3075,LGBTQ Equality Bills | Sex work decriminalization bills,supportive,aclu,Introduced,Referred to committee,2021-01-27,S3075
2021,NY,S 28778,LGBTQ Equality Bills | Sex work decriminalization bills,supportive,aclu,Introduced,Referred to committee,2021-01-26,S28778
2021,NY,S 4402,LGBTQ Equality Bills | Allowing updated gender markers on ID,supportive,aclu,Introduced,Signed by Governor,2021-06-25,S4402
2021,IL,HB 9,LGBTQ Equality Bills | Allowing updated gender markers on ID,supportive,aclu,Introduced,Referred to committee,2021-07-16,HB9
2021,MA,HB 153,LGBTQ Equality Bills | Allowing updated gender markers on ID,supportive,aclu,Introduced,Concurred in Senate,2021-03-29,H153
2022,AL,SB 5,Anti-Trans,harmful,aclu,Dead,,2022-04-07,SB5
2022,AL,HB 150,Anti-Trans,harmful,aclu,Dead,,2022-04-07,HB150
2022,AL,SB 184,Anti-Trans,harmful,aclu,Delivered to Governor,,2022-04-07,SB184
2022,AL,HB 266,Anti-Trans,harmful,aclu,Dead,,2022-04-07,HB266
2022,AZ,SB 1045,Anti-Trans,harmful,aclu,Dead,,2022-06-25,SB1045
2022,AZ,HB 2608,Anti-Trans,harmful,aclu,Dead,,2022-06-25,HB2608
2022,AZ,SB 1138,Anti-Trans,harmful,aclu,Signed by Governor,,2022-03-30,SB1138
2022,AZ,SB 1130,Anti-Trans,harmful,aclu,Dead,,2022-06-25,SB1130
2022,FL,HB 211,Anti-Trans,harmful,aclu,Dead,,2022-03-14,H0211
2022,GA,HB 401,Anti-Trans,harmful,aclu,Dead,,2022-04-02,HB401
2022,IA,HF 193,Anti-Trans,harmful,aclu,Dead,,2022-05-24,HF193
2022,ID,H 675,Anti-Trans,harmful,aclu,Dead,,2022-03-31,H675
2022,IN,HB 1121,Anti-Trans,harmful,aclu,Dead,,2022-03-14,HB1121
2022,IN,SB 34,Anti-Trans,harmful,aclu,Dead,,2022-03-14,SB34
2022,KS,HB 2210,Anti-Trans,harmful,aclu,Dead,,2022-05-23,HB2210
2022,KS,SB 214,Anti-Trans,harmful,aclu,Dead,,2022-05-23,SB214
2022,KY,HB 253,Anti-Trans,harmful,aclu,Dead,,2022-04-14,HB253
2022,KY,SB 84,Anti-Trans,harmful,aclu,Dead,,2022-04-14,SB84
2022,LA,HB 570,Anti-Trans,harmful,aclu,Dead,,2022-06-06,HB570
2022,LA,HR 158,Anti-Trans,harmful,aclu,Dead,,2022-06-06,HR158
2022,MI,HB 6454,Anti-Trans,harmful,aclu,Introduced and Referred to Committee,,2022-10-11,HB6454
2022,MO,HB 2649,Anti-Trans,harmful,aclu,Dead,,2022-05-13,HB2649
2022,MO,SB 22,Anti-Trans,harmful,aclu,Dead,,2022-10-04,SB22
2022,MO,SB 843,Anti-Trans,harmful,aclu,Dead,,2022-05-13,SB843
2022,MS,SB 2728,Anti-Trans,harmful,aclu,Died in committee,,2022-02-01,SB2728
2022,MS,HB 1147,Anti-Trans,harmful,aclu,Died in committee,,2022-02-01,HB1147
2022,NC,SB 514,Anti-Trans,harmful,aclu,Dead,,2022-07-01,S514
2022,NJ,S 3076,Anti-Trans,harmful,aclu,Introduced and Referred to Committee,,2022-09-29,S3076
2022,NH,HB 1651,Anti-Trans,harmful,aclu,Dead,,2022-05-26,HB1651
2022,OH,HB 454,Anti-Trans,harmful,aclu,Active,,2022-01-03,HB454
2022,OH,HB 616,Anti-Trans,harmful,aclu,Referred to committee,,2022-05-17,HB616
2022,OK,SB 583,Anti-Trans,harmful,aclu,Dead,,2022-05-27,SB583
2022,OK,SB 676,Anti-Trans,harmful,aclu,Dead,,2022-05-27,SB676
2022,OK,HB 3240,Anti-Trans,harmful,aclu,Dead,,2022-05-27,HB3240
2022,SC,HB 4047,Anti-Trans,harmful,aclu,Dead,,2022-05-12,H4047
2022,TN,SB 657,Anti-Trans,harmful,aclu,Dead,,2022-04-28,SB657
2022,TN,HB 578,Anti-Trans,harmful,aclu,Dead,,2022-04-28,HB578
2022,TN,HB 2835,Anti-Trans,harmful,aclu,Dead,,2022-04-28,HB2835
2022,TN,SB 2696,Anti-Trans,harmful,aclu,Dead,,2022-04-28,SB2696
2022,UT,HB 0127,Anti-Trans,harmful,aclu,Dead,,2022-03-04,HB127
2022,WI,SB 915,Anti-Trans,harmful,aclu,Failed to pass,,2022-03-15,SB915
2022,WI,AB 977,Anti-Trans,harmful,aclu,Failed to pass,,2022-03-15,AB977
2022,WV,HB 2171,Anti-Trans,harmful,aclu,Dead,,2022-03-12,HB2171
2022,AL,HB 322,Single-Sex Facility Restrictions,harmful,aclu,Delievered to Governor,,2022-04-07,HB322
2022,AL,HR 83,Single-Sex Facility Restrictions,harmful,aclu,Motion to adopt adopted,,2022-02-22,HR83
2022,MN,HF 3843,Single-Sex Facility Restrictions,harmful,aclu,Dead,,2022-05-23,HF3843
2022,MS,SB 2679,Single-Sex Facility Restrictions,harmful,aclu,Died in committee,,2022-02-01,SB2679
2022,OK,SB 1164,Single-Sex Facility Restrictions,harmful,aclu,Dead,,2022-05-27,SB1164
2022,OK,SB 1249,Single-Sex Facility Restrictions,harmful,aclu,Dead,,2022-05-27,SB1249
2022,OK,SB 615,Single-Sex Facility Restrictions,harmful,aclu,Approved by Governor,,2022-05-25,SB615
2022,SD,HB 1005,Single-Sex Facility Restrictions,harmful,aclu,Dead,,2022-03-28,HB1005
2022,VA,HB 1126,Single-Sex Facility Restrictions,harmful,aclu,Dead,,2022-03-12,HB1126
2022,AK,HB 230,Excluding transgender youth from athletics,harmful,aclu,Dead,,2022-05-18,HB230
2022,AZ,SB 1046,Excluding transgender youth from athletics,harmful,aclu,Dead,,2022-06-25,SB1046
2022,AZ,SB 1165,Excluding transgender youth from athletics,harmful,aclu,Signed by Governor,,2022-03-30,SB1165
2022,DE,SB 227,Excluding transgender youth from athletics,harmful,aclu,Dead,,2022-06-30,SB227
2022,DE,SB 346,Excluding transgender youth from athletics,harmful,aclu,Dead,,2022-07-25,SB346
2022,GA,HB 276,Excluding transgender youth from athletics,harmful,aclu,Dead,,2022-04-04,HB276
2022,GA,HB 372,Excluding transgender youth from athletics,harmful,aclu,Dead,,2022-04-04,HB372
2022,GA,SB 266,Excluding transgender youth from athletics,harmful,aclu,Dead,,2022-04-04,SB266
2022,GA,SB 435,Excluding transgender youth from athletics,harmful,aclu,Dead,,2022-04-04,SB435
2022,HI,HB 1304,Excluding transgender youth from athletics,harmful,aclu,Dead,,2022-05-05,HB1304
2022,IA,HF 184,Excluding transgender youth from athletics,harmful,aclu,Dead,,2022-05-24,HF184
2022,IA,HF 2309,Excluding transgender youth from athletics,harmful,aclu,Withdrawn,,2022-02-21,HF2309
2022,IA,HF 2416,Excluding transgender youth from athletics,harmful,aclu,Signed by Governor,,2022-03-03,HF2416
2022,IN,HB 1041,Excluding transgender youth from athletics,harmful,aclu,Override of Governors veto,,2022-05-24,HB1041
2022,KS,SB 208,Excluding transgender youth from athletics,harmful,aclu,Died in committee,,2022-05-23,SB208
2022,KS,SB 484,Excluding transgender youth from athletics,harmful,aclu,Died in committee,,2022-05-23,SB484
2022,KY,HB 23,Excluding transgender youth from athletics,harmful,aclu,Dead,,2022-04-14,HB23
2022,KY,HB 247,Excluding transgender youth from athletics,harmful,aclu,Dead,,2022-04-14,HB247
2022,KY,SB 83,Excluding transgender youth from athletics,harmful,aclu,Veto overridden: delivered to Secretary of State,,2022-04-13,SB83
2022,LA,SB 44,Excluding transgender youth from athletics,harmful,aclu,Became an act without Governor's signature,,2022-06-06,SB44
2022,MD,HB 0757,Excluding transgender youth from athletics,harmful,aclu,Dead,,2022-04-11,HB757
2022,MI,SB 218,Excluding transgender youth from athletics,harmful,aclu,Active,,2022-01-12,SB218
2022,MN,HF 350,Excluding transgender youth from athletics,harmful,aclu,Dead,,2022-03-12,HF350
2022,MN,HF 352,Excluding transgender youth from athletics,harmful,aclu,Dead,,2022-03-12,HF352
2022,MN,HF 1657,Excluding transgender youth from athletics,harmful,aclu,Dead,,2022-03-12,HF1657
2022,MN,HF 4282,Excluding transgender youth from athletics,harmful,aclu,Dead,,2022-03-12,HF4282
2022,MO,SB 740,Excluding transgender youth from athletics,harmful,aclu,Dead,,2022-05-13,SB740
2022,MO,HB 2461,Excluding transgender youth from athletics,harmful,aclu,Dead,,2022-05-13,HB2461
2022,MO,HB 2735,Excluding transgender youth from athletics,harmful,aclu,Dead,,2022-05-13,HB2735
2022,MO,HB 2734,Excluding transgender youth from athletics,harmful,aclu,Dead,,2022-05-13,HB2734
2022,MO,HB 2140,Excluding transgender youth from athletics,harmful,aclu,Dead,,2022-05-13,HB2140
2022,MO,HB 1973,Excluding transgender youth from athletics,harmful,aclu,Dead,,2022-05-13,HB1973
2022,MO,SB 781,Excluding transgender youth from athletics,harmful,aclu,Dead,,2022-05-13,SB781
2022,MS,SB 2111,Excluding transgender youth from athletics,harmful,aclu,Died in committee,,2022-02-01,SB2111
2022,MS,SB 2310,Excluding transgender youth from athletics,harmful,aclu,Died in committee,,2022-02-01,SB2310
2022,NH,HB 198,Excluding transgender youth from athletics,harmful,aclu,Dead,,2022-05-26,HB198
2022,NJ,A 1630,Excluding transgender youth from athletics,harmful,aclu,Introduced and Referred to Committee,,2022-01-11,A1630
2022,NJ,S 589,Excluding transgender youth from athletics,harmful,aclu,Introduced and Referred to Committee,,2022-01-11,S589
2022,OH,HB 61,Excluding transgender youth from athletics,harmful,aclu,Active,,2022-01-03,HB61
2022,OH,SB 132,Excluding transgender youth from athletics,harmful,aclu,Active,,2022-01-03,SB132
2022,OH,SB 187,Excluding transgender youth from athletics,harmful,aclu,Active,,2022-01-03,SB187
2022,OK,SB 331,Excluding transgender youth from athletics,harmful,aclu,Dead,,2022-05-27,SB331
2022,OK,SB 2,Excluding transgender youth from athletics,harmful,aclu,Signed by Governor,,2022-03-30,SB2
2022,OK,HB 4245,Excluding transgender youth from athletics,harmful,aclu,Dead,,2022-05-27,HB4245
2022,PA,HB 972,Excluding transgender youth from athletics,harmful,aclu,Vetoed by Governor,,2022-07-08,HB972
2022,RI,S 2501,Excluding transgender youth from athletics,harmful,aclu,Dead,,2022-06-23,S2501
2022,SC,SB 531,Excluding transgender youth from athletics,harmful,aclu,Dead,,2022-05-12,S531
2022,SC,HB 4608,Excluding transgender youth from athletics,harmful,aclu,Signed by Governor,,2022-05-16,H4608
2022,SC,HB 3477,Excluding transgender youth from athletics,harmful,aclu,Dead,,2022-05-12,H3477
2022,SD,HB 1006,Excluding transgender youth from athletics,harmful,aclu,Withdrawn,,2022-02-07,HB1006
2022,SD,SB 46,Excluding transgender youth from athletics,harmful,aclu,Signed by Governor,,2022-02-03,SB46
2022,TN,HB 1894,Excluding transgender youth from athletics,harmful,aclu,Withdrawn from subcomittee,,2022-01-31,HB1894
2022,TN,SB 1862,Excluding transgender youth from athletics,harmful,aclu,Dead,,2022-04-28,SB1862
2022,TN,SB 2153,Excluding transgender youth from athletics,harmful,aclu,Signed by Governor,,2022-05-06,SB2153
2022,TN,HB 2316,Excluding transgender youth from athletics,harmful,aclu,Companion bill substituted,,2022-04-25,HB2316
2022,TN,HB 1895,Excluding transgender youth from athletics,harmful,aclu,Signed by Governor,,2022-04-22,HB1895
2022,TN,SB 1861,Excluding transgender youth from athletics,harmful,aclu,Companion house bill substitued,,2022-04-11,SB1861
2022,UT,HB 11,Excluding transgender youth from athletics,harmful,aclu,Legislature Overrides Governor's veto,,2022-03-25,HB11
2022,UT,HB 3002,Excluding transgender youth from athletics,harmful,aclu,Dead,,2022-03-04,HB3002
2022,VA,SB 766,Excluding transgender youth from athletics,harmful,aclu,Dead,,2022-03-12,SB766
2022,WI,AB 195,Excluding transgender youth from athletics,harmful,aclu,Failed to concur,,2022-03-15,AB195
2022,WI,SB 323,Excluding transgender youth from athletics,harmful,aclu,Failed to pass,,2022-03-15,SB323
2022,WI,AB 196,Excluding transgender youth from athletics,harmful,aclu,Failed to concur,,2022-03-15,AB196
2022,WI,SB 322,Excluding transgender youth from athletics,harmful,aclu,Failed to pass,,2022-03-15,SB322
2022,WV,HB 2141,Excluding transgender youth from athletics,harmful,aclu,Dead,,2022-03-12,HB2141
2022,WV,HB 2676,Excluding transgender youth from athletics,harmful,aclu,Dead,,2022-03-12,HB2676
2022,WV,HB 2734,Excluding transgender youth from athletics,harmful,aclu,Dead,,2022-03-12,HB2734
2022,WV,SB 341,Excluding transgender youth from athletics,harmful,aclu,Dead,,2022-03-12,SB341
2022,WY,SF 0051,Excluding transgender youth from athletics,harmful,aclu,Dead,,2022-03-11,SF51
2022,AZ,HB 2011,Other school or curriculum restrictions,harmful,aclu,Dead,,2022-06-25,HB2011
2022,AZ,HB 2161,Other school or curriculum restrictions,harmful,aclu,Signed by Governor,,2022-04-29,HB2161
2022,AZ,HB 2285,Other school or curriculum restrictions,harmful,aclu,Dead,,2022-06-25,HB2285
2022,FL,SB 1834,Other school or curriculum restrictions,harmful,aclu,Dead,,2022-03-14,S1834
2022,FL,HB 1557,Other school or curriculum restrictions,harmful,aclu,Signed by Governor,,2022-04-29,H1557
2022,FL,HB 7,Other school or curriculum restrictions,harmful,aclu,Signed by Governor,,2022-04-22,H0007
2022,GA,HB 1158,Other school or curriculum restrictions,harmful,aclu,Dead,,2022-04-04,HB1158
2022,IA,SF 2024,Other school or curriculum restrictions,harmful,aclu,Dead,,2022-05-24,SF2024
2022,IA,HF 2054,Other school or curriculum restrictions,harmful,aclu,Dead,,2022-05-24,HF2054
2022,IA,HF 2053,Other school or curriculum restrictions,harmful,aclu,Dead,,2022-05-24,HF2053
2022,IL,HB 5505,Other school or curriculum restrictions,harmful,aclu,Dead,,2022-04-09,HB5505
2022,IN,HB 1040,Other school or curriculum restrictions,harmful,aclu,Dead,,2022-03-14,HB1040
2022,IN,HB 1228,Other school or curriculum restrictions,harmful,aclu,Dead,,2022-03-14,HB1228
2022,IN,HB 1231,Other school or curriculum restrictions,harmful,aclu,Dead,,2022-03-14,HB1231
2022,KY,HB 14,Other school or curriculum restrictions,harmful,aclu,Dead,,2022-04-14,HB14
2022,MI,HB 6503,Other school or curriculum restrictions,harmful,aclu,"Introduced, read for the first time, and referred to committee",,2022-11-29,HB6503
2022,MI,HB 6306,Other school or curriculum restrictions,harmful,aclu,"Introduced, read for the first time, and referred to committee",,2022-06-30,HB6306
2022,MS,SB 2881,Other school or curriculum restrictions,harmful,aclu,Died in committee,,2022-02-01,SB2881
2022,MO,HB 1755,Other school or curriculum restrictions,harmful,aclu,Dead,,2022-05-13,HB1755
2022,MO,SB 645,Other school or curriculum restrictions,harmful,aclu,Dead,,2022-05-13,SB645
2022,MO,HB 2189,Other school or curriculum restrictions,harmful,aclu,Dead,,2022-05-13,HB2189
2022,NJ,A 1418,Other school or curriculum restrictions,harmful,aclu,Introduced and Referred to Committee,,2022-01-11,A1418
2022,NJ,S 585,Other school or curriculum restrictions,harmful,aclu,Introduced and Referred to Committee,,2022-01-11,S585
2022,NC,H 755,Other school or curriculum restrictions,harmful,aclu,Dead,,2022-07-01,H755
2022,OK,SB 1142,Other school or curriculum restrictions,harmful,aclu,Dead,,2022-05-27,SB1142
2022,OK,SB 1654,Other school or curriculum restrictions,harmful,aclu,Dead,,2022-05-27,SB1654
2022,OK,HB 1888,Other school or curriculum restrictions,harmful,aclu,Dead,,2022-05-27,HB1888
2022,OK,SB 627,Other school or curriculum restrictions,harmful,aclu,Dead,,2022-05-27,SB627
2022,PA,HB 2813,Other school or curriculum restrictions,harmful,aclu,Dead,,2022-11-30,HB2813
2022,PA,SB 1278,Other school or curriculum restrictions,harmful,aclu,Dead,,2022-11-30,SB1278
2022,RI,H 7138,Other school or curriculum restrictions,harmful,aclu,Dead,,2022-06-23,H7138
2022,RI,H 7539,Other school or curriculum restrictions,harmful,aclu,Dead,,2022-06-23,H7539
2022,RI,S 2516,Other school or curriculum restrictions,harmful,aclu,Dead,,2022-06-23,S2516
2022,SC,SB 900,Other school or curriculum restrictions,harmful,aclu,Dead,,2022-05-12,S900
2022,SC,HB 4605,Other school or curriculum restrictions,harmful,aclu,Dead,,2022-05-12,H4605
2022,TN,SB 2777,Other school or curriculum restrictions,harmful,aclu,Dead,,2022-04-28,SB2777
2022,TN,HB 2633,Other school or curriculum restrictions,harmful,aclu,Dead,,2022-04-28,HB2633
2022,TN,HB 0800,Other school or curriculum restrictions,harmful,aclu,Dead,,2022-04-28,HB800
2022,TN,SB 1216,Other school or curriculum restrictions,harmful,aclu,Dead,,2022-04-28,SB1216
2022,VA,SB 20,Other school or curriculum restrictions,harmful,aclu,Passed by indefinitely in committee,,2022-02-03,SB20
2022,VA,HB 988,Other school or curriculum restrictions,harmful,aclu,Died in committee,,2022-02-07,HB988
2022,WV,SB 498,Other school or curriculum restrictions,harmful,aclu,Dead,,2022-03-12,SB498
2022,WV,HB 4016,Other school or curriculum restrictions,harmful,aclu,Dead,,2022-03-12,HB4016
2022,MS,SB 2356,Restrictions on accessing accurate ID,harmful,aclu,Dead,,2022-02-10,SB2356
2022,MS,HB 1099,Restrictions on accessing accurate ID,harmful,aclu,Died on calendar,,2022-03-09,HB1099
2022,OK,SB 1100,Restrictions on accessing accurate ID,harmful,aclu,Signed by Governor,,2022-04-26,SB1100
2022,IA,SF 167,Other anti-trans bills,harmful,aclu,Dead,,2022-05-24,SF167
2022,IA,HF 272,Other anti-trans bills,harmful,aclu,Dead,,2022-05-24,HF272
2022,IA,HF 326,Other anti-trans bills,harmful,aclu,Dead,,2022-05-24,HF326
2022,IN,SB 402,Other anti-trans bills,harmful,aclu,Dead,,2022-03-14,SB402
2022,NH,HB 1180,Other anti-trans bills,harmful,aclu,Dead,,2022-05-26,HB1180
2022,IA,HF 170,Religious Freedom Restoration Acts (RFRAs),harmful,aclu,Dead,,2022-05-24,HF170
2022,IA,SF 436,Religious Freedom Restoration Acts (RFRAs),harmful,aclu,Dead,,2022-05-24,SF436
2022,NJ,A 328,Religious Freedom Restoration Acts (RFRAs),harmful,aclu,Introduced and Referred to Committee,,2022-01-11,A328
2022,WV,HB 2545,Religious Freedom Restoration Acts (RFRAs),harmful,aclu,Dead,,2022-03-12,HB2545
2022,WY,HB 0154,Religious Freedom Restoration Acts (RFRAs),harmful,aclu,Dead,,2022-03-11,HB154
2022,FL,HB 747,Religious Exemptions in Healthcare Implicating LGBTQ People,harmful,aclu,Died in committee,,2022-03-14,H0747
2022,KY,HB 495,Religious Exemptions in Healthcare Implicating LGBTQ People,harmful,aclu,Dead,,2022-04-14,HB495
2022,SC,HB 3518,Religious Exemptions in Healthcare Implicating LGBTQ People,harmful,aclu,Dead,,2022-05-12,H3518
2022,SC,S 811,Religious Exemptions in Healthcare Implicating LGBTQ People,harmful,aclu,Dead,,2022-05-12,S811
2022,SC,H 4776,Religious Exemptions in Healthcare Implicating LGBTQ People,harmful,aclu,Signed by Governor,,2022-06-17,H4776
2022,AZ,SB 1399,Religious Exemptions in Adoption & Foster Care,harmful,aclu,Signed by Governor,,2022-04-06,SB1399
2022,IN,HB 1338,Religious Exemptions in Adoption & Foster Care,harmful,aclu,Dead,,2022-03-14,HB1338
2022,KY,HB 1,Religious Exemptions in Adoption & Foster Care,harmful,aclu,Delivered to Governor,,2022-03-30,HB1
2022,SC,H 3878,Religious Exemptions in Adoption & Foster Care,harmful,aclu,Dead,,2022-05-12,H3878
2022,WV,SB 13,Religious Exemptions in Adoption & Foster Care,harmful,aclu,Dead,,2022-03-12,SB13
2022,MA,H 1536,Other Religious Exemption Bills,harmful,aclu,Dead,,2022-08-01,H1536
2022,VA,HB 1137,Other Religious Exemption Bills,harmful,aclu,Died in subcommittee,,2022-02-10,HB1137
2022,SC,HB 5150,Other Anti-LGBTQ Bills,harmful,aclu,,,,H5150
2022,TN,SB 1208,Other Anti-LGBTQ Bills,harmful,aclu,Dead,,2022-04-28,SB1208
2022,WI,AB 14,Other Anti-LGBTQ Bills,harmful,aclu,Failed to pass,,2022-03-15,AB14
2022,WI,SB 31,Other Anti-LGBTQ Bills,harmful,aclu,Failed to pass,,2022-03-15,SB31
2022,AK,HB 17,Nondiscrimination protections,supportive,aclu,Dead,,2022-05-18,HB17
2022,AK,SB 149,Nondiscrimination protections,supportive,aclu,Dead,,2022-05-18,SB149
2022,AZ,HB 2630,Nondiscrimination protections,supportive,aclu,Dead,,2022-06-25,HB2630
2022,FL,HB 1597,Nondiscrimination protections,supportive,aclu,Died in committee,,2022-03-14,H1597
2022,ID,H 440,Nondiscrimination protections,supportive,aclu,Dead,,2022-03-31,H440
2022,MI,HB 5349,Nondiscrimination protections,supportive,aclu,Active,,2022-01-12,HB5349
2022,MO,HB 1760,Nondiscrimination protections,supportive,aclu,Dead,,2022-05-13,HB1760
2022,MO,HB 1737,Nondiscrimination protections,supportive,aclu,Dead,,2022-05-13,HB1737
2022,NE,LB 120,Nondiscrimination protections,supportive,aclu,Dead,,2022-04-20,LB120
2022,NE,LB 1136,Nondiscrimination protections,supportive,aclu,Dead,,2022-04-20,LB1136
2022,NE,LB 1211,Nondiscrimination protections,supportive,aclu,Dead,,2022-04-20,LB1211
2022,NJ,A 1846,Nondiscrimination protections,supportive,aclu,Introduced and Referred to Committee,,2022-01-11,A1846
2022,OK,HB 3001,Nondiscrimination protections,supportive,aclu,Dead,,2022-05-27,HB3001
2022,PA,SB 1010,Nondiscrimination protections,supportive,aclu,Dead,,2022-11-30,SB1010
2022,RI,H 6655,Nondiscrimination protections,supportive,aclu,Dead,,2022-06-23,H6655
2022,RI,H 7117,Nondiscrimination protections,supportive,aclu,Dead,,2022-06-23,H7117
2022,SC,HB 3183,Nondiscrimination protections,supportive,aclu,Dead,,2022-05-12,H3183
2022,WV,HB 2538,Nondiscrimination protections,supportive,aclu,Dead,,2022-03-12,HB2538
2022,WV,SB 156,Nondiscrimination protections,supportive,aclu,Dead,,2022-03-12,SB156
2022,WV,HB 2697,Nondiscrimination protections,supportive,aclu,Dead,,2022-03-12,HB2697
2022,WV,HB 3272,Nondiscrimination protections,supportive,aclu,Dead,,2022-03-12,HB3272
2022,HI,SB 752,Protections in healthcare,supportive,aclu,Dead,,2022-05-05,SB752
2022,IL,SB 2978,Protections in healthcare,supportive,aclu,Dead,,2022-04-09,SB2978
2022,SC,HB 4801,Protections in healthcare,supportive,aclu,Dead,,2022-05-12,H4801
2022,VT,H 659,Protections in healthcare,supportive,aclu,Dead,,2022-05-12,H659
2022,WA,SB 5688,Protections in healthcare,supportive,aclu,Dead,,2022-03-10,SB5688
2022,WA,HB 1809,Protections in healthcare,supportive,aclu,Dead,,2022-03-10,HB1809
2022,AZ,HB 1186,Allowing updated gender markers on ID,supportive,aclu,Dead,,2022-06-25,HB1186
2022,IL,HB 9,Allowing updated gender markers on ID,supportive,aclu,Dead,,2022-04-09,HB9
2022,IL,HB 4444,Allowing updated gender markers on ID,supportive,aclu,Dead,,2022-04-09,HB4444
2022,MA,HD 153,Allowing updated gender markers on ID,supportive,aclu,Dead,,2022-08-01,HD153
2022,NJ,A 1171,Allowing updated gender markers on ID,supportive,aclu,Introduced and Referred to Committee,,2022-01-11,A1171
2022,NY,S 607A,Allowing updated gender markers on ID,supportive,aclu,Dead,,2022-06-04,S607A
2022,VT,H 628,Allowing updated gender markers on ID,supportive,aclu,Signed by Governor,,2022-04-08,H628
2022,VT,S 273,Allowing updated gender markers on ID,supportive,aclu,Dead,,2022-04-20,S273
2022,CA,SB 357,Sex work discriminalization bills,supportive,aclu,Signed by Governor,,2022-07-01,SB357
2022,HI,SB 2557,Sex work discriminalization bills,supportive,aclu,Dead,,2022-05-05,SB2557
2022,HI,HB 2265,Sex work discriminalization bills,supportive,aclu,Dead,,2022-05-05,HB2265
2022,MO,HB 2338,Sex work discriminalization bills,supportive,aclu,Dead,,2022-05-13,HB2338
2022,NH,HB 1176,Sex work discriminalization bills,supportive,aclu,Dead,,2022-05-26,HB1176
2022,NY,A 849,Sex work discriminalization bills,supportive,aclu,Dead,,2022-06-04,A849
2022,NY,S 3075,Sex work discriminalization bills,supportive,aclu,Dead,,2022-06-04,S3075
2022,NY,S 2878,Sex work discriminalization bills,supportive,aclu,Dead,,2022-06-04,S2878
2022,WA,HB 1816,Sex work discriminalization bills,supportive,aclu,Dead,,2022-03-10,HB1816
2022,WA,SB 5693,Sex work discriminalization bills,supportive,aclu,Partially vetoed by Governor,,2022-03-31,SB5693
2022,CA,AB 1041,Other good bills,supportive,aclu,Approved by Governor,,2022-09-29,AB1041
2022,CA,SB 225,Other good bills,supportive,aclu,Approved by Governor,,2022-09-27,SB225
2022,CA,SB 379,Other good bills,supportive,aclu,Approved by Governor,,2022-09-16,SB379
2022,HI,SB 618,Other good bills,supportive,aclu,Dead,,2022-05-05,SB618
2022,IL,HB 4626,Other good bills,supportive,aclu,Dead,,2022-04-09,HB4626
2022,IL,SB 3961,Other good bills,supportive,aclu,Dead,,2022-04-09,SB3961
2022,IN,HB 1047,Other good bills,supportive,aclu,Dead,,2022-03-14,HB1047
2022,IN,HB 1158,Other good bills,supportive,aclu,Dead,,2022-03-14,HB1158
2022,KY,HB 16,Other good bills,supportive,aclu,Dead,,2022-04-14,HB16
2022,MD,HB 0453,Other good bills,supportive,aclu,Dead,,2022-04-11,HB453
2022,MD,SB 550,Other good bills,supportive,aclu,Dead,,2022-04-11,SB550
2022,MN,SF 3130,Other good bills,supportive,aclu,Dead,,2022-03-12,SF3130
2022,NJ,A 1751,Other good bills,supportive,aclu,Introduced and Referred to Committee,,2022-01-11,A1751
2022,NY,A 7001-A,Other good bills,supportive,aclu,Dead,,2022-06-04,A7001
2022,OR,HB 4073,Other good bills,supportive,aclu,Dead,,2022-03-04,HB4073
2022,OR,HB 4099,Other good bills,supportive,aclu,Dead,,2022-03-04,HB4099
2022,WA,HB 1956,Other good bills,supportive,aclu,Signed by Governor,,2022-03-31,HB1956
2022,WA,SB 5859,Other good bills,supportive,aclu,Dead,,2022-03-10,SB5859
2022,WV,SB 167,Other good bills,supportive,aclu,Dead,,2022-03-12,SB167
2022,WV,HB 2362,Other good bills,supportive,aclu,Dead,,2022-03-12,HB2362
2023,PA,HB 216,Restricting student & educator rights | School sports bans,harmful,aclu,Advancing,Referred to committee,2023-03-08,HB216
2023,PA,HB 138,Healthcare restrictions | Other healthcare barriers,harmful,aclu,Advancing,Referred to committee,2023-03-08,HB138
2023,PA,HB 319,Curriculum censorship | Restricting student & educator rights,harmful,aclu,Advancing,Referred to committee,2023-03-13,HB319
2023,OH,HB 8,Forced outing in schools | Restricting student & educator rights,harmful,aclu,,,,HB8
2023,TN,SB 596,Religious exemptions | Weakening Civil Rights Laws,harmful,aclu,Advancing,Committee action deferred to,2024-01-23,SB596
2023,NH,HB 619,Curriculum censorship | Healthcare age restrictions | Healthcare restrictions | Restricting student & educator rights | School facilities bans | School sports bans,harmful,aclu,Passed into Law,Signed by Governor,2024-07-19,HB619
2023,OK,HB 1466,Healthcare age restrictions | Healthcare restrictions |,harmful,aclu,Defeated,Failed to meet House deadline,2024-02-29,HB1466
2023,OK,SB 887,Religious exemptions | Weakening Civil Rights Laws,harmful,aclu,Defeated,Failed to meet Senate deadline,2024-02-29,SB887
2023,OK,SB 788,Healthcare age restrictions | Healthcare restrictions |,harmful,aclu,Defeated,Failed to meet Senate deadline,2024-02-29,SB788
2023,OK,SB 937,Curriculum censorship | Drag bans | Free speech & expression bans | Other school restrictions | Restricting student & educator rights | School sports bans,harmful,aclu,Defeated,Failed to meet Senate deadline,2024-02-29,SB937
2023,OK,HB 1377,Healthcare age restrictions | Healthcare restrictions | Other healthcare barriers,harmful,aclu,Defeated,Failed to meet House deadline,2024-02-29,HB1377
2023,OK,SB 252,Healthcare age restrictions | Healthcare restrictions |,harmful,aclu,Defeated,Failed to meet Senate deadline,2024-02-29,SB252
2023,OK,SB 787,Healthcare age restrictions | Healthcare restrictions |,harmful,aclu,Defeated,Failed to meet Senate deadline,2024-02-29,SB787
2023,OK,SB 935,Other school restrictions | Restricting student & educator rights,harmful,aclu,Defeated,Failed to meet Senate deadline,2024-02-29,SB935
2023,OK,SB 345,Healthcare age restrictions | Healthcare restrictions |,harmful,aclu,Defeated,Failed to meet Senate deadline,2024-02-29,SB345
2023,OK,SB 786,Healthcare age restrictions | Healthcare restrictions |,harmful,aclu,Defeated,Failed to meet Senate deadline,2024-02-29,SB786
2023,OK,SB 614,Healthcare age restrictions | Healthcare restrictions |,harmful,aclu,Defeated,Failed to meet Senate deadline,2024-02-29,SB614
2023,OK,HB 2736,Drag bans | Free speech & expression bans |,harmful,aclu,Defeated,Failed to meet House deadline,2024-02-29,HB2736
2023,OK,HB 1780,Curriculum censorship | Restricting student & educator rights,harmful,aclu,Defeated,Failed to meet House deadline,2024-02-29,HB1780
2023,OK,HB 2186,Drag bans | Free speech & expression bans |,harmful,aclu,Defeated,Failed to meet House deadline,2024-02-29,HB2186
2023,OK,SB 129,Healthcare age restrictions | Healthcare restrictions | Other healthcare barriers,harmful,aclu,Defeated,Failed to meet House deadline,2024-02-29,SB129
2023,OK,HB 2177,Healthcare age restrictions | Healthcare restrictions | Other healthcare barriers,harmful,aclu,Defeated,Failed to meet House deadline,2024-02-29,HB2177
2023,OK,SB 408,Other anti-LGBTQ bills,harmful,aclu,Defeated,Failed to meet House deadline,2024-02-29,SB408
2023,OK,SB 932,Other school restrictions | Restricting student & educator rights,harmful,aclu,Defeated,Failed to meet House deadline,2024-02-29,SB932
2023,OK,SB 973,Curriculum censorship | Restricting student & educator rights,harmful,aclu,Defeated,Failed to meet Senate deadline,2024-02-29,SB973
2023,OK,HB 1781,Curriculum censorship | Restricting student & educator rights,harmful,aclu,Defeated,Failed to meet House deadline,2024-02-29,HB1781
2023,OK,HB 1011,Healthcare age restrictions | Healthcare restrictions | Other healthcare barriers,harmful,aclu,Defeated,Failed to meet House deadline,2024-02-29,HB1011
2023,OK,SB 789,Healthcare age restrictions | Healthcare restrictions |,harmful,aclu,Defeated,Failed to meet Senate deadline,2024-02-29,SB789
2023,OK,SB 943,Other school restrictions | Restricting student & educator rights,harmful,aclu,Defeated,Failed to meet Senate deadline,2024-02-29,SB943
2023,OK,SB 933,Drag bans | Free speech & expression bans |,harmful,aclu,Defeated,Failed to meet Senate deadline,2024-02-29,SB933
2023,OK,SB 1004,Other anti-LGBTQ bills,harmful,aclu,Defeated,Failed to meet Senate deadline,2024-02-29,SB1004
2023,OK,SB 1017,Other school restrictions | Restricting student & educator rights,harmful,aclu,Defeated,Failed to meet Senate deadline,2024-02-29,SB1017
2023,OK,SB 30,Curriculum censorship | Forced outing in schools | Other school restrictions | Restricting student & educator rights,harmful,aclu,Advancing,Second read and referred to committee,2023-02-07,SB30
2023,OK,SB 250,Healthcare funding restrictions | Healthcare restrictions |,harmful,aclu,Advancing,Second read and referred to committee,2023-02-07,SB250
2023,OK,SB 878,Healthcare age restrictions | Healthcare restrictions |,harmful,aclu,Defeated,Failed to meet Senate deadline,2024-02-29,SB878
2023,OK,SB 1007,Restricting student & educator rights | School sports bans,harmful,aclu,Defeated,Failed to meet Senate deadline,2024-02-29,SB1007
2023,OK,SB 131,Curriculum censorship | Restricting student & educator rights,harmful,aclu,Defeated,Failed to meet Senate deadline,2024-02-29,SB131
2023,WI,AB 377,Restricting student & educator rights | School sports bans,harmful,aclu,Defeated,Vetoed by Governor; Assembly failed to override veto,2024-05-15,AB377
2023,MI,HB 4510,Restricting student & educator rights | School facilities bans,harmful,aclu,Advancing,First read and referred to committee,2023-05-04,HB4510
2023,SC,SB 627,Healthcare age restrictions | Healthcare funding restrictions | Healthcare restrictions |,harmful,aclu,Defeated,Legislative session ended,2024-05-09,S627
2023,KS,HB 2427,Restricting student & educator rights | School facilities bans,harmful,aclu,Defeated,Legislative session ended,2024-04-30,HB2427
2023,NH,HB 396,Barriers to accurate IDs |,harmful,aclu,,,,HB396
2023,OK,HB 1449,Other anti-LGBTQ bills,harmful,aclu,Passed into Law,Governor signed,2024-05-31,HB1449
2023,MA,H 509,Curriculum censorship | Restricting student & educator rights,harmful,aclu,Advancing,Joint hearing scheduled,2023-10-11,H509
2023,SC,HB 3728,Curriculum censorship | Other school restrictions | Restricting student & educator rights,harmful,aclu,,,,H3728
2023,OH,HB 245,Drag bans | Free speech & expression bans |,harmful,aclu,,,,HB245
2023,MA,H 458,Curriculum censorship | Restricting student & educator rights,harmful,aclu,Advancing,Joint hearing,2023-07-17,H458
2023,WI,AB 465,Healthcare age restrictions | Healthcare restrictions |,harmful,aclu,Defeated,Vetoed by Governor; Assembly failed to override veto,2024-05-15,AB465
2023,WI,AB 510,Curriculum censorship | Other school restrictions | Restricting student & educator rights,harmful,aclu,Defeated,Vetoed by Governor; Assembly failed to override veto,2024-05-15,AB510
2023,AK,H.B. 183,Restricting student & educator rights | School sports bans,harmful,aclu,Defeated,Legislative session ended,2024-05-15,HB183
2023,AK,HB 174,Other anti-LGBTQ bills,harmful,aclu,Defeated,Legislative session ended,2024-05-15,HB174
2023,AK,H.B. 105,Curriculum censorship | Other school restrictions | Restricting student & educator rights | School facilities bans,harmful,aclu,Defeated,Legislative session ended,2024-05-15,HB105
2023,KS,HB 2436,Other anti-LGBTQ bills,harmful,aclu,,,,HB2436
2023,KS,SB 233,Healthcare age restrictions | Healthcare restrictions |,harmful,aclu,Defeated,House Motion to override veto failed; Veto sustained,2024-04-29,SB233
2023,WI,SB 377,Restricting student & educator rights | School sports bans,harmful,aclu,Defeated,Legislative session ended,2024-05-12,SB377
2023,WI,SB 489,Curriculum censorship | Other school restrictions | Restricting student & educator rights,harmful,aclu,Defeated,Companion bill vetoed by Governor; Assembly failed to override veto,2024-05-15,SB489
2023,WI,SB 378,Restricting student & educator rights | School sports bans,harmful,aclu,Defeated,Legislative session ended,2024-03-12,SB378
2023,ME,LD 678,Other school restrictions | Restricting student & educator rights,harmful,aclu,,,,LD678
2023,ME,LD 930,Restricting student & educator rights | School sports bans,harmful,aclu,,,,LD930
2023,WI,SB 479,Healthcare restrictions | Other healthcare barriers,harmful,aclu,Defeated,Legislative session ended,2024-03-12,SB479
2023,WI,SB 438,Other anti-LGBTQ bills,harmful,aclu,Defeated,Legislative session ended,2024-03-12,SB438
2023,WI,SB 480,Healthcare age restrictions | Healthcare restrictions |,harmful,aclu,Defeated,Companion bill vetoed by Governor; Assembly failed to override veto,2024-05-15,SB480
2023,WI,AB 447,Other anti-LGBTQ bills,harmful,aclu,Defeated,Legislative session ended,2024-03-12,AB447
2023,WI,AB 609,Healthcare restrictions | Other healthcare barriers,harmful,aclu,Defeated,Legislative session ended,2024-03-12,AB609
2023,WI,AB 502,Healthcare age restrictions | Healthcare restrictions | Other healthcare barriers,harmful,aclu,Defeated,Legislative session ended,2024-03-12,AB502
2023,WI,AB 378,Restricting student & educator rights | School sports bans,harmful,aclu,Defeated,Legislative session ended,2024-03-12,AB378
2023,OH,HB 183,Restricting student & educator rights | School facilities bans,harmful,aclu,,,,HB183
2023,NE,LB 575,Restricting student & educator rights | School facilities bans | School sports bans,harmful,aclu,,,,LB575
2023,TN,HB 1386,Other anti-LGBTQ bills,harmful,aclu,Defeated,Legislative session ended,2024-04-25,HB1386
2023,TN,HB 878,Religious exemptions | Weakening Civil Rights Laws,harmful,aclu,Passed into Law,Signed by Governor,2024-02-21,HB878
2023,TN,SB 1110,Other anti-LGBTQ bills,harmful,aclu,Defeated,Legislative session ended,2024-04-25,SB1110
2023,GA,SB 180,Religious exemptions | Weakening Civil Rights Laws,harmful,aclu,Defeated,Legislative session ended,2024-03-28,SB180
2023,GA,SB 88,Curriculum censorship | Other school restrictions | Restricting student & educator rights,harmful,aclu,Defeated,Legislative session ended,2024-03-28,SB88
2023,IA,HF 290,Barriers to accurate IDs | Re-definition of sex | Weakening Civil Rights Laws,harmful,aclu,,,,HF290
2023,TN,SB 620,Curriculum censorship | Forced outing in schools | Other school restrictions | Restricting student & educator rights,harmful,aclu,Defeated,Legislative session ended,2024-04-25,SB620
2023,TN,HB 30,Drag bans | Free speech & expression bans |,harmful,aclu,Defeated,Legislative session ended,2024-04-25,HB30
2023,OH,HB 68,Healthcare age restrictions | Healthcare restrictions |,harmful,aclu,,,,HB68
2023,WV,SB 517,Weakening Civil Rights Laws,harmful,aclu,Defeated,Legislative session ended,2024-03-09,SB517
2023,WA,HB 1233,Other anti-LGBTQ bills,harmful,aclu,,,,HB1233
2023,WA,SB 5653,Curriculum censorship | Forced outing in schools | Restricting student & educator rights,harmful,aclu,,,,SB5653
2023,PR,PS 1345,Religious exemptions | Weakening Civil Rights Laws,harmful,aclu,Advancing,First reading and referred to committee,2023-10-03,PS1345
2023,PR,PC 1887,Religious exemptions | Weakening Civil Rights Laws,harmful,aclu,Advancing,First reading and referred to committee,2023-10-17,PC1887
2023,WV,SB 103,Free speech & expression bans |,harmful,aclu,Defeated,Legislative session ended,2024-03-09,SB103
2023,WV,SB 253,Free speech & expression bans |,harmful,aclu,Defeated,Legislative session ended,2024-03-09,SB253
2023,WV,HB 3001,Restricting student & educator rights,harmful,aclu,Defeated,Legislative session ended,2024-03-09,HB3001
2023,WV,HB 3097,Healthcare restrictions |,harmful,aclu,Defeated,Legislative session ended,2024-03-09,HB3097
2023,WV,HB 3183,Healthcare restrictions | Other anti-LGBTQ bills | Restricting student & educator rights,harmful,aclu,Defeated,Legislative session ended,2024-03-09,HB3183
2023,WV,HB 3176,Free speech & expression bans | Restricting student & educator rights,harmful,aclu,Defeated,Legislative session ended,2024-03-09,HB3176
2023,WV,HB 3503,Other anti-LGBTQ bills,harmful,aclu,Defeated,Legislative session ended,2024-03-09,HB3503
2023,WV,SB 697,Healthcare restrictions |,harmful,aclu,Defeated,Legislative session ended,2024-03-09,SB697
2023,WV,SB 692,Healthcare restrictions | Restricting student & educator rights,harmful,aclu,Defeated,Legislative session ended,2024-03-09,SB692
2023,VT,H 183,Religious exemptions | Weakening Civil Rights Laws,harmful,aclu,Defeated,Legislative session ended,2024-05-10,H183
2023,VT,H 513,Restricting student & educator rights | School sports bans,harmful,aclu,Defeated,Legislative session ended,2024-05-10,H513
2023,TN,HB 1411,Other school restrictions | Restricting student & educator rights,harmful,aclu,Defeated,Legislative session ended,2024-04-25,HB1411
2023,TN,SB 5,Healthcare age restrictions | Healthcare restrictions |,harmful,aclu,Defeated,Legislative session ended,2024-04-25,SB5
2023,TN,HB 571,Other anti-LGBTQ bills,harmful,aclu,Defeated,Legislative session ended,2024-04-25,HB571
2023,TN,HB 1447,Healthcare age restrictions | Healthcare restrictions |,harmful,aclu,Defeated,Legislative session ended,2024-04-25,HB1447
2023,TN,HB 1414,Curriculum censorship | Forced outing in schools | Other school restrictions | Restricting student & educator rights,harmful,aclu,Defeated,Legislative session ended,2024-04-25,HB1414
2023,TN,HB 1378,Healthcare age restrictions | Healthcare restrictions |,harmful,aclu,Defeated,Legislative session ended,2024-04-25,HB1378
2023,TN,SB 1469,Healthcare age restrictions | Healthcare restrictions |,harmful,aclu,Defeated,Legislative session ended,2024-04-25,SB1469
2023,TN,SB 841,Drag bans | Free speech & expression bans |,harmful,aclu,Defeated,Legislative session ended,2024-04-25,SB841
2023,TN,SB 603,Other anti-LGBTQ bills,harmful,aclu,Defeated,Legislative session ended,2024-04-25,SB603
2023,TN,SB 1117,Other school restrictions | Restricting student & educator rights,harmful,aclu,Defeated,Legislative session ended,2024-04-25,SB1117
2023,SC,HB 3485,Forced outing in schools | Other school restrictions | Restricting student & educator rights,harmful,aclu,Advancing,Referred to committee,2023-01-10,H3485
2023,SC,SB 364,Barriers to accurate IDs |,harmful,aclu,Advancing,Referred to committee,2023-01-10,S364
2023,SC,HB 3551,Forced outing in schools | Healthcare age restrictions | Healthcare restrictions | Restricting student & educator rights,harmful,aclu,Advancing,Referred to committee,2023-01-10,H3551
2023,SC,SB 274,Forced outing in schools | Healthcare age restrictions | Healthcare funding restrictions | Healthcare restrictions | Other school restrictions | Restricting student & educator rights,harmful,aclu,,,,S274
2023,SC,SB 243,Healthcare age restrictions | Healthcare restrictions |,harmful,aclu,Advancing,Referred to committee,2023-01-10,S243
2023,SC,HB 3466,Other school restrictions | Restricting student & educator rights,harmful,aclu,,,,H3466
2023,SC,HB 3304,Other school restrictions | Restricting student & educator rights,harmful,aclu,Advancing,Referred to committee,2023-01-10,H3304
2023,SC,HB 3616,Drag bans | Free speech & expression bans |,harmful,aclu,Advancing,Referred to committee,2023-01-11,H3616
2023,SC,HB 3611,Religious exemptions | Weakening Civil Rights Laws,harmful,aclu,Advancing,Referred to committee,2023-01-11,H3611
2023,SC,SB 424,Curriculum censorship | Other anti-LGBTQ bills | Other school restrictions | Restricting student & educator rights,harmful,aclu,Advancing,Referred to committee,2023-01-19,S424
2023,SC,HB 3197,Forced outing in schools | Other school restrictions | Restricting student & educator rights,harmful,aclu,Advancing,Referred to committee,2023-01-10,H3197
2023,SC,SB 234,Forced outing in schools | Restricting student & educator rights,harmful,aclu,,,,S234
2023,SC,HB 3801,Religious exemptions | Weakening Civil Rights Laws,harmful,aclu,Advancing,Referred to committee,2023-01-25,H3801
2023,SC,HB 3827,Curriculum censorship | Forced outing in schools | Other school restrictions | Restricting student & educator rights,harmful,aclu,Advancing,Referred to committee,2023-01-26,H3827
2023,SC,SB 585,Drag bans | Free speech & expression bans |,harmful,aclu,Advancing,First read and referred to committee,2023-03-02,S585
2023,SC,SB 623,Barriers to accurate IDs |,harmful,aclu,Advancing,First read and referred to committee,2023-03-14,S623
2023,OH,HB 6,Restricting student & educator rights | School sports bans,harmful,aclu,Advancing,Reported by committee,2023-05-10,HB6
2023,OH,HB 151,Other anti-LGBTQ bills,harmful,aclu,,,,HB151
2023,OH,SB 83,Other anti-LGBTQ bills,harmful,aclu,,,,SB83
2023,NH,HB 417,Healthcare restrictions |,harmful,aclu,Defeated,Legislative session ended,2024-06-13,HB417
2023,NH,SB 272,Restricting student & educator rights,harmful,aclu,Defeated,Legislative session ended,2024-06-13,SB272
2023,NE,LB 371,Drag bans | Free speech & expression bans |,harmful,aclu,,,,LB371
2023,NE,LB 810,Religious exemptions | Weakening Civil Rights Laws,harmful,aclu,,,,LB810
2023,MI,HB 4539,Healthcare age restrictions | Healthcare restrictions |,harmful,aclu,Advancing,First read and referred to committee,2023-05-09,HB4539
2023,MI,HB 4075,Religious exemptions | Weakening Civil Rights Laws,harmful,aclu,Advancing,Notice given to discharge committee,2023-03-15,HB4075
2023,MI,HB 4195,Restricting student & educator rights | School facilities bans,harmful,aclu,Advancing,First read and referred to committee,2023-03-07,HB4195
2023,MI,HB 4257,Healthcare age restrictions | Healthcare restrictions |,harmful,aclu,Advancing,First read and referred to committee,2023-03-09,HB4257
2023,MI,HB 4345,Religious exemptions | Weakening Civil Rights Laws,harmful,aclu,Advancing,First read and referred to committee,2023-04-11,HB4345
2023,MI,HB 4540,Healthcare age restrictions | Healthcare restrictions |,harmful,aclu,Advancing,First read and referred to committee,2023-05-09,HB4540
2023,MI,HB 4546,Restricting student & educator rights | School sports bans,harmful,aclu,Advancing,First read and referred to committee,2023-05-11,HB4546
2023,KS,SB 255,Restricting student & educator rights | School facilities bans,harmful,aclu,Advancing,Committee hearing,2023-03-22,SB255
2023,KS,HB 2263,Healthcare age restrictions | Healthcare restrictions |,harmful,aclu,Defeated,Legislative session ended,2024-04-30,HB2263
2023,KS,SB 149,Drag bans | Free speech & expression bans |,harmful,aclu,Defeated,Legislative session ended,2024-04-30,SB149
2023,KS,SB 201,Drag bans | Free speech & expression bans |,harmful,aclu,Defeated,Legislative session ended,2024-04-30,SB201
2023,KS,SB 207,Other school restrictions | Religious exemptions | Restricting student & educator rights | Weakening Civil Rights Laws,harmful,aclu,Defeated,Legislative session ended,2024-04-30,SB207
2023,KS,HB 2404,Other anti-LGBTQ bills,harmful,aclu,Defeated,Legislative session ended,2024-04-30,HB2404
2023,KS,SB 12,Healthcare age restrictions | Healthcare restrictions |,harmful,aclu,Defeated,Legislative session ended,2024-04-30,SB12
2023,KS,SB 224,Other anti-LGBTQ bills,harmful,aclu,Defeated,Legislative session ended,2024-04-30,SB224
2023,IA,SF 110,Healthcare funding restrictions | Healthcare restrictions | Other healthcare barriers,harmful,aclu,,,,SF110
2023,IA,SF 83,Curriculum censorship | Restricting student & educator rights,harmful,aclu,,,,SF83
2023,IA,SF 129,Forced outing in schools | Healthcare age restrictions | Healthcare restrictions | Other anti-LGBTQ bills | Restricting student & educator rights,harmful,aclu,,,,SF129
2023,IA,SF 159,Forced outing in schools | Restricting student & educator rights,harmful,aclu,,,,SF159
2023,IA,HF 229,Religious exemptions | Weakening Civil Rights Laws,harmful,aclu,,,,HF229
2023,IA,HF 325,Other civil rights restrictions | Public accommodation bans | Weakening Civil Rights Laws,harmful,aclu,,,,HF325
2023,IA,SF 348,Drag bans | Free speech & expression bans |,harmful,aclu,,,,SF348
2023,IA,SF 212,Religious exemptions | Weakening Civil Rights Laws,harmful,aclu,,,,SF212
2023,IA,HF 508,Other anti-LGBTQ bills | Religious exemptions | Weakening Civil Rights Laws,harmful,aclu,,,,HF508
2023,IA,HF 482,Restricting student & educator rights | School facilities bans,harmful,aclu,,,,HF482
2023,IA,HF 9,Forced outing in schools | Restricting student & educator rights,harmful,aclu,,,,HF9
2023,IA,HF 190,Other civil rights restrictions | Weakening Civil Rights Laws,harmful,aclu,,,,HF190
2023,IA,HSB 222,Curriculum censorship | Forced outing in schools | Other school restrictions | Restricting student & educator rights,harmful,aclu,,,,HSB222
2023,IA,HF 8,Curriculum censorship | Restricting student & educator rights,harmful,aclu,,,,HF8
2023,IA,HF 348,Curriculum censorship | Restricting student & educator rights,harmful,aclu,,,,HF348
2023,IA,HF 616,Other anti-LGBTQ bills,harmful,aclu,,,,HF616
2023,IA,HF 180,Forced outing in schools | Other school restrictions | Restricting student & educator rights,harmful,aclu,,,,HF180
2023,IA,SF 297,Religious exemptions | Weakening Civil Rights Laws,harmful,aclu,,,,SF297
2023,GA,SB 141,Forced outing in schools | Healthcare age restrictions | Healthcare restrictions | Restricting student & educator rights,harmful,aclu,Defeated,Legislative session ended,2024-03-28,SB141
2023,GA,HB 653,Forced outing in schools | Healthcare age restrictions | Healthcare restrictions | Restricting student & educator rights,harmful,aclu,Defeated,Legislative session ended,2024-03-28,HB653
2023,AK,HB 27,Restricting student & educator rights | School sports bans,harmful,aclu,,,,HB27
2023,AK,SB 96,Curriculum censorship | Other school restrictions | Restricting student & educator rights | School facilities bans,harmful,aclu,Defeated,Legislative session ended,2024-05-15,SB96
2023,WI,SB 704,Healthcare restrictions |,harmful,aclu,Defeated,Legislative session ended,2024-03-12,SB704
2023,WI,AB 729,Healthcare restrictions |,harmful,aclu,Defeated,Legislative session ended,2024-03-12,AB729
2023,HI,HB 508,Restricting student & educator rights | School sports bans,harmful,aclu,,,,HB508
2023,HI,HB 509,Curriculum censorship | Restricting student & educator rights,harmful,aclu,,,,HB509
2023,HI,SB 1429,Restricting student & educator rights | School sports bans,harmful,aclu,,,,SB1429
2023,HI,SB 1428,Curriculum censorship | Forced outing in schools | Restricting student & educator rights,harmful,aclu,,,,SB1428
2023,HI,HB 891,Healthcare age restrictions | Healthcare restrictions |,harmful,aclu,,,,HB891
2023,MN,SF 934,Restricting student & educator rights | School facilities bans | School sports bans,harmful,aclu,Defeated,Legislative session ended,2024-05-20,SF934
2023,MN,HF 3022,Curriculum censorship | Forced outing in schools | Restricting student & educator rights,harmful,aclu,Defeated,Legislative session ended,2024-05-20,HF3022
2023,MN,SF 3272,Healthcare age restrictions | Healthcare restrictions |,harmful,aclu,Defeated,Legislative session ended,2024-05-20,SF3272
2023,MN,HF 551,Restricting student & educator rights | School sports bans,harmful,aclu,Defeated,Legislative session ended,2024-05-20,HF551
2023,MN,SF 724,Restricting student & educator rights | School sports bans,harmful,aclu,Defeated,Legislative session ended,2024-05-20,SF724
2023,MN,HF 1086,Restricting student & educator rights | School sports bans,harmful,aclu,Defeated,Legislative session ended,2024-05-20,HF1086
2023,MN,SF 933,Drag bans | Free speech & expression bans |,harmful,aclu,Defeated,Legislative session ended,2024-05-20,SF933
2023,MN,HF 1903,Drag bans | Free speech & expression bans |,harmful,aclu,Defeated,Legislative session ended,2024-05-20,HF1903
2023,MN,HF 3264,Healthcare age restrictions | Healthcare restrictions |,harmful,aclu,Defeated,Legislative session ended,2024-05-20,HF3264
2023,MN,SF 3280,Healthcare age restrictions | Healthcare restrictions |,harmful,aclu,Defeated,Legislative session ended,2024-05-20,SF3280
2023,NC,H 43,Healthcare age restrictions | Healthcare restrictions |,harmful,aclu,Advancing,Referred to committee,2023-02-06,H43
2023,NC,S 560,Healthcare age restrictions | Healthcare restrictions |,harmful,aclu,Advancing,Referred to committee,2023-04-05,S560
2023,NC,S 641,Religious exemptions | Weakening Civil Rights Laws,harmful,aclu,Advancing,First read and referred to committee,2023-04-06,S641
2023,NC,H 786,Forced outing in schools | Healthcare age restrictions | Healthcare funding restrictions | Healthcare restrictions | Restricting student & educator rights,harmful,aclu,Advancing,First read and referred to committee,2023-04-19,H786
2023,NC,H 819,Religious exemptions | Weakening Civil Rights Laws,harmful,aclu,Advancing,Reported favorably and referred to committee,2023-04-27,H819
2023,NC,S 636,Restricting student & educator rights | School sports bans,harmful,aclu,Advancing,Senate passed as amended; House re-referred to committee,2023-09-11,S636
2023,TX,SB 77,Restricting student & educator rights,harmful,aclu,Introduced,,2023-10-27,SB77
2023,TX,SB 12,Free speech & expression bans |,harmful,aclu,Passed into Law,Governor signed,2023-06-18,SB12
2023,MI,HJR E,Other anti-LGBTQ bills,harmful,aclu,Advancing,First read and referred to committee,2023-06-14,HJRE
2023,AL,SB 261,Other anti-LGBTQ bills,harmful,aclu,Passed into Law,Governor signed,2023-06-06,SB261
2023,RI,S 959,Weakening Civil Rights Laws,harmful,aclu,Defeated,Dead,2023-06-16,S959
2023,RI,S 960,Barriers to accurate IDs |,harmful,aclu,Defeated,Dead,2023-06-16,S960
2023,TX,SB 1601,Free speech & expression bans |,harmful,aclu,Defeated,Dead,2023-05-29,SB1601
2023,AL,SB 211,Restricting student & educator rights,harmful,aclu,Defeated,Legislative session ended,2023-06-06,SB211
2023,AL,HB 354,Restricting student & educator rights,harmful,aclu,Defeated,Legislative session ended,2023-06-06,HB354
2023,RI,SB 958,Healthcare restrictions |,harmful,aclu,Defeated,Dead,2023-06-16,S958
2023,LA,HB 648,Healthcare restrictions |,harmful,aclu,Passed into Law,House and Senate override of Governor veto,2023-07-18,HB648
2023,AL,HB 405,Other anti-LGBTQ bills,harmful,aclu,Defeated,Legislative session ended,2023-06-06,HB405
2023,AL,HB 401,Free speech & expression bans | Restricting student & educator rights,harmful,aclu,Defeated,Legislative session ended,2023-06-06,HB401
2023,NC,H 808,Healthcare restrictions | Restricting student & educator rights,harmful,aclu,Passed into Law,House and Senate override of Governor veto,2023-08-16,H808
2023,SC,S 624,Other anti-LGBTQ bills,harmful,aclu,Advancing,First read and referred to committee,2023-03-14,S624
2023,TX,HB 3082,Weakening Civil Rights Laws,harmful,aclu,Defeated,Dead,2023-05-29,HB3082
2023,MS,HB 1733,Healthcare restrictions |,harmful,aclu,Passed into Law,Governor signed,2023-03-27,HB1733
2023,LA,HB 463,Healthcare restrictions |,harmful,aclu,Defeated,Refer to substituted bill HB 648,2023-07-18,HB463
2023,NC,S 631,Restricting student & educator rights,harmful,aclu,Passed into Law,Companion bill H. 574 passed,2023-08-16,S631
2023,NC,H 574,Restricting student & educator rights,harmful,aclu,Passed into Law,House and Senate override of Governor veto,2023-08-16,H574
2023,AL,HB 261,Restricting student & educator rights,harmful,aclu,Passed into Law,Governor signed,2023-05-30,HB261
2023,NC,S 639,Healthcare restrictions | Restricting student & educator rights,harmful,aclu,Passed into Law,Companion bill H. 808 passed,2023-08-16,S639
2023,ID,HB 308,Weakening Civil Rights Laws,harmful,aclu,Advancing,Dead,2023-04-06,H308
2023,LA,HB 466,Restricting student & educator rights,harmful,aclu,Defeated,Governor vetoed; House veto override failed,2023-07-18,HB466
2023,MO,HB 15,Other anti-LGBTQ bills,harmful,aclu,Defeated,Vetoed in part by Governor,2023-05-15,HB15
2023,MO,HB 13,Other anti-LGBTQ bills,harmful,aclu,Defeated,Dead,2023-05-12,HB13
2023,MO,HB 12,Other anti-LGBTQ bills,harmful,aclu,Defeated,Vetoed in part by Governor,2023-06-30,HB12
2023,MO,HB 11,Other anti-LGBTQ bills,harmful,aclu,Defeated,Failed to pass over partial veto,2023-09-13,HB11
2023,MO,HB 10,Other anti-LGBTQ bills,harmful,aclu,Defeated,Dead,2023-05-12,HB10
2023,MO,HB 9,Other anti-LGBTQ bills,harmful,aclu,Defeated,Dead,2023-05-12,HB9
2023,MO,HB 8,Other anti-LGBTQ bills,harmful,aclu,Defeated,Dead,2023-05-12,HB8
2023,MO,HB 7,Other anti-LGBTQ bills,harmful,aclu,Defeated,Dead,2023-05-12,HB7
2023,MO,HB 6,Other anti-LGBTQ bills,harmful,aclu,Defeated,Dead,2023-05-12,HB6
2023,MO,HB 5,Other anti-LGBTQ bills,harmful,aclu,Defeated,Dead,2023-05-12,HB5
2023,MO,HB 4,Other anti-LGBTQ bills,harmful,aclu,Defeated,Dead,2023-05-12,HB4
2023,MO,HB 3,Other anti-LGBTQ bills,harmful,aclu,Defeated,Dead,2023-05-12,HB3
2023,MO,HB 2,Other anti-LGBTQ bills,harmful,aclu,Defeated,Dead,2023-05-12,HB2
2023,AR,HB 1738,Restricting student & educator rights,harmful,aclu,Defeated,Dead,2023-05-01,HB1738
2023,MO,HB 1333,Other anti-LGBTQ bills,harmful,aclu,Defeated,Dead,2023-05-12,HB1333
2023,TX,HB 2659,Restricting student & educator rights | Weakening Civil Rights Laws,harmful,aclu,Defeated,Dead,2023-05-29,HB2659
2023,TX,SB 1443,Restricting student & educator rights,harmful,aclu,Defeated,Dead,2023-05-29,SB1443
2023,NV,AB 374,Restricting student & educator rights,harmful,aclu,Defeated,No further action allowed,2023-04-15,AB374
2023,MT,SB 518,Restricting student & educator rights,harmful,aclu,Passed into Law,Governor signed,2023-05-19,SB518
2023,LA,HB 81,Restricting student & educator rights,harmful,aclu,Defeated,Governor vetoed 6/28/23; House veto override failed,2023-07-18,HB81
2023,TX,HB 5235,Other anti-LGBTQ bills | Restricting student & educator rights,harmful,aclu,Defeated,Dead,2023-05-29,HB5235
2023,MT,HB 837,Restricting student & educator rights,harmful,aclu,Defeated,Missed transmittal deadline,2023-04-06,HB837
2023,CA,AB 1314,Restricting student & educator rights,harmful,aclu,Defeated,Held in Education Committee,2023-04-10,AB1314
2023,TX,HB 5127,Other anti-LGBTQ bills,harmful,aclu,Defeated,Dead,2023-05-29,HB5127
2023,TX,HB 5261,Restricting student & educator rights,harmful,aclu,Defeated,Dead,2023-05-29,HB5261
2023,UT,SB 97,Other anti-LGBTQ bills,harmful,aclu,Passed into Law,Governor signed,2023-03-14,SB97
2023,AR,HB 1615,Weakening Civil Rights Laws,harmful,aclu,Passed into Law,Became act,2023-04-12,HB1615
2023,TX,HB 2722,Restricting student & educator rights,harmful,aclu,Defeated,Dead,2023-05-29,HB2722
2023,TX,HB 5256,Restricting student & educator rights,harmful,aclu,Defeated,Dead,2023-05-29,HB5256
2023,TX,SB 2281,Free speech & expression bans |,harmful,aclu,Defeated,Dead,2023-05-29,SB2281
2023,ID,HB 265,Free speech & expression bans |,harmful,aclu,Defeated,Dead,2023-04-06,H265
2023,TX,SB 17,Other anti-LGBTQ bills,harmful,aclu,Passed into Law,Governor signed,2023-06-17,SB17
2023,NV,SB 288,Other anti-LGBTQ bills,harmful,aclu,Defeated,No further action allowed,2023-04-15,SB288
2023,TX,SB 2199,Weakening Civil Rights Laws,harmful,aclu,Defeated,Dead,2023-05-29,SB2199
2023,TX,HB 4961,Restricting student & educator rights,harmful,aclu,Defeated,Dead,2023-05-29,HB4961
2023,TX,HB 5236,Other anti-LGBTQ bills | Restricting student & educator rights,harmful,aclu,Defeated,Dead,2023-05-29,HB5236
2023,TX,SB 8,Restricting student & educator rights,harmful,aclu,Defeated,Dead,2023-05-29,SB8
2023,TX,HB 4754,Healthcare restrictions |,harmful,aclu,Defeated,Dead,2023-05-29,HB4754
2023,TX,HB 4378,Free speech & expression bans |,harmful,aclu,Defeated,Dead,2023-05-29,HB4378
2023,TX,HB 4534,Restricting student & educator rights,harmful,aclu,Defeated,Dead,2023-05-29,HB4534
2023,TX,SB 15,Restricting student & educator rights,harmful,aclu,Passed into Law,Governor signed,2023-06-18,SB15
2023,TX,HB 4624,Healthcare restrictions |,harmful,aclu,Defeated,Dead,2023-05-29,HB4624
2023,TX,HB 4129,Free speech & expression bans |,harmful,aclu,Defeated,Dead,2023-05-29,HB4129
2023,TX,SB 14,Healthcare restrictions |,harmful,aclu,Passed into Law,Governor signed,2023-06-02,SB14
2023,TX,HB 3902,Other anti-LGBTQ bills,harmful,aclu,Defeated,Dead,2023-05-29,HB3902
2023,TX,HB 3883,Other anti-LGBTQ bills,harmful,aclu,Defeated,Dead,2023-05-29,HB3883
2023,IN,SB 487,Other anti-LGBTQ bills,harmful,aclu,Defeated,Dead,2023-04-28,SB487
2023,IA,SF 538,Healthcare restrictions |,harmful,aclu,Passed into Law,Governor signed,2023-03-22,SF538
2023,UT,SB 39,Barriers to accurate IDs |,harmful,aclu,Passed into Law,Governor signed,2023-03-15,SB39
2023,FL,HB 1521,Other anti-LGBTQ bills | Public accommodation bans,harmful,aclu,Passed into Law,Governor signed,2023-05-17,H1521
2023,FL,SB 1674,Other anti-LGBTQ bills | Public accommodation bans | Restricting student & educator rights,harmful,aclu,Defeated,Dead,2023-05-05,S1674
2023,FL,HB 1421,Barriers to accurate IDs | Healthcare restrictions | Weakening Civil Rights Laws,harmful,aclu,Defeated,Dead,2023-05-05,H1421
2023,FL,SB 254,Healthcare restrictions | Other anti-LGBTQ bills,harmful,aclu,Passed into Law,Governor signed,2023-05-17,S0254
2023,TX,HB 3213,Other anti-LGBTQ bills,harmful,aclu,Defeated,Dead,2023-05-29,HB3213
2023,IA,HF 623,Healthcare restrictions |,harmful,aclu,Defeated,SF 538 substituted and bill withdrawn,2023-03-08,HF623
2023,IA,SF 482,Restricting student & educator rights,harmful,aclu,Passed into Law,Governor signed,2023-03-22,SF482
2023,IA,SF 496,Restricting student & educator rights,harmful,aclu,Passed into Law,Governor signed,2023-05-26,SF496
2023,IA,HF 622,Restricting student & educator rights,harmful,aclu,Defeated,Withdrawn,2023-03-16,HF622
2023,TX,HB 3147,Other anti-LGBTQ bills,harmful,aclu,Defeated,Dead,2023-05-29,HB3147
2023,TX,HB 2862,Other anti-LGBTQ bills,harmful,aclu,Defeated,Dead,2023-05-29,HB2862
2023,TX,HB 3164,Other anti-LGBTQ bills,harmful,aclu,Defeated,Dead,2023-05-29,HB3164
2023,KS,SB 228,Other anti-LGBTQ bills,harmful,aclu,Passed into Law,Senate and House override of Governor veto,2023-04-27,SB228
2023,MO,HB 1258,Restricting student & educator rights | Weakening Civil Rights Laws,harmful,aclu,Defeated,Dead,2023-05-12,HB1258
2023,IA,HSB 208,Restricting student & educator rights,harmful,aclu,Defeated,Refer to renumbered bill HF 622,2023-03-16,HSB208
2023,FL,SB 266,Free speech & expression bans | Restricting student & educator rights,harmful,aclu,Passed into Law,Governor signed,2023-05-15,S0266
2023,FL,HB 999,Free speech & expression bans | Restricting student & educator rights,harmful,aclu,Defeated,Dead,2023-05-05,H0999
2023,FL,SB 1320,Restricting student & educator rights,harmful,aclu,Defeated,Dead,2023-05-05,S1320
2023,FL,HB 1223,Restricting student & educator rights,harmful,aclu,Advancing,Died in committee,2023-05-05,H1223
2023,MO,HB 1332,Healthcare restrictions |,harmful,aclu,Defeated,Dead,2023-05-12,HB1332
2023,IA,HSB 214,Healthcare restrictions |,harmful,aclu,Defeated,Bill renumbered HF 623,2023-03-02,HSB214
2023,IA,SSB 1197,Healthcare restrictions |,harmful,aclu,Defeated,Bill renumbered SF 538,2023-03-02,SSB1197
2023,MO,SB 693,Free speech & expression bans |,harmful,aclu,Defeated,Dead,2023-05-12,SB693
2023,UT,HB 209,Restricting student & educator rights,harmful,aclu,Passed into Law,Governor signed,2023-03-17,HB209
2023,FL,HB 1069,Restricting student & educator rights,harmful,aclu,Passed into Law,Governor signed,2023-05-17,H1069
2023,MT,SB 458,Other anti-LGBTQ bills,harmful,aclu,Passed into Law,Governor signed,2023-05-19,SB458
2023,FL,HB 991,Other anti-LGBTQ bills,harmful,aclu,Advancing,Died in committee,2023-05-05,H0991
2023,TX,SB 1082,Barriers to accurate IDs | Other anti-LGBTQ bills,harmful,aclu,Defeated,Dead,2023-05-29,SB1082
2023,KY,HB 585,Barriers to accurate IDs |,harmful,aclu,Defeated,Dead,2023-03-30,HB585
2023,UT,HB 463,Restricting student & educator rights,harmful,aclu,Defeated,Passed House; passed Senate; referred to House file,2023-03-03,HB463
2023,ID,SB 1071,Restricting student & educator rights,harmful,aclu,Defeated,Dead,2023-04-06,S1071
2023,AR,SB 294,Restricting student & educator rights,harmful,aclu,Passed into Law,Became act without Governor's signature,2023-03-14,SB294
2023,KY,HB 470,Barriers to accurate IDs | Healthcare restrictions | Restricting student & educator rights,harmful,aclu,Defeated,Dead,2023-03-30,HB470
2023,RI,HB 5688,Restricting student & educator rights,harmful,aclu,Defeated,Dead,2023-06-16,H5688
2023,TX,SB 1029,Healthcare restrictions |,harmful,aclu,Defeated,Dead,2023-05-29,SB1029
2023,RI,SB 391,Restricting student & educator rights,harmful,aclu,Defeated,Dead,2023-06-16,S391
2023,NM,HB 492,Restricting student & educator rights,harmful,aclu,Defeated,Dead,2023-03-18,HB492
2023,MT,SB 413,Restricting student & educator rights,harmful,aclu,Defeated,Missed deadline for general bill transmittal,2023-03-13,SB413
2023,AR,HB 1468,Restricting student & educator rights,harmful,aclu,Passed into Law,Became law,2023-04-11,HB1468
2023,IA,SF 335,Restricting student & educator rights,harmful,aclu,Defeated,Renumbered as SF 482,2023-03-02,SF335
2023,IA,SSB 1145,Restricting student & educator rights,harmful,aclu,Defeated,Refer to numbered bill  SF 496,2023-05-26,SSB1145
2023,MO,HB 1157,Weakening Civil Rights Laws,harmful,aclu,Defeated,Dead,2023-05-12,HB1157
2023,KY,SB 145,Restricting student & educator rights,harmful,aclu,Passed into Law,Governor signed,2023-03-24,SB145
2023,MT,SB 337,Restricting student & educator rights,harmful,aclu,Defeated,Missed deadline for general bill transmittal,2023-03-13,SB337
2023,UT,HB 464,Restricting student & educator rights,harmful,aclu,Defeated,House filed,2023-03-03,HB464
2023,AR,SB 270,Other anti-LGBTQ bills | Public accommodation bans,harmful,aclu,Passed into Law,Became act,2023-04-11,SB270
2023,ID,HB 63,Weakening Civil Rights Laws,harmful,aclu,Defeated,Dead,2023-04-06,H63
2023,MT,HB 303,Weakening Civil Rights Laws,harmful,aclu,Passed into Law,Governor signed,2023-05-03,HB303
2023,KY,SB 115,Free speech & expression bans |,harmful,aclu,Defeated,Dead,2023-03-30,SB115
2023,MO,HB 75,Restricting student & educator rights,harmful,aclu,Defeated,Dead,2023-05-12,HB75
2023,ID,SB 1100,Restricting student & educator rights,harmful,aclu,Passed into Law,Governor signed,2023-03-23,S1100
2023,MO,SB 390,Restricting student & educator rights,harmful,aclu,Defeated,Dead,2023-05-12,SB390
2023,OR,SB 897,Healthcare restrictions |,harmful,aclu,Defeated,Dead,2023-06-25,SB897
2023,GA,SB 140,Healthcare restrictions |,harmful,aclu,Passed into Law,Governor signed,2023-03-23,SB140
2023,ND,HB 1526,Restricting student & educator rights,harmful,aclu,Defeated,"Second reading, failed to pass",2023-02-15,HB1526
2023,ND,HB 1111,Other anti-LGBTQ bills,harmful,aclu,Passed into Law,Governor signed,2023-04-06,HB1111
2023,ND,HB 1474,Other anti-LGBTQ bills,harmful,aclu,Passed into Law,Governor signed,2023-05-08,HB1474
2023,ND,HB 1297,Barriers to accurate IDs |,harmful,aclu,Passed into Law,Governor signed,2023-05-08,HB1297
2023,ND,SB 2188,Restricting student & educator rights,harmful,aclu,Defeated,"Second read, failed to pass",2023-02-08,SB2188
2023,ND,HB 1488,Restricting student & educator rights,harmful,aclu,Defeated,Dead,2023-04-29,HB1488
2023,ND,HB 1489,Restricting student & educator rights,harmful,aclu,Passed into Law,Governor signed,2023-04-11,HB1489
2023,ND,HB 1522,Restricting student & educator rights,harmful,aclu,Passed into Law,Governor signed,2023-05-08,HB1522
2023,ND,HB 1301,Healthcare restrictions |,harmful,aclu,Defeated,Failed to pass House,2023-02-17,HB1301
2023,KY,SB 150,Healthcare restrictions | Restricting student & educator rights,harmful,aclu,Passed into Law,Governor veto overridden,2023-03-29,SB150
2023,KY,SB 102,Restricting student & educator rights,harmful,aclu,Defeated,Dead,2023-03-30,SB102
2023,AZ,HB 2711,Restricting student & educator rights,harmful,aclu,Defeated,Dead,2023-07-31,HB2711
2023,KY,HB 177,Restricting student & educator rights,harmful,aclu,Defeated,Dead,2023-03-30,HB177
2023,KY,HB 173,Restricting student & educator rights,harmful,aclu,Defeated,Withdrawn,2023-03-13,HB173
2023,KS,SB 180,Other anti-LGBTQ bills,harmful,aclu,Passed into Law,Senate and House override of Governor veto,2023-04-27,SB180
2023,MO,SB 598,Healthcare restrictions |,harmful,aclu,Defeated,Dead,2023-05-12,SB598
2023,TX,HB 1952,Barriers to accurate IDs |,harmful,aclu,Defeated,Dead,2023-05-29,HB1952
2023,AR,SB 199,Healthcare restrictions |,harmful,aclu,Passed into Law,Became act without Governor’s signature,2023-03-16,SB199
2023,ID,HB 71,Healthcare restrictions |,harmful,aclu,Passed into Law,Governor signed,2023-04-04,H71
2023,WY,SF 144,Healthcare restrictions |,harmful,aclu,Defeated,Passed Senate; House Committee of the Whole did not consider,2023-02-27,SF144
2023,WY,SF 133,Restricting student & educator rights,harmful,aclu,Passed into Law,Became act without Governor’s signature,2023-03-17,SF133
2023,AZ,SB 1694,Other anti-LGBTQ bills,harmful,aclu,Defeated,Dead,2023-07-31,SB1694
2023,AZ,SB 1417,Other anti-LGBTQ bills,harmful,aclu,Defeated,Dead,2023-07-31,SB1417
2023,WY,HB 262,Weakening Civil Rights Laws,harmful,aclu,Defeated,Died in committee,2023-02-07,HB262
2023,WV,HB 3042,Weakening Civil Rights Laws,harmful,aclu,Passed into Law,Governor signed,2023-03-09,HB3042
2023,TN,SB 1440,Other anti-LGBTQ bills,harmful,aclu,Passed into Law,Governor signed,2023-05-17,SB1440
2023,SD,HB 1125,Free speech & expression bans |,harmful,aclu,Defeated,Tabled by committee,2023-02-13,HB1125
2023,ND,HB 1333,Free speech & expression bans |,harmful,aclu,Passed into Law,Governor signed,2023-04-24,HB1333
2023,TN,HB 1269,Restricting student & educator rights,harmful,aclu,Passed into Law,Companion bill SB 466 signed by Governor,2023-05-17,HB1269
2023,TN,SB 1237,Restricting student & educator rights,harmful,aclu,Passed into Law,Governor signed,2023-04-28,SB1237
2023,NC,S 49,Restricting student & educator rights,harmful,aclu,Passed into Law,Senate and House override of Governor veto,2023-08-16,S49
2023,WV,HB 2007,Healthcare restrictions |,harmful,aclu,Passed into Law,Governor signed,2023-03-29,HB2007
2023,TX,HB 1752,Healthcare restrictions |,harmful,aclu,Defeated,Dead,2023-05-29,HB1752
2023,MS,SB 2861,Healthcare restrictions |,harmful,aclu,Defeated,Died in committee,2023-01-31,SB2861
2023,TX,HB 1686,Healthcare restrictions |,harmful,aclu,Passed into Law,Companion bill SB 14 signed by Governor,2023-06-02,HB1686
2023,MS,SB 2883,Healthcare restrictions |,harmful,aclu,Defeated,Died in committee,2023-01-31,SB2883
2023,MS,HB 1258,Healthcare restrictions |,harmful,aclu,Defeated,Died in committee,2023-01-31,HB1258
2023,MS,HB 1126,Healthcare restrictions |,harmful,aclu,Defeated,Died in committee,2023-01-31,HB1126
2023,MS,SB 2770,Healthcare restrictions |,harmful,aclu,Defeated,Died in committee,2023-01-31,SB2770
2023,MS,SB 2760,Healthcare restrictions |,harmful,aclu,Defeated,Died in committee,2023-01-31,SB2760
2023,MS,HB 1124,Healthcare restrictions |,harmful,aclu,Defeated,Died in committee,2023-01-31,HB1124
2023,TN,HB 1,Healthcare restrictions |,harmful,aclu,Passed into Law,Companion bill SB 1 signed by Governor,2023-03-02,HB1
2023,KS,HB 2238,Restricting student & educator rights,harmful,aclu,Passed into Law,Governor veto overridden,2023-04-05,HB2238
2023,SD,HB 1116,Free speech & expression bans | Restricting student & educator rights,harmful,aclu,Defeated,Dead,2023-03-27,HB1116
2023,AZ,SB 1698,Free speech & expression bans |,harmful,aclu,Defeated,Governor vetoed,2023-06-16,SB1698
2023,TN,SB 466,Restricting student & educator rights,harmful,aclu,Passed into Law,Governor signed,2023-05-17,SB466
2023,AR,SB 125,Restricting student & educator rights,harmful,aclu,Passed into Law,Became law,2023-04-11,SB125
2023,MS,HB 1480,Restricting student & educator rights,harmful,aclu,Defeated,Died in committee,2023-01-31,HB1480
2023,MS,HB 1476,Restricting student & educator rights,harmful,aclu,Defeated,Died in committee,2023-01-31,HB1476
2023,MS,HB 1489,Restricting student & educator rights,harmful,aclu,Defeated,Died in committee,2023-01-31,HB1489
2023,TX,SB 649,Restricting student & educator rights,harmful,aclu,Defeated,Dead,2023-05-29,SB649
2023,MS,HB 1074,Other anti-LGBTQ bills | Restricting student & educator rights,harmful,aclu,Defeated,Died in committee,2023-01-31,HB1074
2023,MD,HB 359,Restricting student & educator rights,harmful,aclu,Defeated,Unfavorable committee report,2023-02-20,HB359
2023,MS,SB 2764,Restricting student & educator rights,harmful,aclu,Defeated,Died in committee,2023-01-31,SB2764
2023,AZ,SB 1700,Restricting student & educator rights,harmful,aclu,Defeated,Dead,2023-07-31,SB1700
2023,TX,SB 625,Healthcare restrictions |,harmful,aclu,Passed into Law,Companion bill SB 14 signed by Governor,2023-06-02,SB625
2023,AZ,SB 1702,Healthcare restrictions |,harmful,aclu,Defeated,Dead,2023-07-31,SB1702
2023,MO,SB 42,Restricting student & educator rights,harmful,aclu,Defeated,Dead,2023-05-12,SB42
2023,MO,SB 2,Restricting student & educator rights,harmful,aclu,Defeated,Dead,2023-05-12,SB2
2023,MO,SB 48,Restricting student & educator rights,harmful,aclu,Defeated,Dead,2023-05-12,SB48
2023,MO,HB 170,Restricting student & educator rights,harmful,aclu,Defeated,Dead,2023-05-12,HB170
2023,VA,SB 791,Healthcare restrictions |,harmful,aclu,Defeated,Passed by indefinitely by committee,2023-02-02,SB791
2023,MO,SB 29,Restricting student & educator rights,harmful,aclu,Defeated,Dead,2023-05-12,SB29
2023,UT,HB 132,Healthcare restrictions |,harmful,aclu,Defeated,House filed,2023-03-03,HB132
2023,MO,HB 183,Restricting student & educator rights,harmful,aclu,Defeated,Dead,2023-05-12,HB183
2023,UT,SB 16,Healthcare restrictions |,harmful,aclu,Passed into Law,Governor signed,2023-01-28,SB16
2023,MO,HB 337,Restricting student & educator rights,harmful,aclu,Defeated,Dead,2023-05-12,HB337
2023,TX,SB 249,Healthcare restrictions |,harmful,aclu,Defeated,Dead,2023-05-29,SB249
2023,MO,SB 39,Restricting student & educator rights,harmful,aclu,Passed into Law,Governor signed,2023-06-07,SB39
2023,TX,HB 122,Healthcare restrictions |,harmful,aclu,Defeated,Dead,2023-05-29,HB122
2023,OK,SB 26,Restricting student & educator rights,harmful,aclu,Passed into Law,Governor signed,2023-05-25,SB26
2023,TX,HB 41,Healthcare restrictions |,harmful,aclu,Defeated,Dead,2023-05-29,HB41
2023,MO,SB 165,Restricting student & educator rights,harmful,aclu,Defeated,Dead,2023-05-12,SB165
2023,TX,SB 250,Healthcare restrictions |,harmful,aclu,Defeated,Dead,2023-05-29,SB250
2023,CO,HB 23-1098,Restricting student & educator rights,harmful,aclu,Defeated,Postponed indefinitely by committee,2023-02-13,HB23
2023,KY,HB 30,Restricting student & educator rights,harmful,aclu,Defeated,Dead,2023-03-30,HB30
2023,TX,HB 42,Healthcare restrictions |,harmful,aclu,Defeated,Dead,2023-05-29,HB42
2023,TX,HB 1155,Restricting student & educator rights,harmful,aclu,Defeated,Dead,2023-05-29,HB1155
2023,OR,HB 2477,Restricting student & educator rights,harmful,aclu,Defeated,Dead,2023-06-25,HB2477
2023,MO,HB 634,Restricting student & educator rights,harmful,aclu,Defeated,Dead,2023-05-12,HB634
2023,VA,SB 960,Healthcare restrictions | Restricting student & educator rights | Weakening Civil Rights Laws,harmful,aclu,Defeated,Passed by indefinitely by committee,2023-02-02,SB960
2023,TX,HB 1541,Restricting student & educator rights,harmful,aclu,Defeated,Dead,2023-05-29,HB1541
2023,MS,SB 2820,Restricting student & educator rights,harmful,aclu,Defeated,Died in committee,2023-01-31,SB2820
2023,TX,HB 1532,Healthcare restrictions |,harmful,aclu,Defeated,Dead,2023-05-29,HB1532
2023,TN,SB 1,Healthcare restrictions |,harmful,aclu,Passed into Law,Governor signed,2023-03-02,SB1
2023,OR,SB 452,Healthcare restrictions |,harmful,aclu,Defeated,Dead,2023-06-25,SB452
2023,MO,HB 916,Healthcare restrictions |,harmful,aclu,Defeated,Dead,2023-05-12,HB916
2023,MS,SB 2058,Restricting student & educator rights,harmful,aclu,Defeated,Died in committee,2023-01-31,SB2058
2023,MS,HB 1144,Restricting student & educator rights,harmful,aclu,Defeated,Died in committee,2023-01-31,HB1144
2023,MS,SB 2773,Restricting student & educator rights,harmful,aclu,Defeated,Died in committee,2023-01-31,SB2773
2023,TN,HB 306,Restricting student & educator rights,harmful,aclu,Passed into Law,Companion bill SB 1237 signed by Governor,2023-04-28,HB306
2023,OR,SB 749,Restricting student & educator rights,harmful,aclu,Defeated,Dead,2023-06-25,SB749
2023,ND,HB 1249,Restricting student & educator rights,harmful,aclu,Passed into Law,Governor signed,2023-04-11,HB1249
2023,AZ,SB 1040,Restricting student & educator rights,harmful,aclu,Defeated,Governor vetoed,2023-06-08,SB1040
2023,WY,SF 117,Restricting student & educator rights,harmful,aclu,Defeated,Passed Senate; House did not consider for introduction,2023-02-24,SF117
2023,TX,HB 631,Restricting student & educator rights,harmful,aclu,Defeated,Dead,2023-05-29,HB631
2023,ND,SB 2231,Other anti-LGBTQ bills | Restricting student & educator rights,harmful,aclu,Defeated,Dead,2023-04-29,SB2231
2023,ND,SB 2260,Restricting student & educator rights,harmful,aclu,Defeated,Dead,2023-04-29,SB2260
2023,MS,HB 509,Restricting student & educator rights,harmful,aclu,Defeated,Died in committee,2023-01-31,HB509
2023,VA,SB 1203,Healthcare restrictions |,harmful,aclu,Defeated,Incorporated by committee into SB 791,2023-02-02,SB1203
2023,ID,SB 1016,Public accommodation bans,harmful,aclu,Passed into Law,Governor signed,2023-03-27,S1016
2023,IN,HB 1524,Barriers to accurate IDs |,harmful,aclu,Defeated,Dead,2023-04-28,HB1524
2023,IN,HB 1346,Restricting student & educator rights,harmful,aclu,Defeated,Dead,2023-04-28,HB1346
2023,ND,HB 1254,Healthcare restrictions |,harmful,aclu,Passed into Law,Governor signed,2023-04-19,HB1254
2023,IN,HB 1608,Restricting student & educator rights,harmful,aclu,Passed into Law,Governor signed,2023-05-04,HB1608
2023,MT,SB 99,Healthcare restrictions |,harmful,aclu,Passed into Law,Governor signed,2023-04-28,SB99
2023,SC,S 276,Other anti-LGBTQ bills,harmful,aclu,Advancing,Referred to committee,2023-01-10,S276
2023,MS,SB 2076,Restricting student & educator rights,harmful,aclu,Defeated,Died in committee,2023-01-31,SB2076
2023,NJ,A 328,Weakening Civil Rights Laws,harmful,aclu,Introduced,Active,2023-01-10,A328
2023,TX,SB 162,Barriers to accurate IDs |,harmful,aclu,Defeated,Dead,2023-05-29,SB162
2023,ND,HB 1139,Barriers to accurate IDs |,harmful,aclu,Passed into Law,Governor signed,2023-04-10,HB1139
2023,TX,HB 708,Free speech & expression bans |,harmful,aclu,Defeated,Dead,2023-05-29,HB708
2023,TX,HB 643,Free speech & expression bans |,harmful,aclu,Defeated,Dead,2023-05-29,HB643
2023,TN,HB 9,Free speech & expression bans |,harmful,aclu,Passed into Law,Companion bill SB 3 signed by Governor,2023-03-02,HB9
2023,TN,SB 3,Free speech & expression bans |,harmful,aclu,Passed into Law,Governor signed,2023-03-02,SB3
2023,ND,HB 1205,Free speech & expression bans |,harmful,aclu,Passed into Law,Governor signed,2023-04-25,HB1205
2023,MO,SB 429,Free speech & expression bans |,harmful,aclu,Defeated,Dead,2023-05-12,SB429
2023,MO,HB 498,Free speech & expression bans |,harmful,aclu,Defeated,Dead,2023-05-12,HB498
2023,MO,HB 494,Free speech & expression bans |,harmful,aclu,Defeated,Dead,2023-05-12,HB494
2023,MT,HB 359,Free speech & expression bans |,harmful,aclu,Passed into Law,Governor signed,2023-05-22,HB359
2023,IN,SB 413,Restricting student & educator rights,harmful,aclu,Defeated,Dead,2023-04-28,SB413
2023,AZ,SB 1030,Free speech & expression bans |,harmful,aclu,Defeated,Governor vetoed,2023-06-16,SB1030
2023,AR,SB 43,Free speech & expression bans |,harmful,aclu,Passed into Law,Became act,2023-02-27,SB43
2023,IN,SB 386,Restricting student & educator rights,harmful,aclu,Defeated,Dead,2023-04-28,SB386
2023,NJ,S 585,Restricting student & educator rights,harmful,aclu,Advancing,Referred to committee,2023-01-11,S585
2023,IN,HB 1520,Public accommodation bans | Restricting student & educator rights,harmful,aclu,Defeated,Dead,2023-04-28,HB1520
2023,NJ,A 1418,Restricting student & educator rights,harmful,aclu,Advancing,Referred to committee,2023-01-11,A1418
2023,MO,SB 134,Restricting student & educator rights,harmful,aclu,Defeated,Dead,2023-05-12,SB134
2023,IN,HB 1589,Healthcare restrictions |,harmful,aclu,Defeated,Dead,2023-04-28,HB1589
2023,AZ,SB 1001,Restricting student & educator rights | Weakening Civil Rights Laws,harmful,aclu,Defeated,Governor vetoed,2023-05-19,SB1001
2023,VA,HB 1707,Restricting student & educator rights,harmful,aclu,Defeated,Incorporated by committee into HB 2432,2023-02-03,HB1707
2023,IN,HB 1569,Healthcare restrictions |,harmful,aclu,Passed into Law,Governor signed,2023-04-20,HB1569
2023,IN,HB 1407,Healthcare restrictions |,harmful,aclu,Defeated,Dead,2023-04-28,HB1407
2023,IN,SB 480,Healthcare restrictions |,harmful,aclu,Passed into Law,Governor signed,2023-04-05,SB480
2023,IN,HB 1525,Healthcare restrictions |,harmful,aclu,Defeated,Dead,2023-04-28,HB1525
2023,VA,SB 911,Restricting student & educator rights,harmful,aclu,Defeated,Incorporated into SB 1186,2023-02-02,SB911
2023,VA,SB 962,Restricting student & educator rights,harmful,aclu,Defeated,Passed by indefinitely by committee,2023-02-02,SB962
2023,VA,HB 1399,Restricting student & educator rights,harmful,aclu,Defeated,Assigned to subcommittee,2023-01-20,HB1399
2023,TX,HB 23,Restricting student & educator rights,harmful,aclu,Defeated,Dead,2023-05-29,HB23
2023,OR,SB 453,Restricting student & educator rights,harmful,aclu,Defeated,Dead,2023-06-25,SB453
2023,OR,HB 2186,Restricting student & educator rights,harmful,aclu,Defeated,Dead,2023-06-25,HB2186
2023,NJ,S 589,Restricting student & educator rights,harmful,aclu,Advancing,Introduced and referred to committee,2023-01-11,S589
2023,NJ,A 1630,Restricting student & educator rights,harmful,aclu,Advancing,Introduced and referred to committee,2023-01-11,A1630
2023,MO,SB 87,Restricting student & educator rights,harmful,aclu,Defeated,Dead,2023-05-12,SB87
2023,IN,SB 351,Barriers to accurate IDs |,harmful,aclu,Defeated,Dead,2023-04-28,SB351
2023,MS,SB 2765,Restricting student & educator rights,harmful,aclu,Defeated,Died in committee,2023-01-31,SB2765
2023,IN,SB 354,Restricting student & educator rights,harmful,aclu,Defeated,Dead,2023-04-28,SB354
2023,WY,SF 111,Healthcare restrictions |,harmful,aclu,Defeated,Passed Senate; House did not consider for introduction,2023-02-24,SF111
2023,IN,HB 1232,Healthcare restrictions |,harmful,aclu,Defeated,Dead,2023-04-28,HB1232
2023,IN,HB 1231,Healthcare restrictions |,harmful,aclu,Defeated,Dead,2023-04-28,HB1231
2023,IN,HB 1220,Healthcare restrictions |,harmful,aclu,Defeated,Dead,2023-04-28,HB1220
2023,IN,HB 1118,Healthcare restrictions |,harmful,aclu,Defeated,Dead,2023-04-28,HB1118
2023,ID,S 1003,Other anti-LGBTQ bills,harmful,aclu,Defeated,Dead,2023-04-06,S1003
2023,MO,SB 258,Other anti-LGBTQ bills,harmful,aclu,Defeated,Dead,2023-05-12,SB258
2023,MO,HB 732,Other anti-LGBTQ bills,harmful,aclu,Defeated,Dead,2023-05-12,HB732
2023,TN,HB 239,Other anti-LGBTQ bills,harmful,aclu,Passed into Law,Companion bill SB 1440 signed by Governor,2023-05-17,HB239
2023,TX,SB 476,Free speech & expression bans |,harmful,aclu,Defeated,Dead,2023-05-29,SB476
2023,CT,SB 468,Restricting student & educator rights,harmful,aclu,Defeated,Dead,2023-06-07,SB00468
2023,VA,HB 2170,Restricting student & educator rights,harmful,aclu,Defeated,Subcommittee recommends laying on table,2023-01-27,HB2170
2023,VA,HB 1434,Restricting student & educator rights,harmful,aclu,Defeated,Subcommittee recommends laying on table,2023-01-25,HB1434
2023,WY,HB 187,Restricting student & educator rights,harmful,aclu,Defeated,Did not consider for introduction,2023-01-31,HB187
2023,VA,HB 1387,Restricting student & educator rights,harmful,aclu,Defeated,Passed House; passed by indefinitely by Senate committee,2023-02-16,HB1387
2023,VA,SB 1186,Restricting student & educator rights,harmful,aclu,Defeated,Passed by indefinitely by committee,2023-02-02,SB1186
2023,CT,HB 6213,Restricting student & educator rights,harmful,aclu,Defeated,Dead,2023-06-07,HB06213
2023,ND,HB 1473,Public accommodation bans | Restricting student & educator rights,harmful,aclu,Passed into Law,Governor signed,2023-04-25,HB1473
2023,AR,HB 1156,Restricting student & educator rights,harmful,aclu,Passed into Law,Enacted,2023-03-21,HB1156
2023,OR,HB 3044,Restricting student & educator rights,harmful,aclu,Defeated,Dead,2023-06-25,HB3044
2023,MO,SB 497,Restricting student & educator rights,harmful,aclu,Defeated,Dead,2023-05-12,SB497
2023,MO,HB 489,Other anti-LGBTQ bills,harmful,aclu,Defeated,Dead,2023-05-12,HB489
2023,VA,HB 2432,Healthcare restrictions | Restricting student & educator rights,harmful,aclu,Defeated,Passed House; passed by indefinitely by Senate committee,2023-02-16,HB2432
2023,TX,HB 436,Healthcare restrictions |,harmful,aclu,Defeated,Dead,2023-05-29,HB436
2023,OK,SB 613,Healthcare restrictions |,harmful,aclu,Passed into Law,Governor signed,2023-05-01,SB613
2023,MS,HB 576,Healthcare restrictions |,harmful,aclu,Defeated,Died in committee,2023-01-31,HB576
2023,MS,HB 456,Healthcare restrictions |,harmful,aclu,Defeated,Died in committee,2023-01-31,HB456
2023,SD,HB 1080,Healthcare restrictions |,harmful,aclu,Passed into Law,Governor signed,2023-02-13,HB1080
2023,UT,SB 100,Restricting student & educator rights,harmful,aclu,Passed into Law,Governor signed,2023-02-16,SB100
2023,UT,SB 93,Barriers to accurate IDs |,harmful,aclu,Passed into Law,Governor signed,2023-03-23,SB93
2023,NE,LB 574,Healthcare restrictions |,harmful,aclu,Passed into Law,Governor signed,2023-05-22,LB574
2023,TX,HB 319,Weakening Civil Rights Laws,harmful,aclu,Defeated,Dead,2023-05-29,HB319
2023,OK,SB 404,Weakening Civil Rights Laws,harmful,aclu,Passed into Law,Governor signed,2023-05-02,SB404
2023,KY,HB 58,Weakening Civil Rights Laws,harmful,aclu,Defeated,Dead,2023-03-30,HB58
2023,TX,HB 1266,Free speech & expression bans |,harmful,aclu,Defeated,Dead,2023-05-29,HB1266
2023,AZ,SB 1026,Free speech & expression bans |,harmful,aclu,Defeated,Governor vetoed,2023-06-16,SB1026
2023,AZ,SB 1028,Free speech & expression bans |,harmful,aclu,Defeated,Governor vetoed,2023-06-16,SB1028
2023,MO,HB 192,Restricting student & educator rights | Weakening Civil Rights Laws,harmful,aclu,Defeated,Dead,2023-05-12,HB192
2023,TX,SB 393,Restricting student & educator rights,harmful,aclu,Defeated,Dead,2023-05-29,SB393
2023,KY,HB 120,Healthcare restrictions |,harmful,aclu,Defeated,Dead,2023-03-30,HB120
2023,MO,SB 49,Healthcare restrictions |,harmful,aclu,Passed into Law,Governor signed,2023-06-07,SB49
2023,MO,SB 164,Healthcare restrictions |,harmful,aclu,Defeated,Dead,2023-05-12,SB164
2023,MO,SB 236,Healthcare restrictions |,harmful,aclu,Defeated,Dead,2023-05-12,SB236
2023,MO,HB 419,Healthcare restrictions |,harmful,aclu,Defeated,Dead,2023-05-12,HB419
2023,MO,HB 463,Healthcare restrictions |,harmful,aclu,Defeated,Dead,2023-05-12,HB463
2023,MO,HB 540,Healthcare restrictions |,harmful,aclu,Defeated,Dead,2023-05-12,HB540
2023,MS,HB 1125,Healthcare restrictions |,harmful,aclu,Passed into Law,Governor signed,2023-02-28,HB1125
2023,MS,HB 1127,Healthcare restrictions |,harmful,aclu,Defeated,Died in committee,2023-01-31,HB1127
2023,NJ,S 3076,Healthcare restrictions |,harmful,aclu,Introduced,Active,2023-01-10,S3076
2023,MS,SB 2864,Healthcare restrictions |,harmful,aclu,Defeated,Died in committee,2023-01-31,SB2864
2024,NJ,A.775,Restricting student & educator rights | School sports bans,harmful,aclu,Introduced,,2024-01-09,A775
2024,PA,HB 216,Restricting student & educator rights | School sports bans,harmful,aclu,Defeated,Legislative session ended,2024-11-13,HB216
2024,NJ,S.419,Other school restrictions | Restricting student & educator rights,harmful,aclu,Introduced,Referred to committee,2024-01-09,S419
2024,NJ,A.2720,Other school restrictions | Restricting student & educator rights,harmful,aclu,Advancing,"Legislative session adjourned, carries over to 2025,",2024-12-19,A2720
2024,VA,H.B. 1229,Public accommodation bans | Restricting student & educator rights | School facilities bans | School sports bans,harmful,aclu,Defeated,Legislative session ended,2025-02-22,HB1229
2024,VA,H.B. 8,Healthcare restrictions | Other healthcare barriers | Religious exemptions | Weakening Civil Rights Laws,harmful,aclu,Defeated,Legislative session ended,2025-02-22,HB8
2024,VA,S.B. 749,Restricting student & educator rights | School sports bans,harmful,aclu,Defeated,Legislative session ended,2025-02-22,SB749
2024,FL,H.B. 1425,Other anti-LGBTQ bills,harmful,aclu,Passed into Law,Governor signed,2024-04-26,H1425
2024,NJ,A.2580,Curriculum censorship | Restricting student & educator rights,harmful,aclu,Advancing,"Legislative session adjourned, carries over to 2025,",2024-12-19,A2580
2024,NJ,A.531,Curriculum censorship | Restricting student & educator rights,harmful,aclu,Introduced,,2024-01-10,A531
2024,NJ,A.410,Other school restrictions | Restricting student & educator rights,harmful,aclu,Introduced,Referred to committee,2024-01-09,A410
2024,NJ,S.1329,Other school restrictions | Restricting student & educator rights,harmful,aclu,Introduced,Referred to committee,2024-01-09,S1329
2024,PA,HB 138,Healthcare restrictions | Other healthcare barriers,harmful,aclu,Defeated,Legislative session ended,2024-11-13,HB138
2024,PA,HB 319,Curriculum censorship | Restricting student & educator rights,harmful,aclu,Defeated,Legislative session ended,2024-11-13,HB319
2024,PA,H.B.2157,Healthcare restrictions | Other healthcare barriers,harmful,aclu,Defeated,Legislative session ended,2024-11-13,HB2157
2024,PA,H.B.2421,Healthcare age restrictions | Healthcare restrictions | Other healthcare barriers,harmful,aclu,Defeated,Legislative session ended,2024-11-13,HB2421
2024,PA,H.B.2546,Other anti-LGBTQ bills,harmful,aclu,Defeated,Legislative session ended,2024-11-13,HB2546
2024,OH,HB 8,Forced outing in schools | Restricting student & educator rights,harmful,aclu,Passed into Law,Governor signed,2025-01-08,HB8
2024,VA,S.B. 723,Restricting student & educator rights | School sports bans,harmful,aclu,Defeated,Legislative session ended,2025-02-22,SB723
2024,VA,S.J. 49,Re-definition of sex | Weakening Civil Rights Laws,harmful,aclu,Defeated,Stricken in committee at request of Patron,2024-02-02,SJ49
2024,OH,H.B.686,Other school restrictions | Restricting student & educator rights,harmful,aclu,Defeated,Legislative session ended,2024-12-19,HB686
2024,VA,S.B. 68,Restricting student & educator rights | School sports bans,harmful,aclu,Defeated,Legislative session ended,2025-02-22,SB68
2024,VA,S.B. 671,Healthcare age restrictions | Healthcare restrictions |,harmful,aclu,Defeated,Legislative session ended,2025-02-22,SB671
2024,TN,SB 596,Religious exemptions | Weakening Civil Rights Laws,harmful,aclu,Passed into Law,Companion bill passed into law,2024-02-21,SB596
2024,VA,H.B. 670,Forced outing in schools | Other anti-LGBTQ bills | Restricting student & educator rights,harmful,aclu,Defeated,Legislative session ended,2025-02-22,HB670
2024,VA,H.B. 1120,Restricting student & educator rights | School sports bans,harmful,aclu,Defeated,Legislative session ended,2025-02-22,HB1120
2024,VA,H.J. 86,Re-definition of sex | Weakening Civil Rights Laws,harmful,aclu,Defeated,Legislative session ended,2025-02-22,HJ86
2024,NH,H.B.1185,Curriculum censorship | Restricting student & educator rights,harmful,aclu,Defeated,Executive Session Interim Study Report: Not Recommended for Future Legislation,2024-10-31,HB1185
2024,NH,S.B.375,Restricting student & educator rights | School facilities bans | School sports bans,harmful,aclu,Defeated,Executive Session Interim Study Report: Not Recommended for Future Legislation,2024-10-31,SB375
2024,NH,HB 619,Curriculum censorship | Healthcare age restrictions | Healthcare restrictions | Restricting student & educator rights | School facilities bans | School sports bans,harmful,aclu,Passed into Law,Governor signed,2024-07-19,HB619
2024,NH,H.B.1660,Healthcare funding restrictions | Healthcare restrictions |,harmful,aclu,Defeated,"Inexpedient to legislate, veto session",2024-10-10,HB1660
2024,NH,S.B.562,Other civil rights restrictions | Weakening Civil Rights Laws,harmful,aclu,Defeated,"Inexpedient to legislate, veto session",2024-10-10,SB562
2024,VA,S.B. 37,Forced outing in schools | Other anti-LGBTQ bills | Restricting student & educator rights,harmful,aclu,Defeated,Legislative session ended,2025-02-22,SB37
2024,OK,HB 1466,Healthcare age restrictions | Healthcare restrictions |,harmful,aclu,Defeated,Failed to meet House deadline,2024-02-29,HB1466
2024,OK,S.B.455,Other anti-LGBTQ bills,harmful,aclu,Defeated,Failed to meet Senate deadline,2024-02-29,SB455
2024,OK,SB 887,Religious exemptions | Weakening Civil Rights Laws,harmful,aclu,Defeated,Failed to meet Senate deadline,2024-02-29,SB887
2024,OK,SB 788,Healthcare age restrictions | Healthcare restrictions |,harmful,aclu,,,,SB788
2024,OK,SB 937,Curriculum censorship | Drag bans | Free speech & expression bans | Other school restrictions | Restricting student & educator rights | School sports bans,harmful,aclu,Defeated,Failed to meet Senate deadline,2024-02-29,SB937
2024,OK,HB 1377,Healthcare age restrictions | Healthcare restrictions | Other healthcare barriers,harmful,aclu,Defeated,Failed to meet House deadline,2024-02-29,HB1377
2024,OK,SB 252,Healthcare age restrictions | Healthcare restrictions |,harmful,aclu,Defeated,Failed to meet Senate deadline,2024-02-29,SB252
2024,OK,SB 787,Healthcare age restrictions | Healthcare restrictions |,harmful,aclu,Defeated,Failed to meet Senate deadline,2024-02-29,SB787
2024,OK,S.B.251,Re-definition of sex | Weakening Civil Rights Laws,harmful,aclu,Defeated,Failed to meet Senate deadline,2024-02-29,SB251
2024,OK,SB 935,Other school restrictions | Restricting student & educator rights,harmful,aclu,Defeated,Failed to meet Senate deadline,2024-02-29,SB935
2024,OK,SB 345,Healthcare age restrictions | Healthcare restrictions |,harmful,aclu,Defeated,Failed to meet Senate deadline,2024-02-29,SB345
2024,OK,SB 786,Healthcare age restrictions | Healthcare restrictions |,harmful,aclu,Defeated,Failed to meet Senate deadline,2024-02-29,SB786
2024,OK,SB 614,Healthcare age restrictions | Healthcare restrictions |,harmful,aclu,Defeated,Failed to meet Senate deadline,2024-02-29,SB614
2024,OK,HB 2736,Drag bans | Free speech & expression bans |,harmful,aclu,Defeated,Failed to meet House deadline,2024-02-29,HB2736
2024,OK,HB 1780,Curriculum censorship | Restricting student & educator rights,harmful,aclu,Defeated,Failed to meet House deadline,2024-02-29,HB1780
2024,OK,HB 2186,Drag bans | Free speech & expression bans |,harmful,aclu,Defeated,Failed to meet House deadline,2024-02-29,HB2186
2024,OK,SB 129,Healthcare age restrictions | Healthcare restrictions | Other healthcare barriers,harmful,aclu,Defeated,Failed to meet Senate deadline,2024-02-29,SB129
2024,OK,HB 2177,Healthcare age restrictions | Healthcare restrictions | Other healthcare barriers,harmful,aclu,Defeated,Failed to meet House deadline,2024-02-29,HB2177
2024,OK,SB 408,Other anti-LGBTQ bills,harmful,aclu,Defeated,Failed to meet Senate deadline,2024-02-29,SB408
2024,OK,S.B.202,Other civil rights restrictions | Re-definition of sex | Weakening Civil Rights Laws,harmful,aclu,Defeated,Failed to meet Senate deadline,2024-02-29,SB202
2024,OK,SB 932,Other school restrictions | Restricting student & educator rights,harmful,aclu,Defeated,Failed to meet Senate deadline,2024-02-29,SB932
2024,OK,SB 973,Curriculum censorship | Restricting student & educator rights,harmful,aclu,Defeated,Failed to meet Senate deadline,2024-02-29,SB973
2024,OK,HB 1781,Curriculum censorship | Restricting student & educator rights,harmful,aclu,Defeated,Failed to meet House deadline,2024-02-29,HB1781
2024,OK,HB 1011,Healthcare age restrictions | Healthcare restrictions | Other healthcare barriers,harmful,aclu,Defeated,Failed to meet House deadline,2024-02-29,HB1011
2024,OK,SB 789,Healthcare age restrictions | Healthcare restrictions |,harmful,aclu,Defeated,Failed to meet Senate deadline,2024-02-29,SB789
2024,OK,SB 943,Other school restrictions | Restricting student & educator rights,harmful,aclu,Defeated,Failed to meet Senate deadline,2024-02-29,SB943
2024,OK,SB 933,Drag bans | Free speech & expression bans |,harmful,aclu,Defeated,Failed to meet Senate deadline,2024-02-29,SB933
2024,OK,SB 1004,Other anti-LGBTQ bills,harmful,aclu,Defeated,Failed to meet Senate deadline,2024-02-29,SB1004
2024,OK,SB 1017,Other school restrictions | Restricting student & educator rights,harmful,aclu,Defeated,Failed to meet Senate deadline,2024-02-29,SB1017
2024,OK,SB 30,Curriculum censorship | Forced outing in schools | Other school restrictions | Restricting student & educator rights,harmful,aclu,Defeated,Failed to meet Senate deadline,2024-02-29,SB30
2024,OK,SB 250,Healthcare funding restrictions | Healthcare restrictions |,harmful,aclu,Defeated,Failed to meet Senate deadline,2024-02-29,SB250
2024,OK,SB 878,Healthcare age restrictions | Healthcare restrictions |,harmful,aclu,Defeated,Failed to meet Senate deadline,2024-02-29,SB878
2024,OK,SB 1007,Restricting student & educator rights | School sports bans,harmful,aclu,Defeated,Failed to meet Senate deadline,2024-02-29,SB1007
2024,OK,SB 131,Curriculum censorship | Restricting student & educator rights,harmful,aclu,Defeated,Failed to meet Senate deadline,2024-02-29,SB131
2024,WI,AB 377,Restricting student & educator rights | School sports bans,harmful,aclu,Defeated,Vetoed by Governor; Assembly failed to override veto,2024-05-15,AB377
2024,MI,HB 4510,Restricting student & educator rights | School facilities bans,harmful,aclu,Introduced,Carried over,2024-01-10,HB4510
2024,SC,SB 627,Healthcare age restrictions | Healthcare funding restrictions | Healthcare restrictions |,harmful,aclu,Defeated,Legislative session ended,2024-05-09,S627
2024,KS,HB 2427,Restricting student & educator rights | School facilities bans,harmful,aclu,Defeated,Legislative session ended,2024-04-30,HB2427
2024,NH,HB 396,Barriers to accurate IDs |,harmful,aclu,Defeated,Veto Sustained,2024-10-10,HB396
2024,NH,H.B.1356,Forced outing in schools | Other school restrictions | Religious exemptions | Restricting student & educator rights | Weakening Civil Rights Laws,harmful,aclu,Defeated,Inexpedient to legislate,2024-03-07,HB1356
2024,NH,H.B.1312,Other anti-LGBTQ bills,harmful,aclu,Passed into Law,Governor signed,2024-07-19,HB1312
2024,OK,HB 1449,Other anti-LGBTQ bills,harmful,aclu,Passed into Law,Governor signed,2024-05-31,HB1449
2024,NH,H.B.1205,Restricting student & educator rights | School sports bans,harmful,aclu,Passed into Law,Governor signed,2024-07-19,HB1205
2024,ID,H.567,Curriculum censorship | Restricting student & educator rights,harmful,aclu,Defeated,Legislative session ended,2024-04-10,H567
2024,MS,S.B. 2722,Restricting student & educator rights | School facilities bans,harmful,aclu,Defeated,Died in committee,2024-03-05,SB2722
2024,MS,H.B. 1521,Restricting student & educator rights | School facilities bans,harmful,aclu,Defeated,Died in committee,2024-03-05,HB1521
2024,NH,S.B.524,Restricting student & educator rights | School sports bans,harmful,aclu,Defeated,Legislative session ended,2024-06-13,SB524
2024,NH,S.B.341,Forced outing in schools | Restricting student & educator rights,harmful,aclu,Defeated,Legislative session ended,2024-06-13,SB341
2024,MA,H 509,Curriculum censorship | Restricting student & educator rights,harmful,aclu,Defeated,Legislative session ended,2024-12-31,H509
2024,SC,HB 3728,Curriculum censorship | Other school restrictions | Restricting student & educator rights,harmful,aclu,Defeated,Legislative session ended,2024-05-09,H3728
2024,LA,H.B.122,Curriculum censorship | Other school restrictions | Restricting student & educator rights,harmful,aclu,Passed into Law,Governor signed,2024-06-19,HB122
2024,LA,H.B.121,Other school restrictions | Religious exemptions | Restricting student & educator rights | Weakening Civil Rights Laws,harmful,aclu,Passed into Law,Governor signed,2024-06-19,HB121
2024,MI,H.B.5831,Other anti-LGBTQ bills,harmful,aclu,Defeated,Legislative session ended,2024-12-31,HB5831
2024,DE,S.B. 191,Restricting student & educator rights | School sports bans,harmful,aclu,Defeated,Legislative session ended,2024-06-30,SB191
2024,WV,S.B.197,Drag bans | Free speech & expression bans |,harmful,aclu,Defeated,Legislative session ended,2024-03-09,SB197
2024,WV,S.B.195,Drag bans | Free speech & expression bans |,harmful,aclu,Defeated,Legislative session ended,2024-03-09,SB195
2024,AZ,S.B.1451,Healthcare restrictions | Other healthcare barriers,harmful,aclu,Defeated,Legislative session ended,2024-06-15,SB1451
2024,WA,H.B. 1601,Other school restrictions | Restricting student & educator rights,harmful,aclu,Defeated,Legislative session ended,2024-03-07,HB1601
2024,WV,H.B.5616,Healthcare restrictions | Other healthcare barriers,harmful,aclu,Defeated,Legislative session ended,2024-03-09,HB5616
2024,WV,H.B.5615,Healthcare restrictions | Other healthcare barriers,harmful,aclu,Defeated,Legislative session ended,2024-03-09,HB5615
2024,MS,H.B. 1953,Healthcare restrictions | Other healthcare barriers,harmful,aclu,Defeated,Died in committee,2024-04-16,HB1953
2024,MO,H.B. 2830,Healthcare restrictions | Other healthcare barriers,harmful,aclu,Defeated,Legislative session ended,2024-05-17,HB2830
2024,TN,H.B.2936,Forced outing in schools | Other anti-LGBTQ bills | Restricting student & educator rights,harmful,aclu,Passed into Law,Companion bill passed into law,2024-05-28,HB2936
2024,TN,H.B.2310,Healthcare age restrictions | Healthcare restrictions | Other healthcare barriers,harmful,aclu,Passed into Law,Companion bill passed into law,2024-05-28,HB2310
2024,TN,S.B.2782,Healthcare age restrictions | Healthcare restrictions | Other healthcare barriers,harmful,aclu,Passed into Law,Governor signed,2024-05-28,SB2782
2024,TN,S.B.2749,Forced outing in schools | Other anti-LGBTQ bills | Restricting student & educator rights,harmful,aclu,Passed into Law,Governor signed,2024-05-28,SB2749
2024,OH,HB 245,Drag bans | Free speech & expression bans |,harmful,aclu,Defeated,Legislative session ended,2024-12-19,HB245
2024,DE,S.B. 315,Healthcare age restrictions | Healthcare funding restrictions | Healthcare restrictions |,harmful,aclu,Defeated,Legislative session ended,2024-06-30,SB315
2024,LA,H.B.608,Other anti-LGBTQ bills | Re-definition of sex | Restricting student & educator rights | School facilities bans | Weakening Civil Rights Laws,harmful,aclu,Passed into Law,Governor signed,2024-06-03,HB608
2024,SC,H.B.4624,Forced outing in schools | Healthcare age restrictions | Healthcare funding restrictions | Healthcare restrictions | Restricting student & educator rights,harmful,aclu,Passed into Law,Governor signed,2024-05-21,H4624
2024,OK,S.B.1677,Religious exemptions | Weakening Civil Rights Laws,harmful,aclu,Defeated,Legislative session ended,2024-05-30,SB1677
2024,MO,H.B. 2145,Restricting student & educator rights | School sports bans,harmful,aclu,Advancing,Referred to committee,2024-05-17,HB2145
2024,MO,H.B. 1739,Forced outing in schools | Other school restrictions | Restricting student & educator rights,harmful,aclu,Defeated,Legislative session ended,2024-05-29,HB1739
2024,MO,H.B. 1789,Other anti-LGBTQ bills,harmful,aclu,Advancing,Referred to committee,2024-05-17,HB1789
2024,MO,H.B. 2885,Other school restrictions | Restricting student & educator rights,harmful,aclu,Advancing,Referred to committee,2024-05-17,HB2885
2024,MO,H.B. 1523,Curriculum censorship | Forced outing in schools | Restricting student & educator rights,harmful,aclu,Advancing,Referred to committee,2024-05-17,HB1523
2024,MO,H.B. 1849,Drag bans | Free speech & expression bans |,harmful,aclu,Advancing,Referred to committee,2024-05-17,HB1849
2024,MO,H.B. 1405,Forced outing in schools | Other school restrictions | Religious exemptions | Restricting student & educator rights | Weakening Civil Rights Laws,harmful,aclu,Advancing,Referred to committee,2024-05-17,HB1405
2024,MO,H.B. 2300,Drag bans | Free speech & expression bans |,harmful,aclu,Advancing,Referred to committee,2024-05-17,HB2300
2024,MO,H.B. 1981,Restricting student & educator rights | School sports bans,harmful,aclu,Advancing,Referred to committee,2024-05-17,HB1981
2024,MA,H 458,Curriculum censorship | Restricting student & educator rights,harmful,aclu,Defeated,Legislative session ended,2024-12-31,H458
2024,WI,AB 465,Healthcare age restrictions | Healthcare restrictions |,harmful,aclu,Defeated,Vetoed by Governor; Assembly failed to override veto,2024-05-15,AB465
2024,WI,AB 510,Curriculum censorship | Other school restrictions | Restricting student & educator rights,harmful,aclu,Defeated,Vetoed by Governor; Assembly failed to override veto,2024-05-15,AB510
2024,AK,H.B. 183,Restricting student & educator rights | School sports bans,harmful,aclu,Defeated,Legislative session ended,2024-05-15,HB183
2024,TN,H.B.2619,Healthcare restrictions | Prison healthcare restrictions,harmful,aclu,Passed into Law,Companion bill passed into law,2024-04-29,HB2619
2024,MS,H.B. 1647,Other anti-LGBTQ bills,harmful,aclu,Passed into Law,Became act without Governor's signature,2024-05-14,HB1647
2024,AK,HB 174,Other anti-LGBTQ bills,harmful,aclu,Defeated,Legislative session ended,2024-05-15,HB174
2024,TN,H.B.2165,Forced outing in schools | Restricting student & educator rights,harmful,aclu,Passed into Law,Companion bill passed into law,2024-05-09,HB2165
2024,TN,S.B.2861,Healthcare restrictions | Prison healthcare restrictions,harmful,aclu,Passed into Law,Governor signed,2024-04-29,SB2861
2024,TN,S.B.1810,Forced outing in schools | Restricting student & educator rights,harmful,aclu,Passed into Law,Governor signed,2024-05-01,SB1810
2024,MO,H.B. 2619,Other anti-LGBTQ bills,harmful,aclu,Defeated,Legislative session ended,2024-05-17,HB2619
2024,IA,S.F.2435,Other anti-LGBTQ bills,harmful,aclu,Passed into Law,Governor signed,2024-05-09,SF2435
2024,AL,S.B.92,Re-definition of sex | Weakening Civil Rights Laws,harmful,aclu,Defeated,Legislative session ended,2024-05-09,SB92
2024,TN,H.B.1634,Other school restrictions | Restricting student & educator rights,harmful,aclu,Passed into Law,Companion bill passed into law,2024-04-23,HB1634
2024,TN,S.B.2766,Other school restrictions | Restricting student & educator rights,harmful,aclu,Passed into Law,Governor signed,2024-04-23,SB2766
2024,MS,S.B. 2753,Other school restrictions | Public accommodation bans | Re-definition of sex | Restricting student & educator rights | School facilities bans | Weakening Civil Rights Laws,harmful,aclu,Advancing,Senate and House signed enrolled bill; Due from Governor,2024-05-13,SB2753
2024,AK,H.B. 105,Curriculum censorship | Other school restrictions | Restricting student & educator rights | School facilities bans,harmful,aclu,Defeated,Legislative session ended,2024-05-15,HB105
2024,TN,H.B.1995,Other anti-LGBTQ bills,harmful,aclu,Defeated,Legislative session ended,2024-04-25,HB1995
2024,TN,S.B.2780,Other anti-LGBTQ bills,harmful,aclu,Defeated,Legislative session ended,2024-04-25,SB2780
2024,WV,S.B.237,Drag bans | Free speech & expression bans |,harmful,aclu,Defeated,Legislative session ended,2024-03-09,SB237
2024,WV,H.B.5240,Other anti-LGBTQ bills,harmful,aclu,Defeated,Legislative session ended,2024-03-09,HB5240
2024,WA,H.B. 1214,Healthcare age restrictions | Healthcare restrictions |,harmful,aclu,Defeated,Legislative session ended,2024-03-07,HB1214
2024,TN,S.B.1722,Free speech & expression bans | Other expression restrictions | Other school restrictions | Restricting student & educator rights,harmful,aclu,Defeated,Legislative session ended,2024-04-25,SB1722
2024,TN,H.B.1605,Free speech & expression bans | Other expression restrictions | Other school restrictions | Restricting student & educator rights,harmful,aclu,Defeated,Legislative session ended,2024-04-25,HB1605
2024,SC,H.B.4691,Forced outing in schools | Other anti-LGBTQ bills | Restricting student & educator rights,harmful,aclu,Defeated,Legislative session ended,2024-05-09,H4691
2024,OK,H.B.2546,Curriculum censorship | Restricting student & educator rights,harmful,aclu,Defeated,Failed to meet House deadline,2024-02-29,HB2546
2024,NH,H.B.1441,Healthcare age restrictions | Healthcare restrictions |,harmful,aclu,Defeated,Legislative session ended,2024-06-13,HB1441
2024,MS,S.B. 2813,Barriers to accurate IDs | Re-definition of sex | Weakening Civil Rights Laws,harmful,aclu,Defeated,Died In Committee,2024-03-05,SB2813
2024,MO,H.B. 1518,Other civil rights restrictions | Weakening Civil Rights Laws,harmful,aclu,Defeated,Legislative session ended,2024-05-17,HB1518
2024,MO,H.B. 1650,Drag bans | Free speech & expression bans |,harmful,aclu,Defeated,Legislative session ended,2024-05-17,HB1650
2024,KY,S.B.208,Healthcare restrictions | Other healthcare barriers,harmful,aclu,Defeated,Legislative session ended,2024-04-15,SB208
2024,ID,H.517,Religious exemptions | Weakening Civil Rights Laws,harmful,aclu,Defeated,Legislative session ended,2024-04-10,H517
2024,IA,H.F.2068,Other school restrictions | Restricting student & educator rights,harmful,aclu,Defeated,Legislative session ended,2024-04-20,HF2068
2024,HI,H.B.291,Barriers to accurate IDs |,harmful,aclu,Defeated,Legislative session ended,2024-05-03,HB291
2024,GA,H.B.836,Restricting student & educator rights | School facilities bans,harmful,aclu,Defeated,Legislative session ended,2024-03-28,HB836
2024,GA,H.B.936,Restricting student & educator rights | School facilities bans,harmful,aclu,Defeated,Legislative session ended,2024-03-28,HB936
2024,FL,H.B. 1027,Other school restrictions | Restricting student & educator rights,harmful,aclu,Defeated,Died in subcommittee,2024-03-08,H1027
2024,FL,S.B. 1728,Other school restrictions | Restricting student & educator rights,harmful,aclu,Defeated,Died in committee,2024-03-08,S1728
2024,MO,H.B. 1520,Healthcare age restrictions | Healthcare restrictions |,harmful,aclu,Defeated,Legislative session ended,2024-05-17,HB1520
2024,IL,H.B.5830,Re-definition of sex | Weakening Civil Rights Laws,harmful,aclu,Defeated,Legislative session ended,2024-05-29,HB5830
2024,AL,H.B.130,Curriculum censorship | Restricting student & educator rights,harmful,aclu,Defeated,Legislative session ended,2024-05-09,HB130
2024,MN,S.F.5466,Re-definition of sex | Weakening Civil Rights Laws,harmful,aclu,Defeated,Legislative session ended,2024-05-20,SF5466
2024,TN,H.B.2169,Religious exemptions | Weakening Civil Rights Laws,harmful,aclu,Advancing,Companion bill passed into law,2024-04-11,HB2169
2024,MS,H.B. 1607,Re-definition of sex | Weakening Civil Rights Laws,harmful,aclu,Defeated,Died in Conference,2024-04-29,HB1607
2024,MN,H.F.3926,Religious exemptions | Weakening Civil Rights Laws,harmful,aclu,Defeated,Legislative session ended,2024-05-20,HF3926
2024,KS,HB 2436,Other anti-LGBTQ bills,harmful,aclu,Passed into Law,House and Senate Motion to override veto prevailed,2024-04-29,HB2436
2024,KS,SB 233,Healthcare age restrictions | Healthcare restrictions |,harmful,aclu,Defeated,House Motion to override veto failed; Veto sustained,2024-04-29,SB233
2024,AK,H.B. 382,Forced outing in schools | Restricting student & educator rights | School facilities bans,harmful,aclu,Defeated,Legislative session ended,2024-05-15,HB382
2024,AZ,S.B.1182,Restricting student & educator rights | School facilities bans,harmful,aclu,Defeated,Vetoed by Governor,2024-04-23,SB1182
2024,AL,H.B.111,Re-definition of sex | Weakening Civil Rights Laws,harmful,aclu,Defeated,Legislative session ended,2024-05-09,HB111
2024,WI,SB 377,Restricting student & educator rights | School sports bans,harmful,aclu,Defeated,Legislative session ended,2024-03-12,SB377
2024,WI,SB 489,Curriculum censorship | Other school restrictions | Restricting student & educator rights,harmful,aclu,Defeated,Companion bill vetoed by Governor; Assembly failed to override veto,2024-05-15,SB489
2024,WI,SB 378,Restricting student & educator rights | School sports bans,harmful,aclu,Defeated,Legislative session ended,2024-03-12,SB378
2024,TN,S.B.1738,Religious exemptions | Weakening Civil Rights Laws,harmful,aclu,Passed into Law,Signed by Governor,2024-04-11,SB1738
2024,ME,LD 678,Other school restrictions | Restricting student & educator rights,harmful,aclu,Defeated,Legislative session ended,2024-04-17,LD678
2024,ME,LD 930,Restricting student & educator rights | School sports bans,harmful,aclu,Defeated,Legislative session ended,2024-04-17,LD930
2024,AZ,S.B.1628,Re-definition of sex | Weakening Civil Rights Laws,harmful,aclu,Defeated,Vetoed by Governor,2024-04-16,SB1628
2024,AK,H.B. 338,Healthcare restrictions | Other healthcare barriers,harmful,aclu,Defeated,Legislative session ended,2024-05-15,HB338
2024,IA,H.F.2704,Other anti-LGBTQ bills,harmful,aclu,Passed into Law,Companion bill passed into law,2024-05-09,HF2704
2024,SC,H.B.5407,Restricting student & educator rights | School facilities bans,harmful,aclu,Defeated,Legislative session ended,2024-05-09,H5407
2024,WI,SB 479,Healthcare restrictions | Other healthcare barriers,harmful,aclu,Defeated,Legislative session ended,2024-03-12,SB479
2024,WI,SB 438,Other anti-LGBTQ bills,harmful,aclu,Defeated,Legislative session ended,2024-03-12,SB438
2024,WI,SB 480,Healthcare age restrictions | Healthcare restrictions |,harmful,aclu,Defeated,Companion bill vetoed by Governor; Assembly failed to override veto,2024-05-15,SB480
2024,WI,AB 447,Other anti-LGBTQ bills,harmful,aclu,Defeated,Legislative session ended,2024-03-12,AB447
2024,WI,S.B.922,Healthcare restrictions | Other healthcare barriers,harmful,aclu,Defeated,Legislative session ended,2024-03-12,SB922
2024,WI,AB 609,Healthcare restrictions | Other healthcare barriers,harmful,aclu,Defeated,Legislative session ended,2024-03-12,AB609
2024,WI,AB 502,Healthcare age restrictions | Healthcare restrictions | Other healthcare barriers,harmful,aclu,Defeated,Legislative session ended,2024-03-12,AB502
2024,WI,AB 378,Restricting student & educator rights | School sports bans,harmful,aclu,Defeated,Legislative session ended,2024-03-12,AB378
2024,ID,H.538,Forced outing in schools | Other anti-LGBTQ bills | Other school restrictions | Restricting student & educator rights,harmful,aclu,Passed into Law,Governor signed,2024-04-08,H538
2024,ID,H.421,Re-definition of sex | Weakening Civil Rights Laws,harmful,aclu,Passed into Law,Governor signed,2024-04-09,H421
2024,FL,H.B. 433,Other civil rights restrictions | Weakening Civil Rights Laws,harmful,aclu,Passed into Law,Governor signed,2024-04-11,H0433
2024,TN,S.B.2350,Other anti-LGBTQ bills,harmful,aclu,Defeated,Legislative session ended,2024-04-25,SB2350
2024,TN,H.B.1948,Other anti-LGBTQ bills,harmful,aclu,Defeated,Legislative session ended,2024-04-25,HB1948
2024,ID,S.1352,Religious exemptions | Weakening Civil Rights Laws,harmful,aclu,Passed into Law,Governor signed,2024-03-21,S1352
2024,RI,H.B.7884,Healthcare age restrictions | Healthcare funding restrictions | Healthcare restrictions | Other healthcare barriers,harmful,aclu,Defeated,Legislative session ended,2024-06-14,H7884
2024,RI,H.B.7727,Restricting student & educator rights | School sports bans,harmful,aclu,Defeated,Legislative session ended,2024-06-14,H7727
2024,OH,HB 183,Restricting student & educator rights | School facilities bans,harmful,aclu,Defeated,Legislative session ended,2024-12-19,HB183
2024,NH,S.B.304,Healthcare restrictions | Other healthcare barriers,harmful,aclu,Defeated,Legislative session ended,2024-06-13,SB304
2024,NE,LB 575,Restricting student & educator rights | School facilities bans | School sports bans,harmful,aclu,Defeated,Legislative session ended,2024-04-18,LB575
2024,OK,H.B.3214,Religious exemptions | Weakening Civil Rights Laws,harmful,aclu,Defeated,Legislative session ended,2024-05-30,HB3214
2024,MS,H.B. 585,Other anti-LGBTQ bills,harmful,aclu,Defeated,House passed; Died in Senate committee,2024-04-02,HB585
2024,IA,S.F.2095,Religious exemptions | Weakening Civil Rights Laws,harmful,aclu,Passed into Law,Governor signed,2024-04-02,SF2095
2024,WY,S.F.0099,Healthcare age restrictions | Healthcare restrictions |,harmful,aclu,Passed into Law,Governor signed,2024-03-22,SF99
2024,WV,H.B.4233,Barriers to accurate IDs |,harmful,aclu,Passed into Law,Governor signed,2024-03-27,HB4233
2024,UT,H.B.157,Healthcare restrictions | Other healthcare barriers,harmful,aclu,Passed into Law,Governor signed,2024-03-14,HB157
2024,UT,H.B.316,Other anti-LGBTQ bills,harmful,aclu,Passed into Law,Governor signed,2024-03-18,HB316
2024,UT,H.B.396,Religious exemptions | Weakening Civil Rights Laws,harmful,aclu,Passed into Law,Governor signed,2024-03-19,HB396
2024,UT,S.B.150,Religious exemptions | Weakening Civil Rights Laws,harmful,aclu,Passed into Law,Governor signed,2024-03-21,SB150
2024,TN,HB 1386,Other anti-LGBTQ bills,harmful,aclu,Defeated,Legislative session ended,2024-04-25,HB1386
2024,TN,HB 878,Religious exemptions | Weakening Civil Rights Laws,harmful,aclu,Passed into Law,Signed by Governor,2024-02-21,HB878
2024,TN,SB 1110,Other anti-LGBTQ bills,harmful,aclu,Defeated,Legislative session ended,2024-04-25,SB1110
2024,OK,H.B.3022,Other anti-LGBTQ bills,harmful,aclu,Defeated,Legislative session ended,2024-05-30,HB3022
2024,NH,H.B.1664,Healthcare restrictions | Other healthcare barriers,harmful,aclu,Defeated,Legislative session ended,2024-06-13,HB1664
2024,KY,S.B.239,Religious exemptions | Weakening Civil Rights Laws,harmful,aclu,Defeated,Legislative session ended,2024-04-15,SB239
2024,KY,H.B.304,Curriculum censorship | Forced outing in schools | Other school restrictions | Restricting student & educator rights,harmful,aclu,Defeated,Legislative session ended,2024-04-15,HB304
2024,KY,S.B.147,Drag bans | Free speech & expression bans |,harmful,aclu,Defeated,Legislative session ended,2024-04-15,SB147
2024,KY,H.B.47,Religious exemptions | Weakening Civil Rights Laws,harmful,aclu,Defeated,Legislative session ended,2024-04-15,HB47
2024,ID,H.578,Religious exemptions | Weakening Civil Rights Laws,harmful,aclu,Passed into Law,Governor signed,2024-03-25,H578
2024,ID,H.668,Healthcare funding restrictions | Healthcare restrictions | Other healthcare barriers | Prison healthcare restrictions,harmful,aclu,Passed into Law,Governor signed,2024-03-27,H668
2024,IA,S.F.2286,Religious exemptions | Weakening Civil Rights Laws,harmful,aclu,Defeated,Legislative session ended,2024-04-20,SF2286
2024,GA,H.B.1170,Healthcare age restrictions | Healthcare restrictions |,harmful,aclu,Advancing,Passed House and Senate as substituted,2024-03-28,HB1170
2024,AZ,S.B.1166,Forced outing in schools | Religious exemptions | Restricting student & educator rights | Weakening Civil Rights Laws,harmful,aclu,Defeated,Legislative session ended,2024-06-15,SB1166
2024,AL,S.B.129,Other anti-LGBTQ bills | Other school restrictions | Restricting student & educator rights,harmful,aclu,Passed into Law,Governor signed,2024-03-20,SB129
2024,SC,S.B.1213,Restricting student & educator rights | School facilities bans,harmful,aclu,Defeated,Legislative session ended,2024-05-09,S1213
2024,MN,S.F.5144,Re-definition of sex | Weakening Civil Rights Laws,harmful,aclu,Defeated,Legislative session ended,2024-05-20,SF5144
2024,MN,H.F.5128,Re-definition of sex | Weakening Civil Rights Laws,harmful,aclu,Defeated,Legislative session ended,2024-05-20,HF5128
2024,GA,H.B.1104,Curriculum censorship | Restricting student & educator rights | School facilities bans | School sports bans,harmful,aclu,Defeated,Legislative session ended,2024-03-28,HB1104
2024,AZ,S.B.1005,Other anti-LGBTQ bills,harmful,aclu,Defeated,Legislative session ended,2024-06-15,SB1005
2024,OR,H.B.4054,Restricting student & educator rights | School sports bans,harmful,aclu,Defeated,In committee upon adjournment,2024-03-07,HB4054
2024,OR,H.B.4037,Forced outing in schools | Healthcare age restrictions | Healthcare restrictions | Restricting student & educator rights,harmful,aclu,Defeated,In committee upon adjournment,2024-03-07,HB4037
2024,OR,H.B.4143,Other anti-LGBTQ bills | Public accommodation bans | Restricting student & educator rights | School facilities bans | School sports bans,harmful,aclu,Defeated,In committee upon adjournment,2024-03-07,HB4143
2024,IA,S.F.2263,Other anti-LGBTQ bills,harmful,aclu,Defeated,Legislative session ended,2024-04-20,SF2263
2024,WY,S.F.0098,Healthcare restrictions | Other healthcare barriers,harmful,aclu,Defeated,Senate passed; House did not consider for introduction and legislative session ended,2024-03-08,SF98
2024,WY,S.F.0094,Other anti-LGBTQ bills,harmful,aclu,Defeated,Senate passed; House did not consider for introduction and legislative session ended,2024-03-08,SF94
2024,WY,S.F.0130,Other anti-LGBTQ bills | Other school restrictions | Restricting student & educator rights,harmful,aclu,Defeated,Passed Senate; House did not consider for introduction and legislative session ended,2024-03-08,SF130
2024,WY,S.F.0009,Curriculum censorship | Restricting student & educator rights,harmful,aclu,Passed into Law,Governor signed,2024-03-05,SF9
2024,WV,S.B.601,Public accommodation bans | Re-definition of sex | Weakening Civil Rights Laws,harmful,aclu,Defeated,Legislative session ended,2024-03-09,SB601
2024,TN,H.B.2816,Healthcare restrictions | Other healthcare barriers,harmful,aclu,Defeated,Legislative session ended,2024-04-25,HB2816
2024,TN,S.B.2396,Healthcare restrictions | Other healthcare barriers,harmful,aclu,Defeated,Legislative session ended,2024-04-25,SB2396
2024,MS,H.B. 1605,Forced outing in schools | Other school restrictions | Restricting student & educator rights,harmful,aclu,Defeated,Died in committee,2024-03-05,HB1605
2024,MS,S.B. 2118,Other anti-LGBTQ bills,harmful,aclu,Defeated,Died in committee,2024-03-05,SB2118
2024,MS,S.B. 2237,Religious exemptions | Weakening Civil Rights Laws,harmful,aclu,Defeated,Died in committee,2024-03-05,SB2237
2024,MS,H.B. 1358,Re-definition of sex | Weakening Civil Rights Laws,harmful,aclu,Defeated,Died in committee,2024-03-05,HB1358
2024,MS,S.B. 2553,Forced outing in schools | Other school restrictions | Restricting student & educator rights,harmful,aclu,Defeated,Died in committee,2024-03-05,SB2553
2024,MS,H.B. 1606,Other anti-LGBTQ bills | Other school restrictions | Re-definition of sex | Restricting student & educator rights | Weakening Civil Rights Laws,harmful,aclu,Defeated,Died in committee,2024-03-05,HB1606
2024,MS,S.B. 2080,Healthcare age restrictions | Healthcare restrictions |,harmful,aclu,Defeated,Died in committee,2024-03-05,SB2080
2024,MS,H.B. 1069,Religious exemptions | Weakening Civil Rights Laws,harmful,aclu,Defeated,Died in committee,2024-03-05,HB1069
2024,MS,S.B. 2814,Re-definition of sex | Weakening Civil Rights Laws,harmful,aclu,Defeated,Died in committee,2024-03-05,SB2814
2024,MS,S.B. 2812,Re-definition of sex | Weakening Civil Rights Laws,harmful,aclu,Defeated,Died in committee,2024-03-05,SB2812
2024,MS,H.B. 176,Forced outing in schools | Other school restrictions | Restricting student & educator rights,harmful,aclu,Defeated,Died in committee,2024-03-05,HB176
2024,MS,S.B. 2029,Healthcare funding restrictions | Healthcare restrictions |,harmful,aclu,Defeated,Died in committee,2024-03-05,SB2029
2024,MS,H.B. 1428,Public accommodation bans | Re-definition of sex | Restricting student & educator rights | School facilities bans | Weakening Civil Rights Laws,harmful,aclu,Defeated,Died in committee,2024-03-05,HB1428
2024,MS,H.B. 725,Other anti-LGBTQ bills,harmful,aclu,Defeated,Died in committee,2024-03-05,HB725
2024,MS,S.B. 2594,Other anti-LGBTQ bills,harmful,aclu,Defeated,Died in committee,2024-03-05,SB2594
2024,ID,S.1362,Free speech & expression bans | Other expression restrictions | Other school restrictions | Restricting student & educator rights,harmful,aclu,Defeated,Legislative session ended,2024-04-10,S1362
2024,GA,SB 180,Religious exemptions | Weakening Civil Rights Laws,harmful,aclu,Defeated,Legislative session ended,2024-03-28,SB180
2024,MN,H.F.4503,Other school restrictions | Restricting student & educator rights,harmful,aclu,Defeated,Legislative session ended,2024-05-20,HF4503
2024,MN,S.F.4616,Other school restrictions | Restricting student & educator rights,harmful,aclu,Defeated,Legislative session ended,2024-05-20,SF4616
2024,UT,H.B.253,Public accommodation bans | Restricting student & educator rights | School facilities bans,harmful,aclu,Defeated,Legislative session ended,2024-03-01,HB253
2024,UT,H.B.303,Free speech & expression bans | Other expression restrictions | Other school restrictions | Restricting student & educator rights,harmful,aclu,Defeated,Legislative session ended,2024-03-01,HB303
2024,UT,H.B.224,Healthcare age restrictions | Healthcare restrictions |,harmful,aclu,Defeated,Legislative session ended,2024-03-01,HB224
2024,UT,H.B.527,Other school restrictions | Religious exemptions | Restricting student & educator rights | Weakening Civil Rights Laws,harmful,aclu,Defeated,Legislative session ended,2024-03-01,HB527
2024,RI,S.B.2423,Religious exemptions | Weakening Civil Rights Laws,harmful,aclu,Defeated,Legislative session ended,2024-06-14,S2423
2024,MO,H.B. 2309,Other anti-LGBTQ bills,harmful,aclu,Defeated,Legislative session ended,2024-05-17,HB2309
2024,KY,S.B.336,Re-definition of sex | Weakening Civil Rights Laws,harmful,aclu,Defeated,Legislative session ended,2024-04-15,SB336
2024,ID,H.669,Other anti-LGBTQ bills,harmful,aclu,Defeated,Legislative session ended,2024-04-10,H669
2024,FL,H.B. 1639,Barriers to accurate IDs |,harmful,aclu,Defeated,Died in committee,2024-03-08,H1639
2024,RI,S.B.2703,Healthcare age restrictions | Healthcare funding restrictions | Healthcare restrictions | Other healthcare barriers,harmful,aclu,Defeated,Legislative session ended,2024-06-14,S2703
2024,RI,S.B.2660,Restricting student & educator rights | School sports bans,harmful,aclu,Defeated,Legislative session ended,2024-06-14,S2660
2024,OK,S.B.1530,Re-definition of sex | Weakening Civil Rights Laws,harmful,aclu,Defeated,Legislative session ended,2024-05-30,SB1530
2024,WV,H.B.5297,Healthcare age restrictions | Healthcare restrictions |,harmful,aclu,Defeated,Legislative session ended,2024-03-09,HB5297
2024,MO,S.B. 980,Other anti-LGBTQ bills,harmful,aclu,Defeated,Legislative session ended,2024-05-17,SB980
2024,ID,H.520,Healthcare funding restrictions | Healthcare restrictions | Prison healthcare restrictions,harmful,aclu,Defeated,Legislative session ended,2024-04-10,H520
2024,IA,H.F.2454,Religious exemptions | Weakening Civil Rights Laws,harmful,aclu,Passed into Law,Companion bill passed into law,2024-04-02,HF2454
2024,GA,S.B.532,Curriculum censorship | Restricting student & educator rights,harmful,aclu,Defeated,Legislative session ended,2024-02-29,SB532
2024,FL,S.B. 1352,Other anti-LGBTQ bills,harmful,aclu,Passed into Law,Companion bill passed into law,2024-04-26,S1352
2024,ID,H.672,Religious exemptions | Weakening Civil Rights Laws,harmful,aclu,Defeated,Legislative session ended,2024-04-10,H672
2024,SC,S.B.0332,Other anti-LGBTQ bills,harmful,aclu,Defeated,Legislative session ended,2024-05-09,S332
2024,WV,S.B.870,Other anti-LGBTQ bills | Other school restrictions | Restricting student & educator rights,harmful,aclu,Defeated,Legislative session ended,2024-03-09,SB870
2024,AZ,S.C.R.1013,Forced outing in schools | Religious exemptions | Restricting student & educator rights | School facilities bans | Weakening Civil Rights Laws,harmful,aclu,Defeated,Legislative session ended,2024-06-15,SCR1013
2024,MO,H.B. 2569,Other anti-LGBTQ bills,harmful,aclu,Defeated,Legislative session ended,2024-05-17,HB2569
2024,WV,S.B.517,Barriers to accurate IDs |,harmful,aclu,Defeated,Legislative session ended,2024-03-09,SB517
2024,WV,H.B.5656,Other anti-LGBTQ bills,harmful,aclu,Defeated,Legislative session ended,2024-03-09,HB5656
2024,MO,H.B. 2567,Other anti-LGBTQ bills,harmful,aclu,Defeated,Legislative session ended,2024-05-17,HB2567
2024,ID,S.1357,Other anti-LGBTQ bills,harmful,aclu,Defeated,Legislative session ended,2024-04-10,S1357
2024,OK,H.B.3120,Curriculum censorship | Forced outing in schools | Other school restrictions | Restricting student & educator rights,harmful,aclu,Defeated,Legislative session ended,2024-05-30,HB3120
2024,MO,H.B. 2448,Other anti-LGBTQ bills,harmful,aclu,Defeated,Legislative session ended,2024-05-17,HB2448
2024,MO,H.B. 2365,Other anti-LGBTQ bills,harmful,aclu,Defeated,Legislative session ended,2024-05-17,HB2365
2024,KS,H.B.2792,Healthcare age restrictions | Healthcare restrictions |,harmful,aclu,Defeated,Legislative session ended,2024-04-30,HB2792
2024,AZ,S.B.1167,Other anti-LGBTQ bills,harmful,aclu,Defeated,Legislative session ended,2024-06-15,SB1167
2024,KY,H.B.652,Other school restrictions | Restricting student & educator rights,harmful,aclu,Defeated,Legislative session ended,2024-04-15,HB652
2024,MN,S.F.3848,Religious exemptions | Weakening Civil Rights Laws,harmful,aclu,Defeated,Legislative session ended,2024-05-20,SF3848
2024,KS,S.B.409,Other civil rights restrictions | Weakening Civil Rights Laws,harmful,aclu,Defeated,Legislative session ended,2024-04-30,SB409
2024,WY,H.B.0061,Curriculum censorship | Other school restrictions | Restricting student & educator rights,harmful,aclu,Defeated,Failed introduction,2024-02-16,HB61
2024,WY,H.B.0136,Restricting student & educator rights | School sports bans,harmful,aclu,Defeated,Failed introduction,2024-02-16,HB136
2024,WY,H.B.0190,Curriculum censorship | Forced outing in schools | Restricting student & educator rights,harmful,aclu,Defeated,Failed introduction,2024-02-16,HB190
2024,WY,H.B.0178,Religious exemptions | Weakening Civil Rights Laws,harmful,aclu,Defeated,Failed introduction,2024-02-16,HB178
2024,NH,H.B.1419,Other school restrictions | Restricting student & educator rights,harmful,aclu,Defeated,Legislative session ended,2024-06-13,HB1419
2024,KS,H.B.2791,Healthcare age restrictions | Healthcare restrictions | Other healthcare barriers,harmful,aclu,Defeated,Legislative session ended,2024-04-30,HB2791
2024,GA,S.B.519,Healthcare age restrictions | Healthcare restrictions |,harmful,aclu,Defeated,Legislative session ended,2024-03-28,SB519
2024,GA,SB 88,Curriculum censorship | Other school restrictions | Restricting student & educator rights,harmful,aclu,Defeated,Legislative session ended,2024-03-28,SB88
2024,WY,H.B.0156,Healthcare restrictions | Other healthcare barriers,harmful,aclu,Defeated,Failed introduction,2024-02-16,HB156
2024,WY,H.B.0050,Re-definition of sex | Weakening Civil Rights Laws,harmful,aclu,Defeated,Failed introduction,2024-02-15,HB50
2024,WY,H.B.0063,Healthcare age restrictions | Healthcare restrictions |,harmful,aclu,Defeated,Failed introduction,2024-02-14,HB63
2024,IA,HF 290,Barriers to accurate IDs | Re-definition of sex | Weakening Civil Rights Laws,harmful,aclu,Defeated,Legislative session ended,2024-04-20,HF290
2024,MN,S.F.4017,Healthcare age restrictions | Healthcare restrictions | Other healthcare barriers | Restricting student & educator rights | School sports bans,harmful,aclu,Defeated,Legislative session ended,2024-05-20,SF4017
2024,WV,S.B.515,Curriculum censorship | Forced outing in schools | Restricting student & educator rights,harmful,aclu,Defeated,Legislative session ended,2024-03-09,SB515
2024,MO,H.B. 1700,Other anti-LGBTQ bills,harmful,aclu,Defeated,Legislative session ended,2024-05-17,HB1700
2024,KY,H.B.9,Other anti-LGBTQ bills,harmful,aclu,Defeated,Legislative session ended,2024-04-15,HB9
2024,ID,H.560,Other anti-LGBTQ bills,harmful,aclu,Defeated,Legislative session ended,2024-04-10,H560
2024,WV,H.B.5243,Public accommodation bans | Re-definition of sex | Weakening Civil Rights Laws,harmful,aclu,Defeated,Legislative session ended,2024-03-09,HB5243
2024,KS,S.B.512,Other anti-LGBTQ bills,harmful,aclu,Defeated,Legislative session ended,2024-04-30,SB512
2024,IA,S.S.B.3006,Religious exemptions | Weakening Civil Rights Laws,harmful,aclu,Defeated,Legislative session ended,2024-04-20,SSB3006
2024,IA,S.S.B.3084,Forced outing in schools | Other school restrictions | Restricting student & educator rights,harmful,aclu,Defeated,Legislative session ended,2024-04-20,SSB3084
2024,IA,H.S.B.649,Barriers to accurate IDs | Re-definition of sex | Weakening Civil Rights Laws,harmful,aclu,Defeated,Legislative session ended,2024-04-20,HSB649
2024,IA,H.S.B.614,Religious exemptions | Weakening Civil Rights Laws,harmful,aclu,Defeated,Legislative session ended,2024-04-20,HSB614
2024,TN,S.B.2747,Religious exemptions | Weakening Civil Rights Laws,harmful,aclu,Defeated,Legislative session ended,2024-04-25,SB2747
2024,GA,H.B.1205,Other anti-LGBTQ bills,harmful,aclu,Defeated,Legislative session ended,2024-03-28,HB1205
2024,MD,H.B.0047,Restricting student & educator rights | School sports bans,harmful,aclu,Defeated,Legislative session ended,2024-04-08,HB47
2024,VA,S.B. 153,Religious exemptions | Weakening Civil Rights Laws,harmful,aclu,Defeated,Stricken in committee at request of patron,2024-02-08,SB153
2024,SD,S.B.184,Drag bans | Free speech & expression bans |,harmful,aclu,Defeated,Legislative session ended,2024-03-26,SB184
2024,TN,SB 620,Curriculum censorship | Forced outing in schools | Other school restrictions | Restricting student & educator rights,harmful,aclu,Defeated,Legislative session ended,2024-04-25,SB620
2024,TN,S.B.2560,Other anti-LGBTQ bills,harmful,aclu,Defeated,Legislative session ended,2024-04-25,SB2560
2024,NE,L.B.1330,Other anti-LGBTQ bills,harmful,aclu,Defeated,Legislative session ended,2024-04-18,LB1330
2024,GA,H.B.1128,Re-definition of sex | Weakening Civil Rights Laws,harmful,aclu,Defeated,Legislative session ended,2024-03-28,HB1128
2024,TN,H.B.2935,Religious exemptions | Weakening Civil Rights Laws,harmful,aclu,Defeated,Legislative session ended,2024-04-25,HB2935
2024,TN,H.B.2669,Other anti-LGBTQ bills,harmful,aclu,Defeated,Legislative session ended,2024-04-25,HB2669
2024,IA,H.F.2409,Other anti-LGBTQ bills,harmful,aclu,Defeated,Legislative session ended,2024-04-20,HF2409
2024,IA,H.F.2389,Barriers to accurate IDs | Re-definition of sex | Weakening Civil Rights Laws,harmful,aclu,Defeated,Legislative session ended,2024-04-20,HF2389
2024,WV,H.B.5484,Curriculum censorship | Restricting student & educator rights,harmful,aclu,Defeated,Legislative session ended,2024-03-09,HB5484
2024,OK,H.B.3219,Barriers to accurate IDs |,harmful,aclu,Defeated,Legislative session ended,2024-05-30,HB3219
2024,FL,S.B. 1780,Other civil rights restrictions | Religious exemptions | Weakening Civil Rights Laws,harmful,aclu,Defeated,Died in committee,2024-03-08,S1780
2024,OK,H.B.3135,Curriculum censorship | Other anti-LGBTQ bills | Restricting student & educator rights,harmful,aclu,Defeated,Failed to meet House deadline,2024-02-29,HB3135
2024,OK,H.B.3217,Free speech & expression bans | Other expression restrictions,harmful,aclu,Defeated,Legislative session ended,2024-05-30,HB3217
2024,OK,H.B.3543,Religious exemptions | Weakening Civil Rights Laws,harmful,aclu,Defeated,Failed to meet Senate deadline,2024-02-29,HB3543
2024,IA,S.F.2182,Other school restrictions | Restricting student & educator rights,harmful,aclu,Defeated,Legislative session ended,2024-04-20,SF2182
2024,HI,H.B.2731,Restricting student & educator rights | School sports bans,harmful,aclu,Defeated,Legislative session ended,2024-05-03,HB2731
2024,HI,H.B.1715,Forced outing in schools | Restricting student & educator rights,harmful,aclu,Defeated,Legislative session ended,2024-05-03,HB1715
2024,WV,H.B.5442,Other school restrictions | Re-definition of sex | Restricting student & educator rights | Weakening Civil Rights Laws,harmful,aclu,Defeated,Legislative session ended,2024-03-09,HB5442
2024,FL,S.B. 1120,Free speech & expression bans | Other expression restrictions,harmful,aclu,Defeated,Died in committee,2024-03-08,S1120
2024,GA,S.B.438,Restricting student & educator rights | School facilities bans | School sports bans,harmful,aclu,Defeated,Legislative session ended,2024-03-28,SB438
2024,MO,H.B. 1519,Healthcare restrictions | Other healthcare barriers | Religious exemptions | Weakening Civil Rights Laws,harmful,aclu,Defeated,Legislative session ended,2024-05-17,HB1519
2024,MO,H.B. 2355,Forced outing in schools | Restricting student & educator rights | School facilities bans,harmful,aclu,Defeated,Legislative session ended,2024-05-17,HB2355
2024,MO,H.B. 2357,Forced outing in schools | Restricting student & educator rights | School facilities bans,harmful,aclu,Defeated,Legislative session ended,2024-05-17,HB2357
2024,HI,H.B.2708,Restricting student & educator rights | School sports bans,harmful,aclu,Defeated,Legislative session ended,2024-05-03,HB2708
2024,IL,H.B.4531,Re-definition of sex | Weakening Civil Rights Laws,harmful,aclu,Defeated,Legislative session ended,2024-05-29,HB4531
2024,TN,HB 30,Drag bans | Free speech & expression bans |,harmful,aclu,Defeated,Legislative session ended,2024-04-25,HB30
2024,SC,S.B.0975,Religious exemptions | Weakening Civil Rights Laws,harmful,aclu,Defeated,Legislative session ended,2024-05-09,S975
2024,NH,H.B.1011,Healthcare age restrictions | Healthcare restrictions |,harmful,aclu,Introduced,Inexpedient to Legislate: MA VV 02/01/2024 HJ 3,2024-02-01,HB1011
2024,UT,H.B.257,Other anti-LGBTQ bills | Public accommodation bans | Re-definition of sex | Restricting student & educator rights | School facilities bans | Weakening Civil Rights Laws,harmful,aclu,Passed into Law,Governor signed,2024-01-30,HB257
2024,AZ,S.B.1337,Other anti-LGBTQ bills,harmful,aclu,Defeated,Legislative session ended,2024-06-15,SB1337
2024,OH,HB 68,Healthcare age restrictions | Healthcare restrictions |,harmful,aclu,Passed into Law,House and Senate override of Governor veto,2024-01-24,HB68
2024,KY,H.B.452,Other anti-LGBTQ bills,harmful,aclu,Defeated,Legislative session ended,2024-04-15,HB452
2024,NM,H.B. 296,Forced outing in schools | Other school restrictions | Restricting student & educator rights,harmful,aclu,Defeated,Legislative session ended,2024-02-15,HB296
2024,KY,H.B.402,Drag bans | Free speech & expression bans |,harmful,aclu,Defeated,Legislative session ended,2024-04-15,HB402
2024,UT,H.B.261,Other anti-LGBTQ bills,harmful,aclu,Passed into Law,Governor signed,2024-01-30,HB261
2024,IA,S.F.2129,Religious exemptions | Weakening Civil Rights Laws,harmful,aclu,Defeated,Legislative session ended,2024-04-20,SF2129
2024,GA,H.B.1045,Curriculum censorship | Forced outing in schools | Restricting student & educator rights,harmful,aclu,Defeated,Legislative session ended,2024-03-28,HB1045
2024,IL,H.B.4302,Healthcare restrictions | Other healthcare barriers,harmful,aclu,Defeated,Legislative session ended,2024-05-29,HB4302
2024,WV,H.B.5041,Other anti-LGBTQ bills,harmful,aclu,Defeated,Legislative session ended,2024-03-09,HB5041
2024,IN,H.B.1266,Religious exemptions | Weakening Civil Rights Laws,harmful,aclu,Defeated,Legislative session ended,2024-03-08,HB1266
2024,MO,S.B. 1256,Forced outing in schools | Other school restrictions | Religious exemptions | Restricting student & educator rights | Weakening Civil Rights Laws,harmful,aclu,Defeated,Legislative session ended,2024-05-17,SB1256
2024,MO,S.B. 1234,Other anti-LGBTQ bills,harmful,aclu,Defeated,Legislative session ended,2024-05-17,SB1234
2024,MO,S.B. 974,Restricting student & educator rights | School facilities bans,harmful,aclu,Defeated,Legislative session ended,2024-05-17,SB974
2024,MO,S.B. 1187,Drag bans | Free speech & expression bans |,harmful,aclu,Defeated,Legislative session ended,2024-05-17,SB1187
2024,MO,S.B. 1185,Healthcare age restrictions | Healthcare restrictions |,harmful,aclu,Defeated,Legislative session ended,2024-05-17,SB1185
2024,MO,S.B. 1314,Other anti-LGBTQ bills,harmful,aclu,Defeated,Legislative session ended,2024-05-17,SB1314
2024,MO,S.B. 1246,Restricting student & educator rights | School sports bans,harmful,aclu,Defeated,Legislative session ended,2024-05-17,SB1246
2024,MO,S.B. 1274,Restricting student & educator rights | School facilities bans,harmful,aclu,Defeated,Legislative session ended,2024-05-17,SB1274
2024,MO,S.B. 1024,Curriculum censorship | Restricting student & educator rights,harmful,aclu,Defeated,Legislative session ended,2024-05-17,SB1024
2024,WV,H.B.4806,Restricting student & educator rights | School facilities bans,harmful,aclu,Defeated,Legislative session ended,2024-03-09,HB4806
2024,OK,S.B.1883,Religious exemptions | Weakening Civil Rights Laws,harmful,aclu,Defeated,Failed to meet Senate deadline,2024-02-29,SB1883
2024,OK,S.B.1880,Other school restrictions | Restricting student & educator rights,harmful,aclu,Defeated,Failed to meet Senate deadline,2024-02-29,SB1880
2024,OK,S.B.1731,Re-definition of sex | Weakening Civil Rights Laws,harmful,aclu,Defeated,Failed to meet Senate deadline,2024-02-29,SB1731
2024,MO,H.B. 1674,Other anti-LGBTQ bills,harmful,aclu,Defeated,Legislative session ended,2024-05-17,HB1674
2024,MO,H.B. 2308,Other anti-LGBTQ bills | Restricting student & educator rights | School facilities bans,harmful,aclu,Defeated,Legislative session ended,2024-05-17,HB2308
2024,IN,S.B.0193,Religious exemptions | Weakening Civil Rights Laws,harmful,aclu,Defeated,Legislative session ended,2024-03-08,SB193
2024,IA,S.S.B.3094,Other anti-LGBTQ bills,harmful,aclu,Defeated,Legislative session ended,2024-04-20,SSB3094
2024,IA,H.F.2082,Other civil rights restrictions | Weakening Civil Rights Laws,harmful,aclu,Defeated,Legislative session ended,2024-04-20,HF2082
2024,AZ,H.B.2657,Curriculum censorship | Forced outing in schools | Other anti-LGBTQ bills | Restricting student & educator rights,harmful,aclu,Defeated,Legislative session ended,2024-06-15,HB2657
2024,AZ,H.B.2655,Other school restrictions | Restricting student & educator rights,harmful,aclu,Defeated,Legislative session ended,2024-06-15,HB2655
2024,OK,S.B.1891,Barriers to accurate IDs |,harmful,aclu,Defeated,Failed to meet Senate deadline,2024-02-29,SB1891
2024,OK,S.B.1563,Curriculum censorship | Forced outing in schools | Other school restrictions | Restricting student & educator rights,harmful,aclu,Defeated,Failed to meet Senate deadline,2024-02-29,SB1563
2024,OK,S.B.1777,Healthcare funding restrictions | Healthcare restrictions |,harmful,aclu,Defeated,Failed to meet Senate deadline,2024-02-29,SB1777
2024,OK,S.B.1981,Curriculum censorship | Restricting student & educator rights,harmful,aclu,Defeated,Failed to meet Senate deadline,2024-02-29,SB1981
2024,OK,S.B.1730,Healthcare restrictions | Other healthcare barriers,harmful,aclu,Defeated,Failed to meet Senate deadline,2024-02-29,SB1730
2024,WV,H.B.4898,Religious exemptions | Weakening Civil Rights Laws,harmful,aclu,Defeated,Legislative session ended,2024-03-09,HB4898
2024,KY,H.B.390,Re-definition of sex | Weakening Civil Rights Laws,harmful,aclu,Defeated,Legislative session ended,2024-04-15,HB390
2024,WV,S.B.560,Religious exemptions | Weakening Civil Rights Laws,harmful,aclu,Defeated,Legislative session ended,2024-03-09,SB560
2024,WV,H.B.5184,Other anti-LGBTQ bills,harmful,aclu,Defeated,Legislative session ended,2024-03-09,HB5184
2024,WV,H.B.5187,Healthcare age restrictions | Healthcare restrictions |,harmful,aclu,Defeated,Legislative session ended,2024-03-09,HB5187
2024,KY,H.B.358,Barriers to accurate IDs |,harmful,aclu,Defeated,Legislative session ended,2024-04-15,HB358
2024,OK,S.B.1831,Re-definition of sex | Weakening Civil Rights Laws,harmful,aclu,Defeated,Failed to meet Senate deadline,2024-02-29,SB1831
2024,NM,H.B. 205,Other civil rights restrictions | Weakening Civil Rights Laws,harmful,aclu,Defeated,Legislative session ended,2024-02-15,HB205
2024,ID,H.419,Healthcare funding restrictions | Healthcare restrictions |,harmful,aclu,Defeated,Legislative session ended,2024-04-10,H419
2024,HI,H.B.1740,Restricting student & educator rights | School sports bans,harmful,aclu,Defeated,Legislative session ended,2024-05-03,HB1740
2024,MD,S.B.0381,Restricting student & educator rights | School sports bans,harmful,aclu,Defeated,Legislative session ended,2024-04-08,SB381
2024,MO,S.B. 728,Forced outing in schools | Other school restrictions | Restricting student & educator rights,harmful,aclu,Defeated,Legislative session ended,2024-05-17,SB728
2024,IA,S.F.2055,Public accommodation bans,harmful,aclu,Defeated,Legislative session ended,2024-04-20,SF2055
2024,AZ,H.B.2391,Re-definition of sex | Weakening Civil Rights Laws,harmful,aclu,Defeated,Legislative session ended,2024-06-15,HB2391
2024,IL,H.B.4122,Other civil rights restrictions | Weakening Civil Rights Laws,harmful,aclu,Defeated,Legislative session ended,2024-05-29,HB4122
2024,FL,H.B. 901,Free speech & expression bans | Other expression restrictions,harmful,aclu,Defeated,Died in committee,2024-03-08,H0901
2024,SC,H.B.4663,Other anti-LGBTQ bills,harmful,aclu,Defeated,Legislative session ended,2024-05-09,H4663
2024,WV,H.B.5036,Other anti-LGBTQ bills,harmful,aclu,Defeated,Legislative session ended,2024-03-09,HB5036
2024,KY,H.B.49,Religious exemptions | Weakening Civil Rights Laws,harmful,aclu,Defeated,Legislative session ended,2024-04-15,HB49
2024,FL,H.B. 1233,Barriers to accurate IDs | Other anti-LGBTQ bills | Re-definition of sex | Weakening Civil Rights Laws,harmful,aclu,Defeated,Died in committee,2024-03-08,H1233
2024,FL,H.B. 1663,Other anti-LGBTQ bills,harmful,aclu,Defeated,Died in subcommittee,2024-03-08,H1663
2024,OK,S.B.1303,Other anti-LGBTQ bills,harmful,aclu,Defeated,Failed to meet Senate deadline,2024-02-29,SB1303
2024,WV,H.B.4923,Healthcare age restrictions | Healthcare restrictions | Other healthcare barriers,harmful,aclu,Defeated,Legislative session ended,2024-03-09,HB4923
2024,WV,H.B.4922,Healthcare age restrictions | Healthcare restrictions |,harmful,aclu,Defeated,Legislative session ended,2024-03-09,HB4922
2024,WV,H.B.4857,Healthcare age restrictions | Healthcare funding restrictions | Healthcare restrictions |,harmful,aclu,Defeated,Legislative session ended,2024-03-09,HB4857
2024,WV,H.B.4884,Religious exemptions | Weakening Civil Rights Laws,harmful,aclu,Defeated,Legislative session ended,2024-03-09,HB4884
2024,KS,S.B.353,Healthcare age restrictions | Healthcare restrictions |,harmful,aclu,Defeated,Legislative session ended,2024-04-30,SB353
2024,SC,S.B.0743,Curriculum censorship | Forced outing in schools | Other school restrictions | Restricting student & educator rights,harmful,aclu,Defeated,Legislative session ended,2024-05-09,S743
2024,NJ,A.670,Curriculum censorship | Restricting student & educator rights,harmful,aclu,Introduced,,2024-01-10,A670
2024,KY,S.B.93,Other school restrictions | Restricting student & educator rights,harmful,aclu,Defeated,Legislative session ended,2024-04-15,SB93
2024,WA,S.B. 6026,Forced outing in schools | Religious exemptions | Restricting student & educator rights | Weakening Civil Rights Laws,harmful,aclu,Defeated,Legislative session ended,2024-03-07,SB6026
2024,IN,S.B.0028,Other anti-LGBTQ bills,harmful,aclu,Defeated,Legislative session ended,2024-03-08,SB28
2024,RI,S.B.2081,Religious exemptions | Weakening Civil Rights Laws,harmful,aclu,Defeated,Legislative session ended,2024-06-14,S2081
2024,IL,H.B.4096,Healthcare age restrictions | Healthcare restrictions | Other healthcare barriers,harmful,aclu,Defeated,Legislative session ended,2024-05-29,HB4096
2024,WA,HB 1233,Other anti-LGBTQ bills,harmful,aclu,Defeated,Legislative session ended,2024-03-07,HB1233
2024,WA,SB 5653,Curriculum censorship | Forced outing in schools | Restricting student & educator rights,harmful,aclu,Defeated,Legislative session ended,2024-03-07,SB5653
2024,PR,PS 1345,Religious exemptions | Weakening Civil Rights Laws,harmful,aclu,Introduced,Carried over,2024-01-08,PS1345
2024,PR,PC 1887,Religious exemptions | Weakening Civil Rights Laws,harmful,aclu,Defeated,Legislative session ended,2024-11-19,PC1887
2024,FL,H.B. 599,Other anti-LGBTQ bills | Religious exemptions | Weakening Civil Rights Laws,harmful,aclu,Defeated,Died in subcommittee,2024-03-08,H0599
2024,FL,S.B. 1722,Other anti-LGBTQ bills,harmful,aclu,Defeated,Died in committee,2024-03-08,S1722
2024,FL,S.B. 1382,Other anti-LGBTQ bills | Religious exemptions | Weakening Civil Rights Laws,harmful,aclu,Defeated,Died in committee,2024-03-08,S1382
2024,IN,H.B.1406,Other anti-LGBTQ bills,harmful,aclu,Defeated,Legislative session ended,2024-03-08,HB1406
2024,IN,H.B.1291,Barriers to accurate IDs | Re-definition of sex | Weakening Civil Rights Laws,harmful,aclu,Defeated,Legislative session ended,2024-03-08,HB1291
2024,MO,S.B. 868,Forced outing in schools | Other school restrictions | Religious exemptions | Restricting student & educator rights | Weakening Civil Rights Laws,harmful,aclu,Defeated,Legislative session ended,2024-05-17,SB868
2024,MO,S.B. 726,Healthcare age restrictions | Healthcare restrictions |,harmful,aclu,Defeated,Legislative session ended,2024-05-17,SB726
2024,MO,S.B. 776,Healthcare age restrictions | Healthcare restrictions |,harmful,aclu,Defeated,Legislative session ended,2024-05-17,SB776
2024,MO,S.B. 770,Curriculum censorship | Restricting student & educator rights | School sports bans,harmful,aclu,Defeated,Legislative session ended,2024-05-17,SB770
2024,NJ,S.1331,Restricting student & educator rights | School sports bans,harmful,aclu,Introduced,Pre-filed and referred to committee,2024-01-09,S1331
2024,WV,H.B.4387,Other anti-LGBTQ bills,harmful,aclu,Defeated,Legislative session ended,2024-03-09,HB4387
2024,WV,H.B.4579,Other school restrictions | Restricting student & educator rights,harmful,aclu,Defeated,Legislative session ended,2024-03-09,HB4579
2024,WV,S.B.194,Healthcare age restrictions | Healthcare funding restrictions | Healthcare restrictions |,harmful,aclu,Defeated,Legislative session ended,2024-03-09,SB194
2024,WV,H.B.4357,Healthcare age restrictions | Healthcare restrictions |,harmful,aclu,Defeated,Legislative session ended,2024-03-09,HB4357
2024,WV,H.B.4421,Drag bans | Free speech & expression bans |,harmful,aclu,Defeated,Legislative session ended,2024-03-09,HB4421
2024,WV,S.B.224,Drag bans | Free speech & expression bans |,harmful,aclu,Defeated,Legislative session ended,2024-03-09,SB224
2024,WA,H.B. 2241,Healthcare age restrictions | Healthcare restrictions |,harmful,aclu,Defeated,Legislative session ended,2024-03-07,HB2241
2024,VT,H 183,Religious exemptions | Weakening Civil Rights Laws,harmful,aclu,Defeated,Legislative session ended,2024-05-10,H183
2024,VT,H 513,Restricting student & educator rights | School sports bans,harmful,aclu,Defeated,Legislative session ended,2024-05-10,H513
2024,TN,HB 1411,Other school restrictions | Restricting student & educator rights,harmful,aclu,Defeated,Legislative session ended,2024-04-25,HB1411
2024,TN,SB 5,Healthcare age restrictions | Healthcare restrictions |,harmful,aclu,Defeated,Legislative session ended,2024-04-25,SB5
2024,TN,HB 571,Other anti-LGBTQ bills,harmful,aclu,Defeated,Legislative session ended,2024-04-25,HB571
2024,TN,HB 1447,Healthcare age restrictions | Healthcare restrictions |,harmful,aclu,Defeated,Legislative session ended,2024-04-25,HB1447
2024,TN,HB 1414,Curriculum censorship | Forced outing in schools | Other school restrictions | Restricting student & educator rights,harmful,aclu,Defeated,Legislative session ended,2024-04-25,HB1414
2024,TN,HB 1378,Healthcare age restrictions | Healthcare restrictions |,harmful,aclu,Defeated,Legislative session ended,2024-04-25,HB1378
2024,TN,SB 1469,Healthcare age restrictions | Healthcare restrictions |,harmful,aclu,Defeated,Legislative session ended,2024-04-25,SB1469
2024,TN,SB 841,Drag bans | Free speech & expression bans |,harmful,aclu,Defeated,Legislative session ended,2024-04-25,SB841
2024,TN,SB 603,Other anti-LGBTQ bills,harmful,aclu,Defeated,Legislative session ended,2024-04-25,SB603
2024,TN,SB 1117,Other school restrictions | Restricting student & educator rights,harmful,aclu,Defeated,Legislative session ended,2024-04-25,SB1117
2024,SC,HB 3485,Forced outing in schools | Other school restrictions | Restricting student & educator rights,harmful,aclu,Defeated,Legislative session ended,2024-05-09,H3485
2024,SC,SB 364,Barriers to accurate IDs |,harmful,aclu,Defeated,Legislative session ended,2024-05-09,S364
2024,SC,HB 3551,Forced outing in schools | Healthcare age restrictions | Healthcare restrictions | Restricting student & educator rights,harmful,aclu,Defeated,Legislative session ended,2024-05-09,H3551
2024,SC,SB 274,Forced outing in schools | Healthcare age restrictions | Healthcare funding restrictions | Healthcare restrictions | Other school restrictions | Restricting student & educator rights,harmful,aclu,Defeated,Legislative session ended,2024-05-09,S274
2024,SC,SB 243,Healthcare age restrictions | Healthcare restrictions |,harmful,aclu,Defeated,Legislative session ended,2024-05-09,S243
2024,SC,HB 3466,Other school restrictions | Restricting student & educator rights,harmful,aclu,Defeated,Legislative session ended,2024-05-09,H3466
2024,SC,HB 3304,Other school restrictions | Restricting student & educator rights,harmful,aclu,Defeated,Legislative session ended,2024-05-09,H3304
2024,SC,S.J.R.0276,Re-definition of sex | Weakening Civil Rights Laws,harmful,aclu,Defeated,Legislative session ended,2024-05-09,SJR276
2024,SC,HB 3616,Drag bans | Free speech & expression bans |,harmful,aclu,Defeated,Legislative session ended,2024-05-09,H3616
2024,SC,HB 3611,Religious exemptions | Weakening Civil Rights Laws,harmful,aclu,Defeated,Legislative session ended,2024-05-09,H3611
2024,SC,SB 424,Curriculum censorship | Other anti-LGBTQ bills | Other school restrictions | Restricting student & educator rights,harmful,aclu,Defeated,Legislative session ended,2024-05-09,S424
2024,SC,H.B.4535,Public accommodation bans | Restricting student & educator rights | School facilities bans,harmful,aclu,Defeated,Legislative session ended,2024-05-09,H4535
2024,SC,HB 3197,Forced outing in schools | Other school restrictions | Restricting student & educator rights,harmful,aclu,Defeated,Legislative session ended,2024-05-09,H3197
2024,SC,SB 234,Forced outing in schools | Restricting student & educator rights,harmful,aclu,Defeated,Legislative session ended,2024-05-09,S234
2024,SC,HB 3801,Religious exemptions | Weakening Civil Rights Laws,harmful,aclu,Defeated,Legislative session ended,2024-05-09,H3801
2024,SC,HB 3827,Curriculum censorship | Forced outing in schools | Other school restrictions | Restricting student & educator rights,harmful,aclu,Defeated,Legislative session ended,2024-05-09,H3827
2024,SC,SB 585,Drag bans | Free speech & expression bans |,harmful,aclu,Defeated,Legislative session ended,2024-05-09,S585
2024,SC,SB 623,Barriers to accurate IDs |,harmful,aclu,Defeated,Legislative session ended,2024-05-09,S623
2024,SC,S.J.R.0624,Re-definition of sex | Weakening Civil Rights Laws,harmful,aclu,Defeated,Legislative session ended,2024-05-09,SJR624
2024,SC,H.B.4619,Healthcare age restrictions | Healthcare funding restrictions | Healthcare restrictions | Other healthcare barriers,harmful,aclu,Defeated,Legislative session ended,2024-05-09,H4619
2024,SC,H.B.4707,Curriculum censorship | Other school restrictions | Restricting student & educator rights,harmful,aclu,Defeated,Legislative session ended,2024-05-09,H4707
2024,SC,H.B.4538,Restricting student & educator rights | School facilities bans,harmful,aclu,Defeated,Legislative session ended,2024-05-09,H4538
2024,OH,HB 6,Restricting student & educator rights | School sports bans,harmful,aclu,Defeated,Legislative session ended,2024-12-19,HB6
2024,OH,HB 151,Other anti-LGBTQ bills,harmful,aclu,Defeated,Legislative session ended,2024-12-19,HB151
2024,OH,SB 83,Other anti-LGBTQ bills,harmful,aclu,Defeated,Legislative session ended,2024-12-19,SB83
2024,NE,LB 371,Drag bans | Free speech & expression bans |,harmful,aclu,Defeated,Legislative session ended,2024-04-18,LB371
2024,NE,LB 810,Religious exemptions | Weakening Civil Rights Laws,harmful,aclu,Defeated,Legislative session ended,2024-04-18,LB810
2024,MI,H.J.R.E.,Other anti-LGBTQ bills,harmful,aclu,Introduced,Carried over,2024-01-10,HJRE
2024,MI,HB 4539,Healthcare age restrictions | Healthcare restrictions |,harmful,aclu,Introduced,Carried over,2024-01-10,HB4539
2024,MI,HB 4075,Religious exemptions | Weakening Civil Rights Laws,harmful,aclu,Introduced,Carried over,2024-01-10,HB4075
2024,MI,HB 4195,Restricting student & educator rights | School facilities bans,harmful,aclu,Introduced,Carried over,2024-01-10,HB4195
2024,MI,HB 4257,Healthcare age restrictions | Healthcare restrictions |,harmful,aclu,Introduced,Carried over,2024-01-10,HB4257
2024,MI,HB 4345,Religious exemptions | Weakening Civil Rights Laws,harmful,aclu,Introduced,Carried over,2024-01-10,HB4345
2024,MI,HB 4540,Healthcare age restrictions | Healthcare restrictions |,harmful,aclu,Introduced,Carried over,2024-01-10,HB4540
2024,MI,HB 4546,Restricting student & educator rights | School sports bans,harmful,aclu,Introduced,Carried over,2024-01-10,HB4546
2024,KS,SB 255,Restricting student & educator rights | School facilities bans,harmful,aclu,Defeated,Legislative session ended,2024-04-30,SB255
2024,KS,HB 2263,Healthcare age restrictions | Healthcare restrictions |,harmful,aclu,Defeated,Legislative session ended,2024-04-30,HB2263
2024,KS,SB 149,Drag bans | Free speech & expression bans |,harmful,aclu,Defeated,Legislative session ended,2024-04-30,SB149
2024,KS,SB 201,Drag bans | Free speech & expression bans |,harmful,aclu,Defeated,Legislative session ended,2024-04-30,SB201
2024,KS,SB 207,Other school restrictions | Religious exemptions | Restricting student & educator rights | Weakening Civil Rights Laws,harmful,aclu,Defeated,Legislative session ended,2024-04-30,SB207
2024,KS,HB 2404,Other anti-LGBTQ bills,harmful,aclu,Defeated,Legislative session ended,2024-04-30,HB2404
2024,KS,SB 12,Healthcare age restrictions | Healthcare restrictions |,harmful,aclu,Defeated,Legislative session ended,2024-04-30,SB12
2024,KS,SB 224,Other anti-LGBTQ bills,harmful,aclu,Defeated,Legislative session ended,2024-04-20,SB224
2024,IA,SF 110,Healthcare funding restrictions | Healthcare restrictions | Other healthcare barriers,harmful,aclu,Defeated,Legislative session ended,2024-04-20,SF110
2024,IA,SF 83,Curriculum censorship | Restricting student & educator rights,harmful,aclu,Defeated,Legislative session ended,2024-04-20,SF83
2024,IA,SF 129,Forced outing in schools | Healthcare age restrictions | Healthcare restrictions | Other anti-LGBTQ bills | Restricting student & educator rights,harmful,aclu,Defeated,Legislative session ended,2024-04-20,SF129
2024,IA,SF 159,Forced outing in schools | Restricting student & educator rights,harmful,aclu,Defeated,Legislative session ended,2024-04-20,SF159
2024,IA,HF 229,Religious exemptions | Weakening Civil Rights Laws,harmful,aclu,Defeated,Legislative session ended,2024-04-20,HF229
2024,IA,HF 325,Other civil rights restrictions | Public accommodation bans | Weakening Civil Rights Laws,harmful,aclu,Defeated,Legislative session ended,2024-04-20,HF325
2024,IA,SF 348,Drag bans | Free speech & expression bans |,harmful,aclu,Defeated,Legislative session ended,2024-04-20,SF348
2024,IA,SF 212,Religious exemptions | Weakening Civil Rights Laws,harmful,aclu,Defeated,Legislative session ended,2024-04-20,SF212
2024,IA,HF 508,Other anti-LGBTQ bills | Religious exemptions | Weakening Civil Rights Laws,harmful,aclu,Defeated,Legislative session ended,2024-04-20,HF508
2024,IA,HF 482,Restricting student & educator rights | School facilities bans,harmful,aclu,Defeated,Legislative session ended,2024-04-20,HF482
2024,IA,HF 9,Forced outing in schools | Restricting student & educator rights,harmful,aclu,Defeated,Legislative session ended,2024-04-20,HF9
2024,IA,HF 190,Other civil rights restrictions | Weakening Civil Rights Laws,harmful,aclu,Defeated,Legislative session ended,2024-04-20,HF190
2024,IA,HSB 222,Curriculum censorship | Forced outing in schools | Other school restrictions | Restricting student & educator rights,harmful,aclu,Defeated,Legislative session ended,2024-04-20,HSB222
2024,IA,HF 8,Curriculum censorship | Restricting student & educator rights,harmful,aclu,Defeated,Legislative session ended,2024-04-20,HF8
2024,IA,HF 348,Curriculum censorship | Restricting student & educator rights,harmful,aclu,Defeated,Legislative session ended,2024-04-20,HF348
2024,IA,HF 616,Other anti-LGBTQ bills,harmful,aclu,Defeated,Legislative session ended,2024-04-20,HF616
2024,IA,HF 180,Forced outing in schools | Other school restrictions | Restricting student & educator rights,harmful,aclu,Defeated,Legislative session ended,2024-04-20,HF180
2024,IA,SF 297,Religious exemptions | Weakening Civil Rights Laws,harmful,aclu,Defeated,Legislative session ended,2024-04-20,SF297
2024,GA,SB 141,Forced outing in schools | Healthcare age restrictions | Healthcare restrictions | Restricting student & educator rights,harmful,aclu,Defeated,Legislative session ended,2024-03-28,SB141
2024,GA,HB 653,Forced outing in schools | Healthcare age restrictions | Healthcare restrictions | Restricting student & educator rights,harmful,aclu,Defeated,Legislative session ended,2024-03-28,HB653
2024,AK,HB 27,Restricting student & educator rights | School sports bans,harmful,aclu,Defeated,Legislative session ended,2024-05-15,HB27
2024,AK,SB 96,Curriculum censorship | Other school restrictions | Restricting student & educator rights | School facilities bans,harmful,aclu,Defeated,Legislative session ended,2024-05-15,SB96
2024,IL,H.B.4355,Healthcare restrictions | Other healthcare barriers,harmful,aclu,Defeated,Legislative session ended,2024-05-29,HB4355
2024,HI,HB 508,Restricting student & educator rights | School sports bans,harmful,aclu,Defeated,Legislative session ended,2024-05-03,HB508
2024,HI,HB 509,Curriculum censorship | Restricting student & educator rights,harmful,aclu,Defeated,Legislative session ended,2024-05-03,HB509
2024,HI,SB 1429,Restricting student & educator rights | School sports bans,harmful,aclu,Defeated,Legislative session ended,2024-05-03,SB1429
2024,HI,SB 1428,Curriculum censorship | Forced outing in schools | Restricting student & educator rights,harmful,aclu,Defeated,Legislative session ended,2024-05-03,SB1428
2024,HI,HB 891,Healthcare age restrictions | Healthcare restrictions |,harmful,aclu,Defeated,Legislative session ended,2024-05-03,HB891
2024,MN,SF 934,Restricting student & educator rights | School facilities bans | School sports bans,harmful,aclu,Defeated,Legislative session ended,2024-05-20,SF934
2024,MN,HF 3022,Curriculum censorship | Forced outing in schools | Restricting student & educator rights,harmful,aclu,Defeated,Legislative session ended,2024-05-20,HF3022
2024,MN,SF 3272,Healthcare age restrictions | Healthcare restrictions |,harmful,aclu,Defeated,Legislative session ended,2024-05-20,SF3272
2024,MN,HF 551,Restricting student & educator rights | School sports bans,harmful,aclu,Defeated,Legislative session ended,2024-05-20,HF551
2024,MN,SF 724,Restricting student & educator rights | School sports bans,harmful,aclu,Defeated,Legislative session ended,2024-05-20,SF724
2024,MN,HF 1086,Restricting student & educator rights | School sports bans,harmful,aclu,Defeated,Legislative session ended,2024-05-20,HF1086
2024,MN,SF 933,Drag bans | Free speech & expression bans |,harmful,aclu,Defeated,Legislative session ended,2024-05-20,SF933
2024,MN,HF 1903,Drag bans | Free speech & expression bans |,harmful,aclu,Defeated,Legislative session ended,2024-05-20,HF1903
2024,MN,HF 3264,Healthcare age restrictions | Healthcare restrictions |,harmful,aclu,Defeated,Legislative session ended,2024-05-20,HF3264
2024,MN,SF 3280,Healthcare age restrictions | Healthcare restrictions |,harmful,aclu,Defeated,Legislative session ended,2024-05-20,SF3280
2024,NC,H 43,Healthcare age restrictions | Healthcare restrictions |,harmful,aclu,Defeated,Legislative session ended,2024-12-13,H43
2024,NC,S 560,Healthcare age restrictions | Healthcare restrictions |,harmful,aclu,Defeated,Legislative session ended,2024-12-13,S560
2024,NC,S 641,Religious exemptions | Weakening Civil Rights Laws,harmful,aclu,Defeated,Legislative session ended,2024-12-13,S641
2024,NC,H 786,Forced outing in schools | Healthcare age restrictions | Healthcare funding restrictions | Healthcare restrictions | Restricting student & educator rights,harmful,aclu,Defeated,Legislative session ended,2024-12-13,H786
2024,NC,H 819,Religious exemptions | Weakening Civil Rights Laws,harmful,aclu,Defeated,Legislative session ended,2024-12-13,H819
2024,NC,S 636,Restricting student & educator rights | School sports bans,harmful,aclu,Defeated,Legislative session ended,2024-12-13,S636
2025,WV,H.B.2795,Healthcare restrictions | Other anti-LGBTQ bills | Other healthcare barriers | Other school restrictions | Public accommodation bans | Restricting student & educator rights,harmful,aclu,Advancing,"Legislative session adjourned, carries over to 2026",2025-04-12,HB2795
2025,TN,H.B.1271,Re-definition of sex | Weakening Civil Rights Laws,harmful,aclu,Advancing,"Legislative session adjourned, carries over to 2026",2025-04-22,HB1271
2025,NH,S.B.268,Healthcare age restrictions | Healthcare restrictions | Other civil rights restrictions | Weakening Civil Rights Laws,harmful,aclu,Advancing,Reported favorably by Majority Committee; retained for 2026 session,2025-11-12,SB268
2025,IA,H.F.922,Other anti-LGBTQ bills,harmful,aclu,Advancing,"Legislative session adjourned, carries over to 2026",2025-05-14,HF922
2025,HI,H.B.257,Barriers to accurate IDs |,harmful,aclu,Advancing,"Legislative session adjourned, carries over to 2026",2025-05-02,HB257
2025,HI,H.B.268,Restricting student & educator rights | School sports bans,harmful,aclu,Advancing,"Legislative session adjourned, carries over to 2026",2025-05-02,HB268
2025,HI,H.B.207,Restricting student & educator rights | School sports bans,harmful,aclu,Advancing,Referred to committee,2025-01-21,HB207
2025,WI,S.B.40,Free speech & expression bans | Other expression restrictions | Other school restrictions | Restricting student & educator rights,harmful,aclu,Advancing,First read and referred to committee,2025-02-12,SB40
2025,WI,A.B.100,Restricting student & educator rights | School facilities bans | School sports bans,harmful,aclu,Advancing,House passed; Senate first read and referred to committee,2025-03-21,AB100
2025,WI,A.B.102,Restricting student & educator rights | School facilities bans | School sports bans,harmful,aclu,Advancing,House passed; Senate first read and referred to committee,2025-03-21,AB102
2025,WI,A.B.104,Healthcare age restrictions | Healthcare restrictions |,harmful,aclu,Advancing,House passed; Senate first read and referred to committee,2025-03-27,AB104
2025,WI,S.B.157,Healthcare age restrictions | Healthcare restrictions |,harmful,aclu,Advancing,First read and referred to committee,2025-03-27,SB157
2025,WI,A.B.58,Free speech & expression bans | Other expression restrictions | Other school restrictions | Restricting student & educator rights,harmful,aclu,Advancing,Passed House; Senate first read and referred to committee,2025-09-12,AB58
2025,WI,S.B.312,Barriers to accurate IDs |,harmful,aclu,Advancing,Senate amendment offered,2025-09-22,SB312
2025,WI,S.B.405,Healthcare restrictions | Other healthcare barriers,harmful,aclu,Advancing,Reported favorably by committee as amended; available for scheduling,2025-12-12,SB405
2025,WI,A.B.103,Other school restrictions | Restricting student & educator rights,harmful,aclu,Advancing,House passed; Senate first read and referred to committee,2025-03-21,AB103
2025,WI,A.B.124,Barriers to accurate IDs |,harmful,aclu,Advancing,Reported favorably by committee as amended and re-referred to committee,2025-05-29,AB124
2025,WI,S.B.117,Restricting student & educator rights | School facilities bans | School sports bans,harmful,aclu,Advancing,First read and referred to committee,2025-03-07,SB117
2025,WI,A.B.311,Barriers to accurate IDs |,harmful,aclu,Advancing,Assembly amendment offered,2025-09-22,AB311
2025,WI,A.B.400,Healthcare restrictions | Other healthcare barriers,harmful,aclu,Advancing,First read and referred to committee,2025-08-29,AB400
2025,WI,S.B.116,Restricting student & educator rights | School facilities bans | School sports bans,harmful,aclu,Advancing,First read and referred to committee,2025-03-07,SB116
2025,WI,S.B.146,Barriers to accurate IDs |,harmful,aclu,Advancing,Senate passed; House first read and referred to committee,2025-05-27,SB146
2025,WI,S.B.120,Other school restrictions | Restricting student & educator rights,harmful,aclu,Advancing,Amendment offered,2025-03-12,SB120
2025,WV,S.B.278,Drag bans | Free speech & expression bans |,harmful,aclu,Advancing,"Legislative session adjourned, carries over to 2026",2025-04-12,SB278
2025,WV,S.B.207,Drag bans | Free speech & expression bans |,harmful,aclu,Advancing,"Legislative session adjourned, carries over to 2026",2025-04-12,SB207
2025,WV,H.B.2127,Public accommodation bans | Re-definition of sex | Restricting student & educator rights | School facilities bans | Weakening Civil Rights Laws,harmful,aclu,Advancing,"Legislative session adjourned, carries over to 2026",2025-04-12,HB2127
2025,WV,H.B.2153,Religious exemptions | Weakening Civil Rights Laws,harmful,aclu,Advancing,"Legislative session adjourned, carries over to 2026",2025-04-12,HB2153
2025,WV,S.B.244,Public accommodation bans | Re-definition of sex | Restricting student & educator rights | School facilities bans | Weakening Civil Rights Laws,harmful,aclu,Advancing,"Legislative session adjourned, carries over to 2026",2025-04-12,SB244
2025,WV,H.B.2071,Forced outing in schools | Restricting student & educator rights,harmful,aclu,Advancing,"Legislative session adjourned, carries over to 2026",2025-04-12,HB2071
2025,WV,S.B.279,Healthcare age restrictions | Healthcare restrictions |,harmful,aclu,Advancing,"Legislative session adjourned, carries over to 2026",2025-04-12,SB279
2025,WV,S.B.276,Drag bans | Free speech & expression bans |,harmful,aclu,Advancing,"Legislative session adjourned, carries over to 2026",2025-04-12,SB276
2025,WV,S.B.431,Drag bans | Free speech & expression bans |,harmful,aclu,Advancing,"Legislative session adjourned, carries over to 2026",2025-04-12,SB431
2025,WV,S.B.424,Other anti-LGBTQ bills | Other school restrictions | Restricting student & educator rights,harmful,aclu,Advancing,"Legislative session adjourned, carries over to 2026",2025-04-12,SB424
2025,WV,H.B.2375,Healthcare restrictions | Other healthcare barriers,harmful,aclu,Advancing,"Legislative session adjourned, carries over to 2026",2025-04-12,HB2375
2025,WV,H.B.2072,Healthcare restrictions | Other healthcare barriers | Religious exemptions | Weakening Civil Rights Laws,harmful,aclu,Advancing,"Legislative session adjourned, carries over to 2026",2025-04-12,HB2072
2025,WV,S.B.507,Drag bans | Free speech & expression bans |,harmful,aclu,Advancing,"Legislative session adjourned, carries over to 2026",2025-04-12,SB507
2025,WV,H.B.2403,Healthcare age restrictions | Healthcare restrictions |,harmful,aclu,Advancing,"Legislative session adjourned, carries over to 2026",2025-04-12,HB2403
2025,WV,H.B.2466,Healthcare age restrictions | Healthcare restrictions |,harmful,aclu,Advancing,"Legislative session adjourned, carries over to 2026",2025-04-12,HB2466
2025,WV,H.B.2574,Other anti-LGBTQ bills,harmful,aclu,Advancing,"Legislative session adjourned, carries over to 2026",2025-04-12,HB2574
2025,WV,H.B.2005,Other school restrictions | Restricting student & educator rights,harmful,aclu,Advancing,"Legislative session adjourned, carries over to 2026",2025-04-12,HB2005
2025,WV,H.B.2526,Restricting student & educator rights | School facilities bans,harmful,aclu,Advancing,"Legislative session adjourned, carries over to 2026",2025-04-12,HB2526
2025,WV,H.B.2033,Religious exemptions | Weakening Civil Rights Laws,harmful,aclu,Advancing,"Legislative session adjourned, carries over to 2026",2025-04-12,HB2033
2025,WV,H.B.2962,Barriers to accurate IDs |,harmful,aclu,Advancing,"Legislative session adjourned, carries over to 2026",2025-04-12,HB2962
2025,WV,H.B.2006,Other anti-LGBTQ bills | Re-definition of sex | Restricting student & educator rights | School facilities bans | Weakening Civil Rights Laws,harmful,aclu,Advancing,"Legislative session adjourned, carries over to 2026",2025-04-12,HB2006
2025,WV,H.B.3319,Other anti-LGBTQ bills | Other school restrictions | Restricting student & educator rights,harmful,aclu,Advancing,"Legislative session adjourned, carries over to 2026",2025-04-12,HB3319
2025,WV,S.B.841,Curriculum censorship | Healthcare funding restrictions | Healthcare restrictions | Other anti-LGBTQ bills | Restricting student & educator rights,harmful,aclu,Advancing,"Legislative session adjourned, carries over to 2026",2025-04-12,SB841
2025,WV,S.B.663,Other anti-LGBTQ bills,harmful,aclu,Advancing,"Legislative session adjourned, carries over to 2026",2025-04-12,SB663
2025,WA,S.B. 5136,Other school restrictions | Religious exemptions | Restricting student & educator rights | Weakening Civil Rights Laws,harmful,aclu,Advancing,"Legislative session adjourned, carries over to 2026",2025-04-27,SB5136
2025,WA,H.B. 1038,Healthcare age restrictions | Healthcare restrictions |,harmful,aclu,Advancing,"Legislative session adjourned, carries over to 2026",2025-04-27,HB1038
2025,WA,H.B. 1027,Other anti-LGBTQ bills,harmful,aclu,Advancing,"Legislative session adjourned, carries over to 2026",2025-04-27,HB1027
2025,WA,H.B. 1699,Restricting student & educator rights | School sports bans,harmful,aclu,Advancing,"Legislative session adjourned, carries over to 2026",2025-04-27,HB1699
2025,TN,H.B.0315,Other anti-LGBTQ bills,harmful,aclu,Advancing,"Legislative session adjourned, carries over to 2026",2025-04-22,HB315
2025,TN,S.B.0737,Other anti-LGBTQ bills,harmful,aclu,Advancing,"Legislative session adjourned, carries over to 2026",2025-04-22,SB737
2025,TN,S.B.1126,Other school restrictions | Restricting student & educator rights,harmful,aclu,Advancing,"Legislative session adjourned, carries over to 2026",2025-04-22,SB1126
2025,TN,H.B.1262,Other school restrictions | Restricting student & educator rights,harmful,aclu,Advancing,"Legislative session adjourned, carries over to 2026",2025-04-22,HB1262
2025,TN,H.B.0754,Healthcare restrictions | Other healthcare barriers,harmful,aclu,Advancing,"Legislative session adjourned, carries over to 2026",2025-04-22,HB754
2025,TN,S.B.0936,Re-definition of sex | Weakening Civil Rights Laws,harmful,aclu,Advancing,"Legislative session adjourned, carries over to 2026",2025-04-22,SB936
2025,TN,H.B.1044,Healthcare restrictions | Other healthcare barriers | Religious exemptions | Weakening Civil Rights Laws,harmful,aclu,Advancing,Companion bill S.B.0955 became law,2025-04-29,HB1044
2025,TN,S.B.1252,Other school restrictions | Restricting student & educator rights,harmful,aclu,Advancing,"Legislative session adjourned, carries over to 2026",2025-04-22,SB1252
2025,TN,H.B.0571,Other anti-LGBTQ bills | Other civil rights restrictions | Re-definition of sex | Restricting student & educator rights | School facilities bans | Weakening Civil Rights Laws,harmful,aclu,Advancing,"Legislative session adjourned, carries over to 2026",2025-04-22,HB571
2025,TN,S.B.0676,Healthcare restrictions | Other healthcare barriers,harmful,aclu,Advancing,"Legislative session adjourned, carries over to 2026",2025-04-22,SB676
2025,TN,S.B.0468,Other anti-LGBTQ bills | Other civil rights restrictions | Re-definition of sex | Restricting student & educator rights | School facilities bans | Weakening Civil Rights Laws,harmful,aclu,Advancing,"Legislative session adjourned, carries over to 2026",2025-04-22,SB468
2025,SC,H.B.3433,Other anti-LGBTQ bills,harmful,aclu,Advancing,"Legislative session adjourned, carries over to 2026",2025-05-28,H3433
2025,SC,S.B.0162,Barriers to accurate IDs |,harmful,aclu,Advancing,"Legislative session adjourned, carries over to 2026",2025-05-28,S162
2025,SC,H.B.3095,Barriers to accurate IDs |,harmful,aclu,Advancing,"Legislative session adjourned, carries over to 2026",2025-05-28,H3095
2025,SC,H.B.3263,Restricting student & educator rights | School facilities bans,harmful,aclu,Advancing,"Legislative session adjourned, carries over to 2026",2025-05-28,H3263
2025,SC,S.B.0199,Restricting student & educator rights | School facilities bans,harmful,aclu,Advancing,"Legislative session adjourned, carries over to 2026",2025-05-28,S199
2025,SC,H.B.3506,Re-definition of sex | Weakening Civil Rights Laws,harmful,aclu,Advancing,"Legislative session adjourned, carries over to 2026",2025-05-28,H3506
2025,SC,H.B.3121,Religious exemptions | Weakening Civil Rights Laws,harmful,aclu,Advancing,"Legislative session adjourned, carries over to 2026",2025-05-28,H3121
2025,SC,H.B.3118,Curriculum censorship | Forced outing in schools | Other anti-LGBTQ bills | Restricting student & educator rights,harmful,aclu,Advancing,"Legislative session adjourned, carries over to 2026",2025-05-28,H3118
2025,SC,H.B.3011,Forced outing in schools | Other anti-LGBTQ bills | Restricting student & educator rights,harmful,aclu,Advancing,"Legislative session adjourned, carries over to 2026",2025-06-28,H3011
2025,SC,H.B.3094,Healthcare restrictions | Other anti-LGBTQ bills | Other healthcare barriers,harmful,aclu,Advancing,"Legislative session adjourned, carries over to 2026",2025-05-28,H3094
2025,SC,S.B.0243,Curriculum censorship | Forced outing in schools | Restricting student & educator rights,harmful,aclu,Advancing,"Legislative session adjourned, carries over to 2026",2025-05-28,S243
2025,SC,S.B.0240,Healthcare restrictions | Other anti-LGBTQ bills | Other healthcare barriers,harmful,aclu,Advancing,"Legislative session adjourned, carries over to 2026",2025-05-28,S240
2025,SC,S.B.0322,Other school restrictions | Restricting student & educator rights,harmful,aclu,Advancing,"Legislative session adjourned, carries over to 2026",2025-05-28,S322
2025,SC,S.B.0368,Other anti-LGBTQ bills | Other school restrictions | Restricting student & educator rights,harmful,aclu,Advancing,"Legislative session adjourned, carries over to 2026",2025-05-28,S368
2025,SC,S.B.0540,Healthcare restrictions | Other anti-LGBTQ bills | Other healthcare barriers | Religious exemptions | Weakening Civil Rights Laws,harmful,aclu,Advancing,"Legislative session adjourned, carries over to 2026",2025-05-28,S540
2025,SC,H.B.4302,Other anti-LGBTQ bills,harmful,aclu,Advancing,"Legislative session adjourned, carries over to 2026",2025-05-28,H4302
2025,SC,H.B.3927,Other anti-LGBTQ bills | Other school restrictions | Restricting student & educator rights,harmful,aclu,Advancing,"Legislative session adjourned, carries over to 2026",2025-05-28,H3927
2025,SC,S.B.0054,Healthcare restrictions | Other healthcare barriers | Religious exemptions | Weakening Civil Rights Laws,harmful,aclu,Advancing,"Legislative session adjourned, carries over to 2026",2025-05-28,S54
2025,SC,H.B.4465,Other anti-LGBTQ bills | Restricting student & educator rights | School facilities bans,harmful,aclu,Advancing,"Legislative session adjourned, carries over to 2026",2025-05-28,H4465
2025,SC,H.B.4515,Barriers to accurate IDs | Healthcare age restrictions | Healthcare restrictions |,harmful,aclu,Advancing,"Legislative session adjourned, carries over to 2026",2025-05-28,H4515
2025,PA,S.B.213,Barriers to accurate IDs | Healthcare restrictions | Other anti-LGBTQ bills | Prison healthcare restrictions | Public accommodation bans | Re-definition of sex | Restricting student & educator rights | School facilities bans | Weakening Civil Rights Laws,harmful,aclu,Advancing,Referred to committee,2025-02-04,SB213
2025,PA,H.B.581,Curriculum censorship | Forced outing in schools | Restricting student & educator rights,harmful,aclu,Advancing,Referred to committee,2025-02-12,HB581
2025,PA,H.B.987,Other anti-LGBTQ bills,harmful,aclu,Advancing,Referred to committee,2025-03-24,HB987
2025,PA,H.B.1033,Healthcare age restrictions | Healthcare restrictions |,harmful,aclu,Advancing,Referred to committee,2025-03-24,HB1033
2025,PA,S.B.843,Healthcare age restrictions | Healthcare restrictions |,harmful,aclu,Advancing,Referred to committee,2025-06-09,SB843
2025,PA,H.B.158,Restricting student & educator rights | School sports bans,harmful,aclu,Advancing,Re-referred to committee,2025-12-16,HB158
2025,PA,S.B.9,Restricting student & educator rights | School sports bans,harmful,aclu,Advancing,Re-referred to Judiciary,2025-10-29,SB9
2025,PA,H.B.1849,Restricting student & educator rights | School sports bans,harmful,aclu,Advancing,Re-referred to Judiciary,2025-12-16,HB1849
2025,OK,H.B.1225,Barriers to accurate IDs |,harmful,aclu,Advancing,"Did not meet passage requirements, dormant until carried over",2025-03-27,HB1225
2025,OK,S.B.591,Other school restrictions | Restricting student & educator rights,harmful,aclu,Advancing,"Did not meet passage requirements, dormant until carried over",2025-03-27,SB591
2025,OK,S.B.228,Other anti-LGBTQ bills,harmful,aclu,Advancing,"Failed in committee, dormant until carried over",2025-02-19,SB228
2025,OK,H.B.2149,Healthcare restrictions | Other healthcare barriers,harmful,aclu,Advancing,"Did not meet passage requirements, dormant until carried over",2025-03-27,HB2149
2025,OK,S.B.413,Curriculum censorship | Restricting student & educator rights,harmful,aclu,Advancing,"Did not meet passage requirements, dormant until carried over",2025-03-27,SB413
2025,OK,S.B.958,Healthcare restrictions | Other healthcare barriers,harmful,aclu,Advancing,"Did not meet passage requirements, dormant until carried over",2025-03-27,SB958
2025,OK,H.B.1361,Forced outing in schools | Other school restrictions | Restricting student & educator rights,harmful,aclu,Advancing,"Did not meet passage requirements, dormant until carried over",2025-03-27,HB1361
2025,OK,S.B.550,Drag bans | Free speech & expression bans |,harmful,aclu,Advancing,"Did not meet passage requirements, dormant until carried over",2025-03-27,SB550
2025,OK,S.B.759,Curriculum censorship | Forced outing in schools | Other school restrictions | Restricting student & educator rights,harmful,aclu,Advancing,"Did not meet passage requirements, dormant until carried over",2025-03-28,SB759
2025,OK,S.B.977,Drag bans | Free speech & expression bans |,harmful,aclu,Advancing,"Did not meet passage requirements, dormant until carried over",2025-03-27,SB977
2025,OK,S.B.1049,Healthcare age restrictions | Healthcare restrictions | Other healthcare barriers,harmful,aclu,Advancing,"Did not meet passage requirements, dormant until carried over",2025-03-27,SB1049
2025,OK,S.B.959,Religious exemptions | Weakening Civil Rights Laws,harmful,aclu,Advancing,"Failed in committee, dormant until carried over",2025-03-03,SB959
2025,OK,H.B.1344,Religious exemptions | Weakening Civil Rights Laws,harmful,aclu,Advancing,"Did not meet passage requirements, dormant until carried over",2025-03-27,HB1344
2025,OK,S.B.665,Religious exemptions | Weakening Civil Rights Laws,harmful,aclu,Advancing,"Did not meet passage requirements, dormant until carried over",2025-03-27,SB665
2025,OK,S.B.210,Other anti-LGBTQ bills,harmful,aclu,Advancing,"Did not meet passage requirements, dormant until carried over",2025-03-27,SB210
2025,OK,S.B.848,Curriculum censorship | Other school restrictions | Restricting student & educator rights,harmful,aclu,Advancing,"Did not meet passage requirements, dormant until carried over",2025-03-28,SB848
2025,OK,S.B.847,Curriculum censorship | Forced outing in schools | Other school restrictions | Restricting student & educator rights,harmful,aclu,Advancing,"Did not meet passage requirements, dormant until carried over",2025-03-27,SB847
2025,OK,S.B.1002,Healthcare funding restrictions | Healthcare restrictions | Other healthcare barriers,harmful,aclu,Advancing,"Did not meet passage requirements, dormant until carried over",2025-03-27,SB1002
2025,OK,H.B.1964,Curriculum censorship | Other anti-LGBTQ bills | Restricting student & educator rights,harmful,aclu,Advancing,"Did not meet passage requirements, dormant until carried over",2025-03-27,HB1964
2025,OK,S.B.1107,Other anti-LGBTQ bills,harmful,aclu,Advancing,"Failed in committee, dormant until carried over",2025-03-03,SB1107
2025,OK,S.B.845,Other anti-LGBTQ bills,harmful,aclu,Advancing,"Did not meet passage requirements, dormant until carried over",2025-03-27,SB845
2025,OK,H.B.1219,Free speech & expression bans | Other anti-LGBTQ bills | Other expression restrictions | Other school restrictions | Restricting student & educator rights,harmful,aclu,Advancing,"Did not meet passage requirements, dormant until carried over",2025-03-27,HB1219
2025,OH,H.B.457,Other civil rights restrictions | Weakening Civil Rights Laws,harmful,aclu,Advancing,Referred to committee,2025-10-01,HB457
2025,OK,H.B.1224,Religious exemptions | Weakening Civil Rights Laws,harmful,aclu,Advancing,"Did not meet passage requirements, dormant until carried over",2025-05-30,HB1224
2025,OH,H.B.172,Healthcare age restrictions | Healthcare restrictions |,harmful,aclu,Advancing,Third committee hearing,2025-11-19,HB172
2025,OH,H.B.190,Forced outing in schools | Other school restrictions | Restricting student & educator rights,harmful,aclu,Advancing,First read and referred to committee,2025-04-29,HB190
2025,OH,S.B.209,Religious exemptions | Weakening Civil Rights Laws,harmful,aclu,Advancing,Referred to committee,2025-05-28,SB209
2025,NC,S516,Barriers to accurate IDs | Other anti-LGBTQ bills | Re-definition of sex | Restricting student & educator rights | School facilities bans | Weakening Civil Rights Laws,harmful,aclu,Advancing,First read and referred to committee,2025-03-26,S516
2025,NC,H595,Curriculum censorship | Other anti-LGBTQ bills | Restricting student & educator rights,harmful,aclu,Advancing,First read and referred to committee,2025-04-01,H595
2025,NC,H776,Religious exemptions | Weakening Civil Rights Laws,harmful,aclu,Advancing,First read and referred to committee,2025-04-07,H776
2025,NC,H791,Barriers to accurate IDs | Re-definition of sex | Restricting student & educator rights | School facilities bans | Weakening Civil Rights Laws,harmful,aclu,Advancing,First read and referred to committee,2025-04-08,H791
2025,NC,H1000,Healthcare restrictions | Other healthcare barriers,harmful,aclu,Advancing,First read and referred to committee,2025-04-14,H1000
2025,NC,H606,Healthcare restrictions | Other healthcare barriers,harmful,aclu,Advancing,House passed; Senate first read and referred to committee,2025-05-07,H606
2025,NC,H560,Healthcare restrictions | Other healthcare barriers,harmful,aclu,Advancing,Re-referred to committee,2025-05-12,H560
2025,NY,A.7741,Restricting student & educator rights | School sports bans,harmful,aclu,Advancing,"Legislative session adjourned, carries over to 2026",2025-06-17,A7741
2025,NY,S.460,Restricting student & educator rights | School sports bans,harmful,aclu,Advancing,"Legislative session adjourned, carries over to 2026",2025-06-17,S460
2025,NY,S.4496,Restricting student & educator rights | School sports bans,harmful,aclu,Advancing,"Legislative session adjourned, carries over to 2026",2025-06-17,S4496
2025,NY,S.7489,Restricting student & educator rights | School facilities bans,harmful,aclu,Advancing,"Legislative session adjourned, carries over to 2026",2025-06-17,S7489
2025,NE,L.B.655,Religious exemptions | Weakening Civil Rights Laws,harmful,aclu,Advancing,"Legislative session adjourned, carries over to 2026",2025-07-02,LB655
2025,NE,L.B.552,Other anti-LGBTQ bills,harmful,aclu,Defeated,"Legislative session adjourned, carries over to 2026",2025-06-02,LB552
2025,NE,L.B.605,Other school restrictions | Restricting student & educator rights | School facilities bans | School sports bans,harmful,aclu,Advancing,"Legislative session adjourned, carries over to 2026",2025-06-02,LB605
2025,MN,S.F.716,Drag bans | Free speech & expression bans |,harmful,aclu,Advancing,"Legislative session adjourned, carries over to 2026",2025-05-19,SF716
2025,MN,S.F.744,Healthcare age restrictions | Healthcare restrictions |,harmful,aclu,Advancing,"Legislative session adjourned, carries over to 2026",2025-05-19,SF744
2025,MN,S.F.802,Restricting student & educator rights | School facilities bans | School sports bans,harmful,aclu,Advancing,"Legislative session adjourned, carries over to 2026",2025-05-19,SF802
2025,MN,S.F.886,Re-definition of sex | Weakening Civil Rights Laws,harmful,aclu,Advancing,"Legislative session adjourned, carries over to 2026",2025-05-19,SF886
2025,MN,S.F.916,Restricting student & educator rights | School sports bans,harmful,aclu,Advancing,"Legislative session adjourned, carries over to 2026",2025-05-19,SF916
2025,MN,H.F.565,Restricting student & educator rights | School facilities bans | School sports bans,harmful,aclu,Advancing,"Legislative session adjourned, carries over to 2026",2025-05-19,HF565
2025,MN,H.F.700,Other civil rights restrictions | Public accommodation bans | Re-definition of sex | Restricting student & educator rights | School facilities bans | Weakening Civil Rights Laws,harmful,aclu,Advancing,"Legislative session adjourned, carries over to 2026",2025-05-19,HF700
2025,MN,S.F.1651,Other civil rights restrictions | Public accommodation bans | Re-definition of sex | Restricting student & educator rights | School facilities bans | Weakening Civil Rights Laws,harmful,aclu,Advancing,"Legislative session adjourned, carries over to 2026",2025-05-19,SF1651
2025,MN,S.F.1883,Restricting student & educator rights | School sports bans,harmful,aclu,Advancing,"Legislative session adjourned, carries over to 2026",2025-05-19,SF1883
2025,MN,H.F.12,Restricting student & educator rights | School sports bans,harmful,aclu,Advancing,"Legislative session adjourned, carries over to 2026",2025-05-19,HF12
2025,MN,H.F.1233,Restricting student & educator rights | School sports bans,harmful,aclu,Advancing,"Legislative session adjourned, carries over to 2026",2025-05-19,HF1233
2025,MN,S.F.2294,Restricting student & educator rights | School facilities bans | School sports bans,harmful,aclu,Advancing,"Legislative session adjourned, carries over to 2026",2025-05-19,SF2294
2025,MN,S.F.2531,Restricting student & educator rights | School sports bans,harmful,aclu,Advancing,"Legislative session adjourned, carries over to 2026",2025-05-19,SF2531
2025,MN,S.F.2817,Restricting student & educator rights | School sports bans,harmful,aclu,Advancing,"Legislative session adjourned, carries over to 2026",2025-05-19,SF2817
2025,MN,H.F.2685,Restricting student & educator rights | School sports bans,harmful,aclu,Advancing,"Legislative session adjourned, carries over to 2026",2025-05-19,HF2685
2025,MN,H.F.3151,Healthcare age restrictions | Healthcare restrictions |,harmful,aclu,Advancing,"Legislative session adjourned, carries over to 2026",2025-05-19,HF3151
2025,MN,H.F.3170,Restricting student & educator rights | School sports bans,harmful,aclu,Advancing,"Legislative session adjourned, carries over to 2026",2025-05-19,HF3170
2025,MN,S.F.10,Restricting student & educator rights | School sports bans,harmful,aclu,Advancing,First read and referred to committee,2025-06-09,SF10
2025,MN,H.F.19,Restricting student & educator rights | School sports bans,harmful,aclu,Advancing,First read and referred to committee,2025-06-09,HF19
2025,MI,S.B.0230,Forced outing in schools | Restricting student & educator rights | School sports bans,harmful,aclu,Advancing,Referred to committee,2025-04-22,SB230
2025,MI,H.B.4467,Healthcare age restrictions | Healthcare restrictions |,harmful,aclu,Advancing,First read and referred to committee,2025-05-07,HB4467
2025,MI,S.B.0289,Healthcare age restrictions | Healthcare restrictions |,harmful,aclu,Advancing,Referred to committee,2025-05-07,SB289
2025,MI,H.B.4466,Healthcare age restrictions | Healthcare restrictions |,harmful,aclu,Advancing,First read and referred to committee,2025-05-07,HB4466
2025,MI,S.B.0290,Healthcare age restrictions | Healthcare restrictions |,harmful,aclu,Advancing,Referred to committee,2025-05-07,SB290
2025,MI,H.B.4469,Other civil rights restrictions | Weakening Civil Rights Laws,harmful,aclu,Advancing,Passed House; Senate referred to committee,2025-05-29,HB4469
2025,MI,H.B.4066,Restricting student & educator rights | School sports bans,harmful,aclu,Advancing,Passed House; Senate referred to committee,2025-05-29,HB4066
2025,MI,H.B.4578,Curriculum censorship | Other school restrictions | Restricting student & educator rights,harmful,aclu,Advancing,Passed House; Senate referred to committee,2025-06-12,HB4578
2025,MI,H.B.4577,Restricting student & educator rights | School facilities bans | School sports bans,harmful,aclu,Advancing,Passed House; Senate referred to committee,2025-06-12,HB4577
2025,MI,H.B.4579,Restricting student & educator rights | School sports bans,harmful,aclu,Advancing,Passed House; Senate referred to committee,2025-06-17,HB4579
2025,MI,H.B.4580,Restricting student & educator rights | School sports bans,harmful,aclu,Advancing,Passed House; Senate referred to committee,2025-06-17,HB4580
2025,MI,H.B.4752,Other anti-LGBTQ bills,harmful,aclu,Advancing,First read and referred to committee,2025-07-29,HB4752
2025,MI,H.B.4751,Other civil rights restrictions | Weakening Civil Rights Laws,harmful,aclu,Advancing,First read and referred to committee,2025-07-29,HB4751
2025,MI,H.B.4776,Other anti-LGBTQ bills,harmful,aclu,Advancing,First read and referred to committee,2025-08-20,HB4776
2025,MI,H.B.4777,Other civil rights restrictions | Weakening Civil Rights Laws,harmful,aclu,Advancing,First read and referred to committee,2025-08-20,HB4777
2025,MI,H.B.4829,Religious exemptions | Weakening Civil Rights Laws,harmful,aclu,Advancing,First read and referred to committee,2025-08-27,HB4829
2025,MI,H.B.4024,Restricting student & educator rights | School facilities bans,harmful,aclu,Advancing,Passed House; Senate referred to committee,2025-09-09,HB4024
2025,MI,H.B.4576,Curriculum censorship | Other school restrictions | Restricting student & educator rights,harmful,aclu,Advancing,Passed House; Senate referred to committee,2025-06-12,HB4576
2025,MA,H.D.4542,Healthcare age restrictions | Healthcare restrictions | Other healthcare barriers,harmful,aclu,Advancing,Referred to committee,2025-04-14,HD4542
2025,MA,H.584,Restricting student & educator rights | School sports bans,harmful,aclu,Advancing,Joint hearing scheduled,2025-05-06,H584
2025,IA,S.F.220,Healthcare restrictions | Other healthcare barriers | Religious exemptions | Weakening Civil Rights Laws,harmful,aclu,Advancing,"Legislative session adjourned, carries over to 2026",2025-05-14,SF220
2025,IA,S.F.8,Other school restrictions | Restricting student & educator rights,harmful,aclu,Advancing,"Legislative session adjourned, carries over to 2026",2025-05-14,SF8
2025,IA,H.F.571,Healthcare restrictions | Other healthcare barriers | Religious exemptions | Weakening Civil Rights Laws,harmful,aclu,Advancing,"Legislative session adjourned, carries over to 2026",2025-05-14,HF571
2025,IL,H.B.1214,Healthcare age restrictions | Healthcare restrictions |,harmful,aclu,Advancing,"Legislative session adjourned, carries over to 2026",2025-05-31,HB1214
2025,IL,H.B.1216,Restricting student & educator rights | School sports bans,harmful,aclu,Advancing,"Legislative session adjourned, carries over to 2026",2025-05-31,HB1216
2025,IL,H.B.1161,Other school restrictions | Restricting student & educator rights,harmful,aclu,Advancing,"Legislative session adjourned, carries over to 2026",2025-05-31,HB1161
2025,IL,H.B.1204,Restricting student & educator rights | School sports bans,harmful,aclu,Advancing,"Legislative session adjourned, carries over to 2026",2025-05-31,HB1204
2025,IL,H.B.1209,Re-definition of sex | Weakening Civil Rights Laws,harmful,aclu,Advancing,"Legislative session adjourned, carries over to 2026",2025-05-31,HB1209
2025,IL,H.B.1117,Restricting student & educator rights | School sports bans,harmful,aclu,Advancing,"Legislative session adjourned, carries over to 2026",2025-05-31,HB1117
2025,IL,S.B.1226,Restricting student & educator rights | School facilities bans,harmful,aclu,Advancing,"Legislative session adjourned, carries over to 2026",2025-05-31,SB1226
2025,IL,H.B.2915,Restricting student & educator rights | School sports bans,harmful,aclu,Advancing,"Legislative session adjourned, carries over to 2026",2025-05-31,HB2915
2025,IL,S.B.1783,Drag bans | Free speech & expression bans |,harmful,aclu,Advancing,"Legislative session adjourned, carries over to 2026",2025-05-31,SB1783
2025,IL,S.B.2078,Barriers to accurate IDs | Healthcare restrictions | Other anti-LGBTQ bills | Prison healthcare restrictions | Public accommodation bans | Re-definition of sex | Restricting student & educator rights | School facilities bans | Weakening Civil Rights Laws,harmful,aclu,Advancing,"Legislative session adjourned, carries over to 2026",2025-05-31,SB2078
2025,IL,S.B.2079,Restricting student & educator rights | School sports bans,harmful,aclu,Advancing,"Legislative session adjourned, carries over to 2026",2025-05-31,SB2079
2025,IL,S.B.2474,Healthcare age restrictions | Healthcare restrictions |,harmful,aclu,Advancing,"Legislative session adjourned, carries over to 2026",2025-05-31,SB2474
2025,IL,H.B.3819,Healthcare age restrictions | Healthcare restrictions |,harmful,aclu,Advancing,"Legislative session adjourned, carries over to 2026",2025-05-31,HB3819
2025,IL,H.B.4027,Restricting student & educator rights | School sports bans,harmful,aclu,Advancing,"Legislative session adjourned, carries over to 2026",2025-05-31,HB4027
2025,IL,H.B.4030,Re-definition of sex | Weakening Civil Rights Laws,harmful,aclu,Advancing,"Legislative session adjourned, carries over to 2026",2025-05-31,HB4030
2025,CA,A.B.844,Restricting student & educator rights | School facilities bans | School sports bans,harmful,aclu,Introduced,From committee: Without further action pursuant to Joint Rule 62(a).,2025-05-05,AB844
2025,MI,S.B.0009,Restricting student & educator rights | School facilities bans,harmful,aclu,Advancing,Referred to committee,2025-01-08,SB9
2025,MI,H.B.4031,Restricting student & educator rights | School sports bans,harmful,aclu,Advancing,First read and referred to committee,2025-01-28,HB4031
2025,MI,H.B.4190,Healthcare age restrictions | Healthcare restrictions |,harmful,aclu,Advancing,First read and referred to committee,2025-03-06,HB4190
2025,MA,H.737,Restricting student & educator rights | School sports bans,harmful,aclu,Advancing,Joint hearing scheduled for 01:00 PM,2025-05-06,H737
2025,MA,H.551,Curriculum censorship | Forced outing in schools | Restricting student & educator rights,harmful,aclu,Advancing,Hearing scheduled from 11:00 AM-05:00 PM,2025-07-21,H551
2025,KS,S.B.16,Other anti-LGBTQ bills,harmful,aclu,Advancing,"Legislative session adjourned, carries over to 2026",2025-04-11,SB16
2025,KS,H.B.2071,Healthcare age restrictions | Healthcare restrictions |,harmful,aclu,Advancing,"Legislative session adjourned, carries over to 2026",2025-04-11,HB2071
2025,KS,S.B.76,Other school restrictions | Restricting student & educator rights,harmful,aclu,Advancing,Senate passed; Stricken from House calendar,2025-03-21,SB76
2025,IA,H.F.80,Other school restrictions | Restricting student & educator rights,harmful,aclu,Advancing,"Legislative session adjourned, carries over to 2026",2025-05-14,HF80
2025,IA,S.F.156,Public accommodation bans,harmful,aclu,Advancing,"Legislative session adjourned, carries over to 2026",2025-05-14,SF156
2025,IA,H.S.B.84,Curriculum censorship | Restricting student & educator rights,harmful,aclu,Advancing,"Legislative session adjourned, carries over to 2026",2025-05-14,HSB84
2025,IA,H.S.B.139,Healthcare restrictions | Other healthcare barriers | Religious exemptions | Weakening Civil Rights Laws,harmful,aclu,Advancing,"Legislative session adjourned, carries over to 2026",2025-05-14,HSB139
2025,IA,H.S.B.242,Barriers to accurate IDs | Curriculum censorship | Other civil rights restrictions | Other school restrictions | Re-definition of sex | Restricting student & educator rights | Weakening Civil Rights Laws,harmful,aclu,Advancing,"Legislative session adjourned, carries over to 2026",2025-05-14,HSB242
2025,IA,S.F.335,Other anti-LGBTQ bills | Other school restrictions | Restricting student & educator rights,harmful,aclu,Advancing,"Legislative session adjourned, carries over to 2026",2025-05-14,SF335
2025,IA,S.F.236,Religious exemptions | Weakening Civil Rights Laws,harmful,aclu,Advancing,"Renumbered as SF 473; legislative session adjourned, carries over to 2026",2025-05-14,SF236
2025,IA,S.S.B.1150,Other anti-LGBTQ bills,harmful,aclu,Advancing,"Renumbered as SF 507; legislative session adjourned, carries over to 2026",2025-05-14,SSB1150
2025,IA,H.F.721,Other anti-LGBTQ bills,harmful,aclu,Advancing,"Legislative session adjourned, carries over to 2026",2025-05-14,HF721
2025,IA,H.S.B.155,Other anti-LGBTQ bills,harmful,aclu,Advancing,"Renumbered as HF 856; legislative session adjourned, carries over to 2026",2025-05-14,HSB155
2025,IA,H.S.B.158,Drag bans | Free speech & expression bans |,harmful,aclu,Advancing,"Renumbered as HF 891; legislative session adjourned, carries over to 2026",2025-05-14,HSB158
2025,IA,H.F.594,Other anti-LGBTQ bills,harmful,aclu,Advancing,"Renumbered as HF 922; legislative session adjourned, carries over to 2026",2025-05-14,HF594
2025,IA,S.F.473,Religious exemptions | Weakening Civil Rights Laws,harmful,aclu,Advancing,"Legislative session adjourned, carries over to 2026",2025-05-14,SF473
2025,IA,S.F.507,Other anti-LGBTQ bills,harmful,aclu,Advancing,"Legislative session adjourned, carries over to 2026",2025-05-14,SF507
2025,GA,H.B.104,Restricting student & educator rights | School sports bans,harmful,aclu,Advancing,"Legislative session adjourned, carries over to 2026",2025-04-04,HB104
2025,GA,S.B.248,Curriculum censorship | Forced outing in schools | Other school restrictions | Restricting student & educator rights,harmful,aclu,Advancing,"Legislative session adjourned, carries over to 2026",2025-04-04,SB248
2025,GA,H.B.267,Barriers to accurate IDs | Other civil rights restrictions | Re-definition of sex | Restricting student & educator rights | School facilities bans | School sports bans | Weakening Civil Rights Laws,harmful,aclu,Advancing,"Legislative session adjourned, carries over to 2026",2025-04-04,HB267
2025,GA,H.B.660,Healthcare funding restrictions | Healthcare restrictions | Prison healthcare restrictions,harmful,aclu,Advancing,"Legislative session adjourned, carries over to 2026",2025-04-04,HB660
2025,GA,S.B.120,Other anti-LGBTQ bills | Other school restrictions | Restricting student & educator rights,harmful,aclu,Advancing,"Legislative session adjourned, carries over to 2026",2025-04-04,SB120
2025,GA,S.B.57,Other anti-LGBTQ bills,harmful,aclu,Advancing,"Legislative session adjourned, carries over to 2026",2025-04-04,SB57
2025,GA,S.B.341,Other anti-LGBTQ bills,harmful,aclu,Advancing,"Legislative session adjourned, carries over to 2026",2025-04-04,SB341
2025,GA,S.B.30,Healthcare age restrictions | Healthcare restrictions |,harmful,aclu,Advancing,"Legislative session adjourned, carries over to 2026",2025-04-04,SB30
2025,GA,H.B.127,Other anti-LGBTQ bills,harmful,aclu,Advancing,House passed; Senate passed as substituted,2025-04-02,HB127
2025,GA,S.B.39,Healthcare funding restrictions | Healthcare restrictions | Other healthcare barriers | Prison healthcare restrictions,harmful,aclu,Advancing,"Legislative session adjourned, carries over to 2026",2025-04-04,SB39
2025,DE,S.B. 55,Healthcare age restrictions | Healthcare restrictions |,harmful,aclu,Advancing,"Legislative session adjourned, carries over to 2026",2025-06-30,SB55
2025,CA,A.B.89,Restricting student & educator rights | School sports bans,harmful,aclu,Defeated,Failed in committee,2025-04-02,AB89
2025,CA,A.B.579,Healthcare restrictions | Other anti-LGBTQ bills | Other healthcare barriers,harmful,aclu,Advancing,First read; may be heard in committee March 15,2025-02-12,AB579
2025,CA,A.B.600,Other anti-LGBTQ bills | Other school restrictions | Restricting student & educator rights,harmful,aclu,Advancing,First read; may be heard in committee March 16,2025-02-13,AB600
2025,CA,A.B.1464,Other anti-LGBTQ bills,harmful,aclu,Advancing,"First read 2/24, may be heard in committee",2025-03-24,AB1464
2025,CA,S.B.311,Other anti-LGBTQ bills,harmful,aclu,Advancing,"Hearing scheduled, failed passage in committee",2025-04-29,SB311
2025,AK,H.B. 40,Restricting student & educator rights | School sports bans,harmful,aclu,Advancing,"Legislative session adjourned, carries over to 2026",2025-05-20,HB40
2025,MA,S.350,Restricting student & educator rights | School sports bans,harmful,aclu,Advancing,Committee recommended ought not to pass by committee,2025-07-24,S350
2025,NH,H.B.620,Religious exemptions | Weakening Civil Rights Laws,harmful,aclu,Defeated,Died on table; not retained for 2026 session,2025-12-18,HB620
2025,NH,H.B.148,Other civil rights restrictions | Weakening Civil Rights Laws,harmful,aclu,Defeated,Governor's veto sustained,2025-12-17,HB148
2025,NH,H.B.712,Healthcare age restrictions | Healthcare restrictions |,harmful,aclu,Passed into Law,Governor signed,2025-08-01,HB712
2025,NH,H.B.377,Healthcare age restrictions | Healthcare restrictions |,harmful,aclu,Passed into Law,Governor signed,2025-08-01,HB377
2025,NH,S.B.38,Other civil rights restrictions | Weakening Civil Rights Laws,harmful,aclu,Defeated,"Reported unfavorably by committee, not retained for 2026 session",2025-11-03,SB38
2025,NH,S.B.211,Restricting student & educator rights | School facilities bans | School sports bans,harmful,aclu,Defeated,"Committee reported inexpedient to legislate, not retained for 2026 session",2025-11-19,SB211
2025,TX,S.B. 8,Other anti-LGBTQ bills | Public accommodation bans | Restricting student & educator rights | School facilities bans,harmful,aclu,Passed into Law,Governor signed,2025-09-22,SB8
2025,ME,L.D. 1704 (H.P. 1139),Restricting student & educator rights | School facilities bans,harmful,aclu,Defeated,House and Senate concurred ought not to pass,2025-06-13,LD1704
2025,ME,L.D. 1134 (S.P. 461),Restricting student & educator rights | School sports bans,harmful,aclu,Defeated,House and Senate concurred ought not to pass,2025-06-13,LD1134
2025,ME,L.D. 868 (H.P. 554),Restricting student & educator rights | School facilities bans | School sports bans,harmful,aclu,Defeated,House and Senate concurred ought not to pass,2025-06-16,LD868
2025,ME,L.D. 1337 (H.P. 872),Other civil rights restrictions | Restricting student & educator rights | School sports bans | Weakening Civil Rights Laws,harmful,aclu,Defeated,House and Senate concurred ought not to pass,2025-06-16,LD1337
2025,AZ,H.C.R.2042,Other anti-LGBTQ bills,harmful,aclu,Defeated,Legislative session ended,2025-06-27,HCR2042
2025,AZ,S.B.1003,Restricting student & educator rights | School facilities bans,harmful,aclu,Defeated,Vetoed by Governor,2025-05-12,SB1003
2025,AZ,S.B.1002,Other school restrictions | Religious exemptions | Restricting student & educator rights | Weakening Civil Rights Laws,harmful,aclu,Defeated,Vetoed by Governor,2025-05-12,SB1002
2025,ME,L.D. 233 (H.P. 156),Restricting student & educator rights | School sports bans,harmful,aclu,Defeated,"Died between houses, ought not to pass",2025-06-17,LD233
2025,TX,H.B. 127,Curriculum censorship | Free speech & expression bans | Other anti-LGBTQ bills | Other expression restrictions | Restricting student & educator rights,harmful,aclu,Defeated,Special legislative session concluded,2025-09-03,HB127
2025,TX,H.B. 120,Curriculum censorship | Restricting student & educator rights,harmful,aclu,Defeated,Special legislative session concluded,2025-08-15,HB120
2025,TX,H.B. 52,Other anti-LGBTQ bills | Public accommodation bans | Restricting student & educator rights | School facilities bans,harmful,aclu,Defeated,Special legislative session concluded,2025-09-03,HB52
2025,TX,H.B. 214,Other anti-LGBTQ bills | Public accommodation bans | Restricting student & educator rights | School facilities bans,harmful,aclu,Defeated,Special legislative session concluded,2025-09-03,HB214
2025,TX,H.B. 172,Other anti-LGBTQ bills,harmful,aclu,Introduced,,2025-07-22,HB172
2025,TX,H.B. 32,Other anti-LGBTQ bills | Public accommodation bans | Restricting student & educator rights | School facilities bans,harmful,aclu,Introduced,,2025-07-14,HB32
2025,TX,S.B. 7,Other anti-LGBTQ bills | Public accommodation bans | Restricting student & educator rights | School facilities bans,harmful,aclu,Defeated,Special legislative session adjourned,2025-08-15,SB7
2025,TX,H.B. 171,Curriculum censorship | Restricting student & educator rights,harmful,aclu,Introduced,,2025-07-22,HB171
2025,OR,H.B.2439,Other anti-LGBTQ bills | Other civil rights restrictions | Weakening Civil Rights Laws,harmful,aclu,Defeated,Legislative session ended,2025-06-27,HB2439
2025,OR,H.B.2037,Restricting student & educator rights | School facilities bans | School sports bans,harmful,aclu,Defeated,Legislative session ended,2025-06-27,HB2037
2025,OR,S.B.787,Restricting student & educator rights | School sports bans,harmful,aclu,Defeated,Legislative session ended,2025-06-27,SB787
2025,OR,S.B.618,Restricting student & educator rights | School sports bans,harmful,aclu,Defeated,Legislative session ended,2025-06-27,SB618
2025,OR,S.B.899,Healthcare age restrictions | Healthcare restrictions |,harmful,aclu,Defeated,Legislative session ended,2025-06-27,SB899
2025,OR,H.B.3330,Religious exemptions | Weakening Civil Rights Laws,harmful,aclu,Defeated,Legislative session ended,2025-06-27,HB3330
2025,OR,S.B.1100,Restricting student & educator rights | School sports bans,harmful,aclu,Defeated,Legislative session ended,2025-06-27,SB1100
2025,OR,H.B.3740,Restricting student & educator rights | School sports bans,harmful,aclu,Defeated,Legislative session ended,2025-06-27,HB3740
2025,NC,H805,Barriers to accurate IDs | Healthcare restrictions | Other healthcare barriers | Other school restrictions | Re-definition of sex | Restricting student & educator rights | School facilities bans | Weakening Civil Rights Laws,harmful,aclu,Advancing,"Vetoed by Governor, placed on House calendar for",2025-07-29,H805
2025,NC,S442,Healthcare restrictions | Other healthcare barriers,harmful,aclu,Passed into Law,Governor signed,2025-07-03,S442
2025,NJ,A.775,Restricting student & educator rights | School sports bans,harmful,aclu,Advancing,Motion to table prevailed,2025-06-30,A775
2025,TX,S.B. 12,Other anti-LGBTQ bills | Other school restrictions | Restricting student & educator rights,harmful,aclu,Passed into Law,Governor signed,2025-06-20,SB12
2025,TX,H.B. 229,Other anti-LGBTQ bills,harmful,aclu,Passed into Law,Governor signed,2025-06-20,HB229
2025,TX,H.B. 18,Healthcare age restrictions | Healthcare restrictions |,harmful,aclu,Passed into Law,Governor signed,2025-06-20,HB18
2025,TX,S.B. 1188,Other anti-LGBTQ bills,harmful,aclu,Passed into Law,Governor signed,2025-06-20,SB1188
2025,LA,H.B.371,Religious exemptions | Weakening Civil Rights Laws,harmful,aclu,Passed into Law,Governor signed,2025-06-20,HB371
2025,FL,H.B. 731,Other anti-LGBTQ bills,harmful,aclu,Defeated,Legislative session adjourned,2025-06-16,H0731
2025,FL,H.B. 75,Free speech & expression bans | Other expression restrictions | Other school restrictions | Restricting student & educator rights,harmful,aclu,Defeated,Legislative session adjourned,2025-06-16,H0075
2025,FL,S.B. 440,Other anti-LGBTQ bills | Religious exemptions | Weakening Civil Rights Laws,harmful,aclu,Defeated,Legislative session adjourned,2025-06-16,S0440
2025,FL,S.B. 1710,Other anti-LGBTQ bills,harmful,aclu,Defeated,Legislative session adjourned,2025-06-16,S1710
2025,FL,H.B. 1307,Restricting student & educator rights | School facilities bans,harmful,aclu,Defeated,Legislative session adjourned,2025-06-16,H1307
2025,FL,H.B. 1495,Other anti-LGBTQ bills | Religious exemptions | Weakening Civil Rights Laws,harmful,aclu,Defeated,Legislative session adjourned,2025-06-16,H1495
2025,CT,S.B.504,Other school restrictions | Restricting student & educator rights,harmful,aclu,Defeated,Legislative session adjourned,2025-06-04,SB00504
2025,IA,H.F.1049,Healthcare funding restrictions | Healthcare restrictions |,harmful,aclu,Passed into Law,Governor signed,2025-06-11,HF1049
2025,ND,H.B. 1144,Restricting student & educator rights | School facilities bans,harmful,aclu,Passed into Law,Governor signed,2025-05-02,HB1144
2025,NE,L.B.89,Public accommodation bans | Re-definition of sex | Restricting student & educator rights | School sports bans | Weakening Civil Rights Laws,harmful,aclu,Passed into Law,Governor signed,2025-06-06,LB89
2025,MT,H.B. 819,Free speech & expression bans | Other expression restrictions | Other school restrictions | Restricting student & educator rights,harmful,aclu,Passed into Law,Governor signed,2025-05-13,HB819
2025,MO,S.B. 10,Healthcare age restrictions | Healthcare restrictions | Restricting student & educator rights | School sports bans,harmful,aclu,Defeated,Legislative session ended,2025-05-15,SB10
2025,NV,A.B.56,Healthcare restrictions | Other healthcare barriers,harmful,aclu,Passed into Law,Governor signed,2025-05-26,AB56
2025,MT,S.B. 240,Other anti-LGBTQ bills,harmful,aclu,Defeated,Died in process,2025-05-23,SB240
2025,MT,S.B. 164,Healthcare age restrictions | Healthcare restrictions |,harmful,aclu,Defeated,Died in process,2025-05-23,SB164
2025,TX,S.B. 1999,Other anti-LGBTQ bills | Other school restrictions | Restricting student & educator rights,harmful,aclu,Defeated,Legislative session ended,2025-06-02,SB1999
2025,TX,S.B. 1073,Religious exemptions | Weakening Civil Rights Laws,harmful,aclu,Defeated,Legislative session ended,2025-06-02,SB1073
2025,TX,S.B. 2920,Restricting student & educator rights | School sports bans,harmful,aclu,Defeated,Legislative session ended,2025-06-02,SB2920
2025,MT,S.B. 299,Forced outing in schools | Restricting student & educator rights,harmful,aclu,Defeated,House tabled in committee; died in Senate committee,2025-05-23,SB299
2025,IA,H.F.856,Other anti-LGBTQ bills,harmful,aclu,Passed into Law,Governor signed,2025-05-27,HF856
2025,TX,H.B. 4552,Other anti-LGBTQ bills,harmful,aclu,Defeated,Legislative session ended,2025-06-02,HB4552
2025,LA,H.B.685,Other anti-LGBTQ bills,harmful,aclu,Defeated,Legislative session ended,2025-06-12,HB685
2025,IA,S.F.649,Healthcare funding restrictions | Healthcare restrictions |,harmful,aclu,Advancing,HF 1049 substituted; withdrawn,2025-05-14,SF649
2025,WV,S.B.154,Forced outing in schools | Restricting student & educator rights,harmful,aclu,Passed into Law,Governor signed,2025-04-30,SB154
2025,WV,S.B.474,Other school restrictions | Restricting student & educator rights,harmful,aclu,Passed into Law,Governor signed,2025-04-30,SB474
2025,WV,S.B.299,Healthcare age restrictions | Healthcare restrictions |,harmful,aclu,Passed into Law,Governor signed,2025-04-30,SB299
2025,TX,S.B. 689,Other anti-LGBTQ bills,harmful,aclu,Defeated,Legislative session ended,2025-06-02,SB689
2025,TN,S.B.0937,Other anti-LGBTQ bills | Other school restrictions | Restricting student & educator rights,harmful,aclu,Passed into Law,Governor signed,2025-05-09,SB937
2025,TN,H.B.1270,Other anti-LGBTQ bills | Other school restrictions | Restricting student & educator rights,harmful,aclu,Advancing,Companion bill became law,2025-05-15,HB1270
2025,RI,S.B.305,Healthcare restrictions | Other healthcare barriers | Religious exemptions | Weakening Civil Rights Laws,harmful,aclu,Defeated,Legislative session adjourned,2025-06-20,S305
2025,OK,S.B.658,Religious exemptions | Weakening Civil Rights Laws,harmful,aclu,Passed into Law,Governor signed,2025-05-10,SB658
2025,OK,S.B.418,Other anti-LGBTQ bills,harmful,aclu,Passed into Law,Governor signed,2025-05-13,SB418
2025,MT,H.B. 734,Other school restrictions | Restricting student & educator rights,harmful,aclu,Defeated,Died in Process,2025-05-20,HB734
2025,MT,H.B. 730,Healthcare restrictions | Other healthcare barriers,harmful,aclu,Defeated,Died in process,2025-05-20,HB730
2025,MT,H.B. 754,Healthcare age restrictions | Healthcare restrictions | Other healthcare barriers,harmful,aclu,Defeated,Died in process,2025-05-20,HB754
2025,MT,H.B. 675,Drag bans | Free speech & expression bans |,harmful,aclu,Defeated,Died in process,2025-05-20,HB675
2025,MT,H.B. 635,Other anti-LGBTQ bills,harmful,aclu,Defeated,Died in process,2025-05-20,HB635
2025,MT,H.B. 682,Healthcare restrictions | Other healthcare barriers,harmful,aclu,Passed into Law,Signed by Governor,2025-05-13,HB682
2025,MT,H.B. 690,Healthcare restrictions | Other healthcare barriers,harmful,aclu,Passed into Law,Governor signed,2025-05-13,HB690
2025,GA,S.B.1,Restricting student & educator rights | School facilities bans | School sports bans,harmful,aclu,Passed into Law,Governor signed,2025-04-28,SB1
2025,WV,S.B.456,Other civil rights restrictions | Re-definition of sex | Restricting student & educator rights | School facilities bans | Weakening Civil Rights Laws,harmful,aclu,Passed into Law,Governor signed,2025-03-18,SB456
2025,TX,H.B. 2354,Other school restrictions | Restricting student & educator rights,harmful,aclu,Defeated,Legislative session ended,2025-06-02,HB2354
2025,TX,H.B. 2969,Religious exemptions | Weakening Civil Rights Laws,harmful,aclu,Defeated,Legislative session ended,2025-06-02,HB2969
2025,TX,S.B. 619,Healthcare restrictions | Other healthcare barriers | Religious exemptions | Weakening Civil Rights Laws,harmful,aclu,Defeated,Legislative session ended,2025-06-02,SB619
2025,TX,H.B. 437,Other anti-LGBTQ bills,harmful,aclu,Defeated,Legislative session ended,2025-06-02,HB437
2025,TX,H.B. 370,Other anti-LGBTQ bills,harmful,aclu,Defeated,Legislative session ended,2025-06-02,HB370
2025,TX,H.B. 1655,Other school restrictions | Restricting student & educator rights,harmful,aclu,Defeated,Legislative session ended,2025-06-02,HB1655
2025,TX,S.B. 2943,Religious exemptions | Weakening Civil Rights Laws,harmful,aclu,Defeated,Legislative session ended,2025-06-02,SB2943
2025,OK,H.B.1688,Barriers to accurate IDs |,harmful,aclu,Passed into Law,Become law without Governor's signature,2025-05-06,HB1688
2025,MT,S.B. 218,Healthcare restrictions | Other healthcare barriers,harmful,aclu,Passed into Law,Governor signed,2025-05-08,SB218
2025,MO,H.B. 1362,Barriers to accurate IDs |,harmful,aclu,Defeated,Legislative session ended,2025-05-15,HB1362
2025,MO,H.B. 156,Re-definition of sex | Weakening Civil Rights Laws,harmful,aclu,Advancing,Referred to committee,2025-05-15,HB156
2025,MO,H.B. 722,Drag bans | Free speech & expression bans |,harmful,aclu,Advancing,Referred to committee,2025-05-15,HB722
2025,MO,H.B. 157,Barriers to accurate IDs |,harmful,aclu,Advancing,Referred to committee,2025-05-15,HB157
2025,MO,H.B. 1053,Re-definition of sex | Weakening Civil Rights Laws,harmful,aclu,Advancing,Referred to committee,2025-05-15,HB1053
2025,MO,H.B. 76,Re-definition of sex | Weakening Civil Rights Laws,harmful,aclu,Advancing,Referred to committee,2025-05-15,HB76
2025,MO,H.B. 1354,Restricting student & educator rights | School facilities bans | School sports bans,harmful,aclu,Advancing,Referred to committee,2025-05-15,HB1354
2025,MO,H.B. 1085,Curriculum censorship | Forced outing in schools | Free speech & expression bans | Other expression restrictions | Other school restrictions | Restricting student & educator rights,harmful,aclu,Advancing,Referred to committee,2025-05-15,HB1085
2025,MO,H.B. 1144,Healthcare restrictions | Other healthcare barriers,harmful,aclu,Defeated,Legislative session ended,2025-05-15,HB1144
2025,MO,H.B. 562,Other anti-LGBTQ bills,harmful,aclu,Defeated,Legislative session ended,2025-05-15,HB562
2025,MO,H.B. 38,Other school restrictions | Religious exemptions | Restricting student & educator rights | Weakening Civil Rights Laws,harmful,aclu,Defeated,Legislative session ended,2025-05-15,HB38
2025,IN,H.B.1412,Healthcare restrictions | Other healthcare barriers,harmful,aclu,Passed into Law,Governor signed,2025-05-01,HB1412
2025,GA,S.B.185,Healthcare restrictions | Prison healthcare restrictions,harmful,aclu,Passed into Law,Governor signed,2025-05-08,SB185
2025,AR,H.B.1684,Forced outing in schools | Restricting student & educator rights,harmful,aclu,Defeated,Legislative session ended,2025-04-16,HB1684
2025,AR,S.B.362,Other anti-LGBTQ bills,harmful,aclu,Advancing,Senate passed; House third reading failed,2025-04-16,SB362
2025,AZ,H.B.2438,Barriers to accurate IDs |,harmful,aclu,Defeated,Vetoed by Governor,2025-05-02,HB2438
2025,AZ,S.B.1586,Healthcare restrictions | Other healthcare barriers,harmful,aclu,Defeated,Vetoed by Governor,2025-05-12,SB1586
2025,AZ,H.B.2868,Other anti-LGBTQ bills,harmful,aclu,Defeated,Vetoed by Governor,2025-05-13,HB2868
2025,AL,H.B.246,Other school restrictions | Restricting student & educator rights,harmful,aclu,Defeated,Legislative session ended,2025-05-14,HB246
2025,AL,H.B.67,Other school restrictions | Restricting student & educator rights,harmful,aclu,Defeated,Legislative session ended,2025-05-14,HB67
2025,AL,H.B.244,Curriculum censorship | Free speech & expression bans | Other expression restrictions | Other school restrictions | Restricting student & educator rights,harmful,aclu,Defeated,Legislative session ended,2025-05-14,HB244
2025,TX,H.B. 1088,Healthcare restrictions | Other healthcare barriers,harmful,aclu,Defeated,Legislative session ended,2025-06-02,HB1088
2025,TX,H.B. 4503,Other anti-LGBTQ bills,harmful,aclu,Defeated,Legislative session ended,2025-06-02,HB4503
2025,TX,S.B. 240,Public accommodation bans,harmful,aclu,Defeated,Legislative session ended,2025-06-02,SB240
2025,TX,S.B. 2826,Healthcare restrictions | Other healthcare barriers,harmful,aclu,Defeated,Legislative session ended,2025-06-02,SB2826
2025,TN,S.B.0955,Healthcare restrictions | Other healthcare barriers | Religious exemptions | Weakening Civil Rights Laws,harmful,aclu,Passed into Law,Governor signed,2025-04-24,SB955
2025,MT,H.B. 400,Other anti-LGBTQ bills | Other school restrictions | Restricting student & educator rights,harmful,aclu,Passed into Law,Signed by Governor,2025-05-01,HB400
2025,RI,H.B.5842,Restricting student & educator rights | School sports bans,harmful,aclu,Defeated,Legislative session adjourned,2025-06-20,H5842
2025,MT,S.B. 437,Barriers to accurate IDs | Other anti-LGBTQ bills | Other school restrictions | Re-definition of sex | Restricting student & educator rights | Weakening Civil Rights Laws,harmful,aclu,Advancing,Signed by Senate President,2025-04-21,SB437
2025,MT,H.B. 655,Religious exemptions | Weakening Civil Rights Laws,harmful,aclu,Passed into Law,Signed by Governor,2025-05-01,HB655
2025,MT,H.B. 471,Curriculum censorship | Restricting student & educator rights,harmful,aclu,Passed into Law,Signed by Governor,2025-05-05,HB471
2025,AR,H.B.1615,Healthcare restrictions | Other healthcare barriers | Religious exemptions | Weakening Civil Rights Laws,harmful,aclu,Passed into Law,Governor signed,2025-04-16,HB1615
2025,AR,S.B.486,Other anti-LGBTQ bills | Public accommodation bans | Restricting student & educator rights | School facilities bans,harmful,aclu,Passed into Law,Governor signed,2025-04-22,SB486
2025,AR,S.B.444,Healthcare restrictions | Other healthcare barriers,harmful,aclu,Passed into Law,Governor signed,2025-04-22,SB444
2025,AR,H.B.1916,Healthcare age restrictions | Healthcare restrictions |,harmful,aclu,Passed into Law,Governor signed,2025-04-22,HB1916
2025,TX,S.B. 406,Barriers to accurate IDs |,harmful,aclu,Defeated,Legislative session ended,2025-06-02,SB406
2025,NV,A.B.240,Restricting student & educator rights | School sports bans,harmful,aclu,Defeated,Legislative session ended,2025-06-02,AB240
2025,NV,S.B.112,Restricting student & educator rights | School sports bans,harmful,aclu,Defeated,Legislative session ended,2025-06-02,SB112
2025,MT,H.B. 121,Other anti-LGBTQ bills | Public accommodation bans | Restricting student & educator rights | School facilities bans,harmful,aclu,Passed into Law,Signed by Governor,2025-03-27,HB121
2025,LA,H.B.418,Other anti-LGBTQ bills,harmful,aclu,Defeated,Legislative session ended,2025-06-12,HB418
2025,KY,H.B.501,Healthcare age restrictions | Healthcare restrictions |,harmful,aclu,Passed into Law,Became law without Governor's signature,2025-04-10,HB501
2025,IN,H.B.1041,Restricting student & educator rights | School sports bans,harmful,aclu,Passed into Law,Signed by the Governor,2025-04-16,HB1041
2025,ID,H.239,Curriculum censorship | Restricting student & educator rights,harmful,aclu,Passed into Law,Governor signed,2025-03-31,H239
2025,ID,H.352,Curriculum censorship | Restricting student & educator rights,harmful,aclu,Passed into Law,Governor signed,2025-03-31,H352
2025,MS,S.B. 2386,Healthcare funding restrictions | Healthcare restrictions |,harmful,aclu,Advancing,Passed Senate and House; due from Governor,2025-04-24,SB2386
2025,TX,S.B. 86,Curriculum censorship | Forced outing in schools | Other school restrictions | Restricting student & educator rights,harmful,aclu,Defeated,Legislative session ended,2025-06-02,SB86
2025,TX,S.B. 983,Curriculum censorship | Restricting student & educator rights,harmful,aclu,Defeated,Legislative session ended,2025-06-02,SB983
2025,TX,H.B. 5541,Religious exemptions | Weakening Civil Rights Laws,harmful,aclu,Defeated,Legislative session ended,2025-06-02,HB5541
2025,TX,H.B. 5593,Other anti-LGBTQ bills,harmful,aclu,Defeated,Legislative session ended,2025-06-02,HB5593
2025,TX,H.B. 5135,Other anti-LGBTQ bills,harmful,aclu,Defeated,Legislative session ended,2025-06-02,HB5135
2025,TN,S.B.0472,Restricting student & educator rights | School facilities bans,harmful,aclu,Advancing,Companion bill passed into law,2025-04-04,SB472
2025,TN,H.B.0064,Restricting student & educator rights | School facilities bans,harmful,aclu,Passed into Law,Signed by Governor,2025-04-03,HB64
2025,PR,P.S.0001,Religious exemptions | Weakening Civil Rights Laws,harmful,aclu,Advancing,Passed House and Senate; signed by House President,2025-04-10,PS1
2025,MS,H.B. 1193,Curriculum censorship | Restricting student & educator rights,harmful,aclu,Advancing,House and Senate passed; due from Governor,2025-04-24,HB1193
2025,KY,H.B.4,Other school restrictions | Restricting student & educator rights,harmful,aclu,Passed into Law,House and Senate override of Governor's veto,2025-03-27,HB4
2025,KS,H.B.2311,Religious exemptions | Weakening Civil Rights Laws,harmful,aclu,Passed into Law,House and Senate override of Governor's veto,2025-04-10,HB2311
2025,ID,S.1027,Other anti-LGBTQ bills,harmful,aclu,Passed into Law,Governor signed,2025-03-24,S1027
2025,ID,S.1198,Other anti-LGBTQ bills,harmful,aclu,Passed into Law,Governor signed,2025-04-04,S1198
2025,GA,S.B.36,Religious exemptions | Weakening Civil Rights Laws,harmful,aclu,Passed into Law,Governor signed,2025-04-04,SB36
2025,AR,H.B.1669,Religious exemptions | Weakening Civil Rights Laws,harmful,aclu,Passed into Law,Governor signed,2025-04-10,HB1669
2025,WY,H.B.0032,Re-definition of sex | Weakening Civil Rights Laws,harmful,aclu,Passed into Law,Became law without Governor's signature,2025-03-14,HB32
2025,WY,H.B.0164,Healthcare age restrictions | Healthcare restrictions |,harmful,aclu,Passed into Law,Governor signed,2025-03-19,HB164
2025,UT,H.B.283,Healthcare age restrictions | Healthcare restrictions | Other anti-LGBTQ bills,harmful,aclu,Passed into Law,Governor signed,2025-03-19,HB283
2025,UT,H.B.252,Healthcare restrictions | Other anti-LGBTQ bills | Prison healthcare restrictions,harmful,aclu,Passed into Law,Governor signed,2025-03-19,HB252
2025,UT,S.B.74,Barriers to accurate IDs |,harmful,aclu,Passed into Law,Governor signed,2025-03-25,SB74
2025,UT,H.B.77,Free speech & expression bans | Other expression restrictions | Other school restrictions | Restricting student & educator rights,harmful,aclu,Passed into Law,Became law without Governor's signature,2025-03-27,HB77
2025,TX,S.B. 1565,Other anti-LGBTQ bills | Other school restrictions | Restricting student & educator rights,harmful,aclu,Defeated,Legislative session ended,2025-06-02,SB1565
2025,TX,H.B. 436,Other anti-LGBTQ bills,harmful,aclu,Defeated,Legislative session ended,2025-06-02,HB436
2025,TX,H.B. 1704,Forced outing in schools | Restricting student & educator rights,harmful,aclu,Defeated,Legislative session ended,2025-06-02,HB1704
2025,TX,H.B. 2291,Barriers to accurate IDs |,harmful,aclu,Defeated,Legislative session ended,2025-06-02,HB2291
2025,TX,H.B. 2342,Other school restrictions | Restricting student & educator rights,harmful,aclu,Defeated,Legislative session ended,2025-06-02,HB2342
2025,TX,H.B. 2258,Healthcare age restrictions | Healthcare restrictions |,harmful,aclu,Defeated,Legislative session ended,2025-06-02,HB2258
2025,TX,H.B. 2062,Public accommodation bans | Restricting student & educator rights | School facilities bans,harmful,aclu,Defeated,Legislative session ended,2025-06-02,HB2062
2025,TX,S.B. 810,Other school restrictions | Restricting student & educator rights,harmful,aclu,Defeated,Legislative session ended,2025-06-02,SB810
2025,TX,H.B. 2549,Barriers to accurate IDs |,harmful,aclu,Defeated,Legislative session ended,2025-06-02,HB2549
2025,TX,H.B. 2548,Curriculum censorship | Restricting student & educator rights,harmful,aclu,Defeated,Legislative session ended,2025-06-02,HB2548
2025,TX,S.B. 1953,Barriers to accurate IDs |,harmful,aclu,Defeated,Legislative session ended,2025-06-02,SB1953
2025,TX,H.B. 2704,Other anti-LGBTQ bills | Restricting student & educator rights | School facilities bans,harmful,aclu,Defeated,Legislative session ended,2025-06-02,HB2704
2025,TX,H.B. 2846,Curriculum censorship | Forced outing in schools | Other school restrictions | Restricting student & educator rights,harmful,aclu,Defeated,Legislative session ended,2025-06-02,HB2846
2025,TX,H.B. 2816,Healthcare restrictions | Other healthcare barriers | Religious exemptions | Weakening Civil Rights Laws,harmful,aclu,Defeated,Legislative session ended,2025-06-02,HB2816
2025,TX,H.B. 3075,Other anti-LGBTQ bills,harmful,aclu,Defeated,Legislative session ended,2025-06-02,HB3075
2025,TX,H.B. 3186,Restricting student & educator rights | School sports bans,harmful,aclu,Defeated,Legislative session ended,2025-06-02,HB3186
2025,TX,H.B. 3431,Healthcare age restrictions | Healthcare restrictions |,harmful,aclu,Defeated,Legislative session ended,2025-06-02,HB3431
2025,TX,H.B. 3427,Other anti-LGBTQ bills,harmful,aclu,Defeated,Legislative session ended,2025-06-02,HB3427
2025,TX,H.B. 3399,Healthcare funding restrictions | Healthcare restrictions | Total healthcare bans,harmful,aclu,Defeated,Legislative session ended,2025-06-02,HB3399
2025,TX,H.B. 3411,Curriculum censorship | Other school restrictions | Restricting student & educator rights,harmful,aclu,Defeated,Legislative session ended,2025-06-02,HB3411
2025,TX,H.B. 3478,Healthcare age restrictions | Healthcare restrictions | Other healthcare barriers,harmful,aclu,Defeated,Legislative session ended,2025-06-02,HB3478
2025,TX,H.B. 3548,Curriculum censorship | Restricting student & educator rights,harmful,aclu,Defeated,Legislative session ended,2025-06-02,HB3548
2025,TX,S.B. 2149,Other anti-LGBTQ bills,harmful,aclu,Defeated,Legislative session ended,2025-06-02,SB2149
2025,TX,H.B. 3616,Forced outing in schools | Other school restrictions | Restricting student & educator rights,harmful,aclu,Defeated,Legislative session ended,2025-06-02,HB3616
2025,TX,H.B. 3817,Other anti-LGBTQ bills,harmful,aclu,Defeated,Legislative session ended,2025-06-02,HB3817
2025,TX,H.B. 3842,Free speech & expression bans | Other expression restrictions | Other school restrictions | Restricting student & educator rights,harmful,aclu,Defeated,Legislative session ended,2025-06-02,HB3842
2025,TX,H.B. 3742,Other school restrictions | Restricting student & educator rights,harmful,aclu,Defeated,Legislative session ended,2025-06-02,HB3742
2025,TX,H.B. 4002,Curriculum censorship | Forced outing in schools | Other school restrictions | Restricting student & educator rights,harmful,aclu,Defeated,Legislative session ended,2025-06-02,HB4002
2025,TX,H.B. 4001,Barriers to accurate IDs | Re-definition of sex | Weakening Civil Rights Laws,harmful,aclu,Defeated,Legislative session ended,2025-06-02,HB4001
2025,TX,H.B. 4333,Other anti-LGBTQ bills,harmful,aclu,Defeated,Legislative session ended,2025-06-02,HB4333
2025,TX,H.B. 4311,Other anti-LGBTQ bills,harmful,aclu,Defeated,Legislative session ended,2025-06-02,HB4311
2025,TX,H.B. 4425,Free speech & expression bans | Other anti-LGBTQ bills | Other expression restrictions,harmful,aclu,Defeated,Legislative session ended,2025-06-02,HB4425
2025,TX,H.B. 4710,Healthcare age restrictions | Healthcare restrictions |,harmful,aclu,Defeated,Legislative session ended,2025-06-02,HB4710
2025,TX,H.B. 2339,Curriculum censorship | Other school restrictions | Restricting student & educator rights,harmful,aclu,Defeated,Legislative session ended,2025-06-02,HB2339
2025,SD,H.B.1259,Public accommodation bans | Restricting student & educator rights | School facilities bans,harmful,aclu,Passed into Law,Signed by Governor,2025-03-31,HB1259
2025,ND,S.B. 2244,Curriculum censorship | Forced outing in schools | Other school restrictions | Restricting student & educator rights,harmful,aclu,Defeated,Legislative session ended,2025-05-02,SB2244
2025,NJ,S.419,Other school restrictions | Restricting student & educator rights,harmful,aclu,Introduced,Carried over,2025-01-14,S419
2025,NJ,A.2720,Other school restrictions | Restricting student & educator rights,harmful,aclu,Introduced,Carried over,2025-01-14,A2720
2025,MT,H.B. 300,Restricting student & educator rights | School facilities bans | School sports bans,harmful,aclu,Passed into Law,Signed by Governor,2025-03-27,HB300
2025,MO,S.B. 704,Healthcare restrictions | Other healthcare barriers,harmful,aclu,Advancing,Second read and referred to committee,2025-03-24,SB704
2025,MO,S.B. 764,Drag bans | Free speech & expression bans |,harmful,aclu,Advancing,Second read and referred to committee,2025-03-27,SB764
2025,MO,S.B. 769,Other anti-LGBTQ bills,harmful,aclu,Advancing,Second read and referred to committee,2025-03-27,SB769
2025,MO,S.B. 272,Other anti-LGBTQ bills,harmful,aclu,Advancing,Reported favorably by committee,2025-04-02,SB272
2025,MS,H.B. 1609,Other anti-LGBTQ bills,harmful,aclu,Defeated,Died in committee,2025-02-04,HB1609
2025,MS,H.B. 1416,Other anti-LGBTQ bills,harmful,aclu,Defeated,Died in committee,2025-02-04,HB1416
2025,MS,S.B. 2223,Other anti-LGBTQ bills,harmful,aclu,Defeated,Died in committee,2025-02-04,SB2223
2025,MS,S.B. 2867,Healthcare funding restrictions | Healthcare restrictions |,harmful,aclu,Advancing,Governor's veto referred to committee,2025-03-28,SB2867
2025,KY,S.B.2,Healthcare restrictions | Prison healthcare restrictions,harmful,aclu,Passed into Law,Became law without Governor's signature,2025-03-27,SB2
2025,ID,H.264,Other anti-LGBTQ bills | Restricting student & educator rights | School facilities bans,harmful,aclu,Passed into Law,Governor signed,2025-04-02,H264
2025,ID,H.59,Healthcare restrictions | Other healthcare barriers | Religious exemptions | Weakening Civil Rights Laws,harmful,aclu,Passed into Law,Governor signed,2025-03-20,H59
2025,ID,H.41,Free speech & expression bans | Other expression restrictions | Other school restrictions | Restricting student & educator rights,harmful,aclu,Passed into Law,Governor signed,2025-03-20,H41
2025,FL,S.B. 100,Free speech & expression bans | Other expression restrictions | Other school restrictions | Restricting student & educator rights,harmful,aclu,Defeated,Legislative session adjourned,2025-06-16,S0100
2025,AR,H.B.1307,Other anti-LGBTQ bills,harmful,aclu,Passed into Law,Governor signed,2025-03-18,HB1307
2025,AR,H.B.1668,Healthcare age restrictions | Healthcare restrictions | Other healthcare barriers,harmful,aclu,Defeated,Legislative session ended,2025-04-16,HB1668
2025,AZ,H.B.2062,Re-definition of sex | Weakening Civil Rights Laws,harmful,aclu,Defeated,Legislative session ended,2025-06-27,HB2062
2025,TX,S.B. 2714,Curriculum censorship | Restricting student & educator rights,harmful,aclu,Defeated,Legislative session ended,2025-06-02,SB2714
2025,KY,H.B.495,Healthcare funding restrictions | Healthcare restrictions |,harmful,aclu,Passed into Law,House and Senate override of Governor's veto,2025-03-27,HB495
2025,CT,S.B.1509,Other anti-LGBTQ bills,harmful,aclu,Defeated,Legislative session adjourned,2025-06-04,SB01509
2025,WY,S.F.0044,Restricting student & educator rights | School sports bans,harmful,aclu,Passed into Law,Governor signed,2025-03-13,SF44
2025,UT,S.B.320,Healthcare restrictions | Other healthcare barriers | Religious exemptions | Weakening Civil Rights Laws,harmful,aclu,Defeated,Legislative session ended,2025-03-07,SB320
2025,UT,H.B.413,Healthcare restrictions | Other healthcare barriers,harmful,aclu,Defeated,Legislative session ended,2025-03-07,HB413
2025,UT,H.B.250,Other school restrictions | Religious exemptions | Restricting student & educator rights | Weakening Civil Rights Laws,harmful,aclu,Defeated,Legislative session ended,2025-03-07,HB250
2025,UT,H.B.401,Drag bans | Free speech & expression bans |,harmful,aclu,Defeated,Legislative session ended,2025-03-07,HB401
2025,TX,S.B. 1696,Barriers to accurate IDs |,harmful,aclu,Defeated,Legislative session ended,2025-06-02,SB1696
2025,TX,H.B. 1521,Other anti-LGBTQ bills,harmful,aclu,Defeated,Legislative session ended,2025-06-02,HB1521
2025,MO,S.B. 588,Other anti-LGBTQ bills,harmful,aclu,Advancing,Second read and referred to committee,2025-03-13,SB588
2025,MO,S.B. 632,Public accommodation bans,harmful,aclu,Advancing,Second read and referred to committee,2025-03-13,SB632
2025,MO,S.B. 597,Public accommodation bans | Restricting student & educator rights | School facilities bans,harmful,aclu,Advancing,Second read and referred to committee,2025-03-13,SB597
2025,MO,S.B. 595,Restricting student & educator rights | School sports bans,harmful,aclu,Advancing,Second read and referred to committee,2025-03-13,SB595
2025,MS,S.B. 2515,Other anti-LGBTQ bills,harmful,aclu,Defeated,Died on calendar,2025-03-12,SB2515
2025,MS,H.B. 188,Other anti-LGBTQ bills,harmful,aclu,Passed into Law,Signed by Governor,2025-03-18,HB188
2025,KY,S.B.132,Healthcare restrictions | Other healthcare barriers | Religious exemptions | Weakening Civil Rights Laws,harmful,aclu,Defeated,Legislative session ended,2025-03-28,SB132
2025,CO,HB25-1253,Forced outing in schools | Healthcare age restrictions | Healthcare restrictions | Other healthcare barriers | Restricting student & educator rights,harmful,aclu,Defeated,Legislative session ended,2025-05-07,HB1253
2025,WY,S.F.0077,Other anti-LGBTQ bills | Other school restrictions | Restricting student & educator rights,harmful,aclu,Passed into Law,Became law without signature,2025-02-27,SF77
2025,WY,H.B.0060,Restricting student & educator rights | School sports bans,harmful,aclu,Defeated,Died in committee,2025-03-03,HB60
2025,WY,S.F.0062,Restricting student & educator rights | School facilities bans,harmful,aclu,Passed into Law,Governor signed,2025-03-03,SF62
2025,WY,H.B.0072,Public accommodation bans | Restricting student & educator rights | School facilities bans,harmful,aclu,Passed into Law,Governor signed,2025-03-03,HB72
2025,WY,H.B.0149,Religious exemptions | Weakening Civil Rights Laws,harmful,aclu,Defeated,Died in committee,2025-03-03,HB149
2025,WY,H.B.0200,Forced outing in schools | Other school restrictions | Restricting student & educator rights,harmful,aclu,Defeated,Died in committee,2025-03-03,HB200
2025,WY,H.B.0222,Religious exemptions | Weakening Civil Rights Laws,harmful,aclu,Defeated,Died in committee,2025-03-03,HB222
2025,WY,S.F.0103,Other anti-LGBTQ bills,harmful,aclu,Defeated,Vetoed by Governor,2025-03-04,SF103
2025,WY,H.B.0207,Religious exemptions | Weakening Civil Rights Laws,harmful,aclu,Passed into Law,Governor signed,2025-03-06,HB207
2025,UT,H.B.487,Other anti-LGBTQ bills,harmful,aclu,Advancing,Strike enacting clause,2025-03-07,HB487
2025,UT,H.B.521,Healthcare funding restrictions | Healthcare restrictions |,harmful,aclu,Defeated,Legislative session ended,2025-03-07,HB521
2025,TX,H.B. 239,Public accommodation bans,harmful,aclu,Defeated,Legislative session ended,2025-06-02,HB239
2025,TX,H.B. 167,Other anti-LGBTQ bills,harmful,aclu,Defeated,Legislative session ended,2025-06-02,HB167
2025,TX,H.B. 477,Barriers to accurate IDs |,harmful,aclu,Defeated,Legislative session ended,2025-06-02,HB477
2025,TX,H.B. 344,Curriculum censorship | Restricting student & educator rights,harmful,aclu,Defeated,Legislative session ended,2025-06-02,HB344
2025,TX,H.B. 403,Other anti-LGBTQ bills,harmful,aclu,Defeated,Legislative session ended,2025-06-02,HB403
2025,TX,H.B. 843,Re-definition of sex | Weakening Civil Rights Laws,harmful,aclu,Defeated,Legislative session ended,2025-06-02,HB843
2025,TX,H.B. 847,Healthcare funding restrictions | Healthcare restrictions |,harmful,aclu,Defeated,Legislative session ended,2025-06-02,HB847
2025,TX,H.B. 980,Re-definition of sex | Weakening Civil Rights Laws,harmful,aclu,Defeated,Legislative session ended,2025-06-02,HB980
2025,TX,H.B. 976,Curriculum censorship | Restricting student & educator rights,harmful,aclu,Defeated,Legislative session ended,2025-06-02,HB976
2025,TX,H.B. 938,Drag bans | Free speech & expression bans |,harmful,aclu,Defeated,Legislative session ended,2025-06-02,HB938
2025,TX,H.B. 973,Other school restrictions | Restricting student & educator rights,harmful,aclu,Defeated,Legislative session ended,2025-06-02,HB973
2025,TX,S.B. 1393,Other anti-LGBTQ bills,harmful,aclu,Defeated,Legislative session ended,2025-06-02,SB1393
2025,TX,H.B. 1015,Restricting student & educator rights | School facilities bans,harmful,aclu,Defeated,Legislative session ended,2025-06-02,HB1015
2025,TX,H.B. 1123,Restricting student & educator rights | School sports bans,harmful,aclu,Defeated,Legislative session ended,2025-06-02,HB1123
2025,TX,H.B. 1016,Restricting student & educator rights | School facilities bans,harmful,aclu,Defeated,Legislative session ended,2025-06-02,HB1016
2025,TX,H.B. 1075,Drag bans | Free speech & expression bans |,harmful,aclu,Defeated,Legislative session ended,2025-06-02,HB1075
2025,TX,H.B. 1014,Restricting student & educator rights | School facilities bans,harmful,aclu,Defeated,Legislative session ended,2025-06-02,HB1014
2025,RI,S.B.270,Healthcare age restrictions | Healthcare restrictions |,harmful,aclu,Defeated,Legislative session adjourned,2025-06-20,S270
2025,MO,H.B. 113,Restricting student & educator rights | School sports bans,harmful,aclu,Advancing,Reported favorably by committee,2025-02-27,HB113
2025,MO,S.B. 493,Healthcare age restrictions | Healthcare restrictions |,harmful,aclu,Advancing,Second read and referred to committee,2025-02-27,SB493
2025,MO,H.B. 35,Healthcare age restrictions | Healthcare restrictions | Other healthcare barriers,harmful,aclu,Advancing,Reported favorably by committee,2025-02-27,HB35
2025,KY,S.B.60,Religious exemptions | Weakening Civil Rights Laws,harmful,aclu,Defeated,Legislative session ended,2025-03-28,SB60
2025,IA,H.F.583,Barriers to accurate IDs | Curriculum censorship | Other civil rights restrictions | Other school restrictions | Re-definition of sex | Restricting student & educator rights | Weakening Civil Rights Laws,harmful,aclu,Advancing,SF 418 substituted; withdrawn,2025-02-27,HF583
2025,IA,S.F.418,Barriers to accurate IDs | Curriculum censorship | Other civil rights restrictions | Other school restrictions | Re-definition of sex | Restricting student & educator rights | Weakening Civil Rights Laws,harmful,aclu,Passed into Law,Governor signed,2025-02-28,SF418
2025,CO,HB25-1255,Healthcare restrictions | Other healthcare barriers | Religious exemptions | Weakening Civil Rights Laws,harmful,aclu,Defeated,Legislative session ended,2025-05-07,HB1255
2025,NJ,A.5419,Healthcare age restrictions | Healthcare restrictions |,harmful,aclu,Advancing,Referred to committee,2025-03-06,A5419
2025,AL,S.B.228,Other anti-LGBTQ bills,harmful,aclu,Defeated,Legislative session ended,2025-05-14,SB228
2025,AL,H.B.418,Other anti-LGBTQ bills,harmful,aclu,Defeated,Legislative session ended,2025-05-14,HB418
2025,UT,H.B.269,Other anti-LGBTQ bills | Public accommodation bans | Restricting student & educator rights | School facilities bans | School sports bans,harmful,aclu,Passed into Law,Governor signed,2025-02-14,HB269
2025,TX,S.B. 1068,Restricting student & educator rights | School sports bans,harmful,aclu,Defeated,Legislative session ended,2025-06-02,SB1068
2025,TX,S.B. 1127,Other anti-LGBTQ bills,harmful,aclu,Defeated,Legislative session ended,2025-06-02,SB1127
2025,TX,H.R. 144,Other anti-LGBTQ bills,harmful,aclu,Defeated,Legislative session adjourned,2025-06-02,HR144
2025,SD,H.B.1177,Other school restrictions | Restricting student & educator rights,harmful,aclu,Defeated,Legislative session ended,2025-03-31,HB1177
2025,SD,H.B.1260,Barriers to accurate IDs |,harmful,aclu,Defeated,Legislative session ended,2025-03-31,HB1260
2025,ND,S.B. 2392,Other anti-LGBTQ bills,harmful,aclu,Defeated,Legislative session ended,2025-05-03,SB2392
2025,MO,S.B. 212,Restricting student & educator rights | School facilities bans,harmful,aclu,Advancing,Reported favorably by committee,2025-02-25,SB212
2025,MO,S.B. 249,Healthcare age restrictions | Healthcare restrictions |,harmful,aclu,Advancing,Second read and referred to committee,2025-02-13,SB249
2025,MO,S.B. 390,Other anti-LGBTQ bills,harmful,aclu,Advancing,Second read and referred to committee,2025-02-17,SB390
2025,MO,S.B. 115,Restricting student & educator rights | School sports bans,harmful,aclu,Advancing,Reported favorably by committee,2025-02-18,SB115
2025,KY,H.B.5,Healthcare restrictions | Other anti-LGBTQ bills | Prison healthcare restrictions,harmful,aclu,Defeated,Legislative session ended,2025-03-28,HB5
2025,KS,S.B.63,Healthcare age restrictions | Healthcare restrictions |,harmful,aclu,Passed into Law,Senate and House override of Governor's veto,2025-02-18,SB63
2025,ID,H.190,Other anti-LGBTQ bills,harmful,aclu,Defeated,Legislative session ended,2025-04-04,H190
2025,ID,H.230,Drag bans | Free speech & expression bans |,harmful,aclu,Defeated,Legislative session ended,2025-04-04,H230
2025,ID,H.138,Healthcare funding restrictions | Healthcare restrictions | Other healthcare barriers,harmful,aclu,Defeated,Legislative session ended,2025-04-04,H138
2025,CO,HB25-1254,Healthcare restrictions | Other healthcare barriers,harmful,aclu,Defeated,Legislative session ended,2025-05-07,HB1254
2025,NM,H.B. 466,Healthcare age restrictions | Healthcare restrictions | Other healthcare barriers,harmful,aclu,Defeated,Legislative session ended,2025-03-22,HB466
2025,NM,H.B. 559,Healthcare restrictions | Other healthcare barriers,harmful,aclu,Defeated,Legislative session ended,2025-03-22,HB559
2025,NM,S.B. 500,Healthcare age restrictions | Healthcare restrictions | Other healthcare barriers,harmful,aclu,Defeated,Legislative session ended,2025-03-22,SB500
2025,NM,S.B. 459,Restricting student & educator rights | School sports bans,harmful,aclu,Defeated,Legislative session ended,2025-03-22,SB459
2025,NM,H.B. 501,Forced outing in schools | Restricting student & educator rights,harmful,aclu,Defeated,Legislative session ended,2025-03-22,HB501
2025,ID,H.328,Healthcare funding restrictions | Healthcare restrictions |,harmful,aclu,Defeated,Legislative session ended,2025-04-04,H328
2025,ID,H.292,Curriculum censorship | Restricting student & educator rights,harmful,aclu,Defeated,Legislative session ended,2025-04-04,H292
2025,ID,H.49,Other anti-LGBTQ bills | Public accommodation bans | Restricting student & educator rights | School facilities bans,harmful,aclu,Defeated,Legislative session ended,2025-04-04,H49
2025,WY,H.B.0274,Restricting student & educator rights | School sports bans,harmful,aclu,Defeated,Legislative session ended,2025-03-06,HB274
2025,TX,S.B. 949,Other anti-LGBTQ bills,harmful,aclu,Defeated,Legislative session adjourned,2025-06-02,SB949
2025,SD,H.B.1201,Forced outing in schools | Other school restrictions | Restricting student & educator rights,harmful,aclu,Defeated,Legislative session ended,2025-03-31,HB1201
2025,MO,H.B. 624,Restricting student & educator rights | School sports bans,harmful,aclu,Advancing,Reported favorably by committee,2025-02-11,HB624
2025,MO,H.B. 36,Restricting student & educator rights | School sports bans,harmful,aclu,Advancing,Reported favorably by committee,2025-02-11,HB36
2025,MO,H.B. 1038,Healthcare age restrictions | Healthcare restrictions |,harmful,aclu,Advancing,Reported favorably by committee,2025-02-11,HB1038
2025,MO,H.B. 1081,Healthcare age restrictions | Healthcare restrictions | Other healthcare barriers,harmful,aclu,Advancing,Reported favorably by committee,2025-02-11,HB1081
2025,MO,H.B. 1016,Healthcare age restrictions | Healthcare restrictions |,harmful,aclu,Advancing,Reported favorably by committee,2025-02-11,HB1016
2025,MO,S.B. 26,Other anti-LGBTQ bills,harmful,aclu,Advancing,Reported favorably by committee,2025-02-13,SB26
2025,MO,S.B. 76,Other civil rights restrictions | Weakening Civil Rights Laws,harmful,aclu,Advancing,Reported favorably by committee,2025-02-13,SB76
2025,MO,S.B. 75,Healthcare age restrictions | Healthcare restrictions | Other healthcare barriers,harmful,aclu,Advancing,Reported favorably by committee,2025-02-13,SB75
2025,MO,S.B. 298,Barriers to accurate IDs |,harmful,aclu,Advancing,Second read and referred to committee,2025-02-13,SB298
2025,KY,S.B.116,Re-definition of sex | Weakening Civil Rights Laws,harmful,aclu,Defeated,Legislative session ended,2025-03-28,SB116
2025,IN,S.B.0235,Other anti-LGBTQ bills,harmful,aclu,Defeated,Legislative session ended,2025-04-24,SB235
2025,CO,HB25-1145,Healthcare age restrictions | Healthcare restrictions | Other healthcare barriers,harmful,aclu,Defeated,Legislative session ended,2025-05-07,HB1145
2025,AZ,S.B.1687,Healthcare age restrictions | Healthcare funding restrictions | Healthcare restrictions | Other healthcare barriers | Prison healthcare restrictions,harmful,aclu,Defeated,Legislative session ended,2025-06-27,SB1687
2025,AL,S.B.79,Other anti-LGBTQ bills | Restricting student & educator rights | School facilities bans,harmful,aclu,Passed into Law,Governor signed,2025-02-13,SB79
2025,RI,S.B.304,Restricting student & educator rights | School sports bans,harmful,aclu,Defeated,Legislative session adjourned,2025-06-20,S304
2025,NM,H.B. 380,Other anti-LGBTQ bills | Restricting student & educator rights | School facilities bans,harmful,aclu,Defeated,Legislative session ended,2025-03-22,HB380
2025,MD,H.B.1385,Curriculum censorship | Forced outing in schools | Other school restrictions | Restricting student & educator rights,harmful,aclu,Defeated,Legislative session ended,2025-04-07,HB1385
2025,MD,H.B.1399,Healthcare age restrictions | Healthcare restrictions |,harmful,aclu,Defeated,Legislative session ended,2025-04-07,HB1399
2025,ID,H.179,Curriculum censorship | Restricting student & educator rights,harmful,aclu,Defeated,Legislative session ended,2025-04-04,H179
2025,WY,H.B.0115,Healthcare restrictions | Other healthcare barriers | Religious exemptions | Weakening Civil Rights Laws,harmful,aclu,Defeated,Legislative session ended,2025-03-06,HB115
2025,VA,H.B. 2405,Healthcare age restrictions | Healthcare restrictions |,harmful,aclu,Defeated,Legislative session ended,2025-02-22,HB2405
2025,VA,H.B. 1809,Restricting student & educator rights | School sports bans,harmful,aclu,Defeated,Legislative session ended,2025-02-22,HB1809
2025,VA,H.B. 2146,Healthcare restrictions | Other healthcare barriers,harmful,aclu,Defeated,Legislative session ended,2025-02-22,HB2146
2025,VA,H.B. 2182,Forced outing in schools | Other anti-LGBTQ bills | Other school restrictions | Restricting student & educator rights,harmful,aclu,Defeated,Legislative session ended,2025-02-22,HB2182
2025,VA,H.B. 2605,Religious exemptions | Weakening Civil Rights Laws,harmful,aclu,Defeated,Legislative session ended,2025-02-22,HB2605
2025,VA,H.B. 1229,Public accommodation bans | Restricting student & educator rights | School facilities bans | School sports bans,harmful,aclu,Defeated,Legislative session ended,2025-02-22,HB1229
2025,VA,H.B. 8,Healthcare restrictions | Other healthcare barriers | Religious exemptions | Weakening Civil Rights Laws,harmful,aclu,Defeated,Legislative session ended,2025-02-22,HB8
2025,TX,S.B. 116,Healthcare restrictions | Other healthcare barriers,harmful,aclu,Defeated,Legislative session adjourned,2025-06-02,SB116
2025,TX,S.B. 115,Healthcare funding restrictions | Healthcare restrictions | Other healthcare barriers,harmful,aclu,Defeated,Legislative session adjourned,2025-06-02,SB115
2025,TX,S.B. 84,Barriers to accurate IDs | Re-definition of sex | Weakening Civil Rights Laws,harmful,aclu,Defeated,Legislative session adjourned,2025-06-02,SB84
2025,TX,S.B. 753,Healthcare age restrictions | Healthcare restrictions | Other healthcare barriers,harmful,aclu,Defeated,Legislative session adjourned,2025-06-02,SB753
2025,MS,S.B. 2364,Other anti-LGBTQ bills,harmful,aclu,Defeated,Died in committee,2025-02-04,SB2364
2025,MS,S.B. 2870,Curriculum censorship | Forced outing in schools | Other school restrictions | Restricting student & educator rights,harmful,aclu,Defeated,Died in committee,2025-02-04,SB2870
2025,MS,H.B. 1516,Curriculum censorship | Forced outing in schools | Other school restrictions | Restricting student & educator rights,harmful,aclu,Defeated,Died in committee,2025-02-04,HB1516
2025,MS,S.B. 2516,Restricting student & educator rights | School facilities bans,harmful,aclu,Defeated,Died in committee,2025-02-04,SB2516
2025,MS,S.B. 2468,Other school restrictions | Restricting student & educator rights,harmful,aclu,Defeated,Died in committee,2025-02-04,SB2468
2025,MS,H.B. 1385,Curriculum censorship | Other school restrictions | Restricting student & educator rights,harmful,aclu,Defeated,Died in committee,2025-02-04,HB1385
2025,MS,H.B. 1060,Forced outing in schools | Other school restrictions | Restricting student & educator rights,harmful,aclu,Defeated,Died in committee,2025-02-04,HB1060
2025,MS,H.B. 1246,Other anti-LGBTQ bills,harmful,aclu,Defeated,Died in committee,2025-02-04,HB1246
2025,MS,H.B. 1542,Curriculum censorship | Other anti-LGBTQ bills | Restricting student & educator rights,harmful,aclu,Defeated,Died in committee,2025-02-04,HB1542
2025,MS,H.B. 1605,Restricting student & educator rights | School facilities bans,harmful,aclu,Defeated,Died in committee,2025-02-04,HB1605
2025,MS,S.B. 2218,Restricting student & educator rights | School facilities bans,harmful,aclu,Defeated,Died in committee,2025-02-04,SB2218
2025,MS,H.B. 1422,Religious exemptions | Weakening Civil Rights Laws,harmful,aclu,Defeated,Died in committee,2025-02-04,HB1422
2025,MS,S.B. 2896,Curriculum censorship | Forced outing in schools | Restricting student & educator rights,harmful,aclu,Defeated,Died in committee,2025-02-04,SB2896
2025,MS,S.B. 2370,Other anti-LGBTQ bills,harmful,aclu,Defeated,Died in committee,2025-02-04,SB2370
2025,MD,S.B.0588,Restricting student & educator rights | School sports bans,harmful,aclu,Defeated,Legislative session ended,2025-04-07,SB588
2025,MD,H.B.0156,Restricting student & educator rights | School sports bans,harmful,aclu,Defeated,Legislative session ended,2025-04-07,HB156
2025,KY,H.B.154,Healthcare funding restrictions | Healthcare restrictions |,harmful,aclu,Defeated,Legislative session ended,2025-03-28,HB154
2025,KY,H.B.177,Religious exemptions | Weakening Civil Rights Laws,harmful,aclu,Defeated,Legislative session ended,2025-03-28,HB177
2025,KY,H.B.163,Other anti-LGBTQ bills,harmful,aclu,Defeated,Legislative session ended,2025-03-28,HB163
2025,ID,S.1048,Other anti-LGBTQ bills,harmful,aclu,Defeated,Legislative session ended,2025-04-04,S1048
2025,SD,H.B.1269,Free speech & expression bans | Other expression restrictions,harmful,aclu,Defeated,Legislative session ended,2025-03-31,HB1269
2025,SD,H.B.1211,Other anti-LGBTQ bills,harmful,aclu,Defeated,Legislative session ended,2025-03-31,HB1211
2025,MD,H.B.1019,Religious exemptions | Weakening Civil Rights Laws,harmful,aclu,Defeated,Legislative session ended,2025-04-07,HB1019
2025,MD,S.B.0948,Curriculum censorship | Forced outing in schools | Other school restrictions | Restricting student & educator rights,harmful,aclu,Defeated,Legislative session ended,2025-04-07,SB948
2025,KY,H.B.314,Other anti-LGBTQ bills,harmful,aclu,Defeated,Legislative session ended,2025-03-28,HB314
2025,AL,H.B.107,Re-definition of sex | Weakening Civil Rights Laws,harmful,aclu,Defeated,Legislative session ended,2025-05-14,HB107
2025,NM,H.B. 185,Restricting student & educator rights | School sports bans,harmful,aclu,Defeated,Legislative session ended,2025-03-22,HB185
2025,VA,S.B. 749,Restricting student & educator rights | School sports bans,harmful,aclu,Defeated,Legislative session ended,2025-02-22,SB749
2025,VA,S.B. 1079,Restricting student & educator rights | School sports bans,harmful,aclu,Defeated,Legislative session ended,2025-02-22,SB1079
2025,VA,S.B. 1074,Forced outing in schools | Healthcare age restrictions | Healthcare funding restrictions | Healthcare restrictions | Restricting student & educator rights,harmful,aclu,Defeated,Legislative session ended,2025-02-22,SB1074
2025,MO,S.B. 117,Forced outing in schools | Other school restrictions | Religious exemptions | Restricting student & educator rights | Weakening Civil Rights Laws,harmful,aclu,Advancing,Second read and referred to committee,2025-01-23,SB117
2025,ID,H.10,Free speech & expression bans | Other expression restrictions | Other school restrictions | Restricting student & educator rights,harmful,aclu,Defeated,Legislative session ended,2025-04-04,H10
2025,CT,S.B.1045,Healthcare age restrictions | Healthcare restrictions |,harmful,aclu,Defeated,Legislative session adjourned,2025-06-04,SB01045
2025,CT,H.B.6178,Other anti-LGBTQ bills,harmful,aclu,Defeated,Legislative session adjourned,2025-06-04,HB06178
2025,CT,H.B.6201,Restricting student & educator rights | School sports bans,harmful,aclu,Defeated,Legislative session adjourned,2025-06-04,HB06201
2025,CT,H.B.6609,Healthcare age restrictions | Healthcare restrictions |,harmful,aclu,Defeated,Legislative session adjourned,2025-06-04,HB06609
2025,MO,H.B. 135,Barriers to accurate IDs |,harmful,aclu,Advancing,Referred to committee,2025-01-16,HB135
2025,CT,H.B.5789,Restricting student & educator rights | School sports bans,harmful,aclu,Defeated,Legislative session adjourned,2025-06-04,HB05789
2025,IN,S.B.0239,Religious exemptions | Weakening Civil Rights Laws,harmful,aclu,Defeated,Legislative session ended,2025-04-24,SB239
2025,IN,H.B.1528,Other anti-LGBTQ bills,harmful,aclu,Defeated,Legislative session ended,2025-04-24,HB1528
2025,IN,H.B.1428,Religious exemptions | Weakening Civil Rights Laws,harmful,aclu,Defeated,Legislative session ended,2025-04-24,HB1428
2025,IN,H.B.1456,Other anti-LGBTQ bills,harmful,aclu,Defeated,Legislative session ended,2025-04-24,HB1456
2025,CT,S.B.592,Restricting student & educator rights | School sports bans,harmful,aclu,Defeated,Legislative session adjourned,2025-06-04,SB00592
2025,CT,H.B.5336,Healthcare age restrictions | Healthcare restrictions | Other healthcare barriers,harmful,aclu,Defeated,Legislative session adjourned,2025-06-04,HB05336
2025,CT,H.B.5370,Healthcare age restrictions | Healthcare restrictions |,harmful,aclu,Defeated,Legislative session adjourned,2025-06-04,HB05370
2025,IN,S.B.0479,Healthcare restrictions | Other healthcare barriers,harmful,aclu,Defeated,Legislative session ended,2025-04-24,SB479
2025,NJ,A.2580,Curriculum censorship | Restricting student & educator rights,harmful,aclu,Introduced,Carried over,2025-01-14,A2580
2025,NJ,A.531,Curriculum censorship | Restricting student & educator rights,harmful,aclu,Introduced,Carried over,2025-01-14,A531
2025,NJ,A.410,Other school restrictions | Restricting student & educator rights,harmful,aclu,Introduced,Carried over,2025-01-14,A410
2025,NJ,S.1329,Other school restrictions | Restricting student & educator rights,harmful,aclu,Introduced,Carried over,2025-01-14,S1329
2025,CT,S.B.36,Curriculum censorship | Restricting student & educator rights,harmful,aclu,Defeated,Legislative session adjourned,2025-06-04,SB00036
2025,IN,S.B.0441,Barriers to accurate IDs | Re-definition of sex | Weakening Civil Rights Laws,harmful,aclu,Advancing,Legislative session ended,2025-04-24,SB441
2025,VA,S.B. 723,Restricting student & educator rights | School sports bans,harmful,aclu,Defeated,Legislative session ended,2025-02-22,SB723
2025,VA,S.B. 68,Restricting student & educator rights | School sports bans,harmful,aclu,Defeated,Legislative session ended,2025-02-22,SB68
2025,VA,S.B. 671,Healthcare age restrictions | Healthcare restrictions |,harmful,aclu,Defeated,Legislative session ended,2025-02-22,SB671
2025,VA,H.B. 670,Forced outing in schools | Other anti-LGBTQ bills | Restricting student & educator rights,harmful,aclu,Defeated,Legislative session ended,2025-02-22,HB670
2025,VA,H.B. 1120,Restricting student & educator rights | School sports bans,harmful,aclu,Defeated,Legislative session ended,2025-02-22,HB1120
2025,VA,H.J. 86,Re-definition of sex | Weakening Civil Rights Laws,harmful,aclu,Defeated,Legislative session ended,2025-02-22,HJ86
2025,VA,S.B. 37,Forced outing in schools | Other anti-LGBTQ bills | Restricting student & educator rights,harmful,aclu,Defeated,Legislative session ended,2025-02-22,SB37
2025,NJ,A.670,Curriculum censorship | Restricting student & educator rights,harmful,aclu,Introduced,Carried over,2025-01-09,A670
2025,NJ,S.1331,Restricting student & educator rights | School sports bans,harmful,aclu,Introduced,Carried over,2025-01-14,S1331
2026,WV,H.B.2795,Healthcare restrictions | Other anti-LGBTQ bills | Other healthcare barriers | Other school restrictions | Public accommodation bans | Restricting student & educator rights,harmful,aclu,Introduced,Carried over,2026-01-14,HB2795
2026,VA,H.B. 158,Healthcare restrictions | Other healthcare barriers,harmful,aclu,Advancing,House referred to committee,2026-01-06,HB158
2026,VA,S.B. 411,Healthcare age restrictions | Healthcare funding restrictions | Healthcare restrictions |,harmful,aclu,Advancing,Assigned to Senate subcommittee,2026-01-30,SB411
2026,VA,S.B. 561,Restricting student & educator rights | School facilities bans,harmful,aclu,Advancing,Passed by indefinitely in Senate committee,2026-01-29,SB561
2026,VA,S.B. 703,Restricting student & educator rights | School sports bans,harmful,aclu,Advancing,Passed by indefinitely in Senate committee,2026-01-29,SB703
2026,VA,H.B. 1242,Restricting student & educator rights | School sports bans,harmful,aclu,Advancing,House committee Referral Pending,2026-01-14,HB1242
2026,VA,S.B. 560,Restricting student & educator rights | School sports bans,harmful,aclu,Advancing,Passed by indefinitely in Senate committee,2026-01-29,SB560
2026,VA,S.B. 295,Restricting student & educator rights | School sports bans,harmful,aclu,Advancing,Passed by indefinitely in Senate committee,2026-01-29,SB295
2026,UT,H.B.174,Healthcare age restrictions | Healthcare restrictions |,harmful,aclu,Advancing,House second read as amended,2026-01-28,HB174
2026,UT,H.B.193,Healthcare funding restrictions | Healthcare restrictions |,harmful,aclu,Advancing,House second read as substituted,2026-01-28,HB193
2026,TN,H.B.1271,Re-definition of sex | Weakening Civil Rights Laws,harmful,aclu,Advancing,Taken off notice for House committee calendar,2026-01-21,HB1271
2026,TN,H.B.1666,Other school restrictions | Restricting student & educator rights,harmful,aclu,Advancing,Senate passed on second consideration and referred to subcommittee,2026-01-21,HB1666
2026,TN,S.B.1665,Other school restrictions | Restricting student & educator rights,harmful,aclu,Advancing,Senate passed on second consideration and referred to committee,2026-01-21,SB1665
2026,SC,H.B.4756,Restricting student & educator rights | School facilities bans,harmful,aclu,Advancing,House second read and passed as amended,2026-01-29,H4756
2026,OK,S.B.2003,Public accommodation bans | Restricting student & educator rights | School facilities bans,harmful,aclu,Advancing,Senate second read and referred to committee,2026-02-03,SB2003
2026,OK,S.B.1912,Healthcare age restrictions | Healthcare restrictions | Other healthcare barriers,harmful,aclu,Advancing,Senate second read and referred to committee,2026-02-03,SB1912
2026,OK,S.B.1736,Curriculum censorship | Restricting student & educator rights,harmful,aclu,Advancing,Senate second read and referred to committee,2026-02-03,SB1736
2026,OK,S.B.1905,Healthcare funding restrictions | Healthcare restrictions | Total healthcare bans,harmful,aclu,Advancing,Senate second read and referred to committee,2026-02-03,SB1905
2026,NH,S.B.268,Healthcare age restrictions | Healthcare restrictions | Other civil rights restrictions | Weakening Civil Rights Laws,harmful,aclu,Advancing,Senate enrolled and adopted; House enrolled,2026-01-27,SB268
2026,NH,H.B.1778,Curriculum censorship | Restricting student & educator rights,harmful,aclu,Advancing,Public hearing,2026-02-02,HB1778
2026,NE,L.B.732,Healthcare age restrictions | Healthcare restrictions |,harmful,aclu,Advancing,"Motion to indefinitely postpone, bracket, and recommit to committee filed",2026-01-30,LB732
2026,MO,H.B. 1973,Restricting student & educator rights | School sports bans,harmful,aclu,Advancing,Reported favorably by House committee,2026-01-28,HB1973
2026,MO,S.B. 861,Healthcare age restrictions | Healthcare restrictions |,harmful,aclu,Advancing,Senate committee hearing conducted,2026-01-28,SB861
2026,MO,H.B. 1607,Restricting student & educator rights | School sports bans,harmful,aclu,Advancing,Reported favorably by House committee,2026-01-28,HB1607
2026,MO,H.B. 1672,Healthcare age restrictions | Healthcare restrictions |,harmful,aclu,Advancing,Reported favorably by House committee,2026-01-28,HB1672
2026,MO,H.B. 1854,Healthcare age restrictions | Healthcare restrictions |,harmful,aclu,Advancing,Reported favorably by House committee,2026-01-28,HB1854
2026,MO,H.B. 1608,Healthcare age restrictions | Healthcare restrictions |,harmful,aclu,Advancing,Reported favorably by House committee,2026-01-28,HB1608
2026,MO,S.B. 1389,Public accommodation bans,harmful,aclu,Advancing,Second read and referred to committee,2026-01-27,SB1389
2026,MO,S.B. 1204,Other civil rights restrictions | Weakening Civil Rights Laws,harmful,aclu,Advancing,Senate second read and referred to committee,2026-01-27,SB1204
2026,MO,S.B. 1200,Healthcare age restrictions | Healthcare restrictions |,harmful,aclu,Advancing,Senate second read and referred to committee,2026-01-27,SB1200
2026,MO,S.B. 1334,Forced outing in schools | Other school restrictions | Restricting student & educator rights,harmful,aclu,Advancing,Senate second read and referred to committee,2026-01-27,SB1334
2026,MO,S.B. 1278,Restricting student & educator rights | School sports bans,harmful,aclu,Advancing,Senate second read and referred to committee,2026-01-27,SB1278
2026,MO,S.B. 1333,Other anti-LGBTQ bills,harmful,aclu,Advancing,Second read and referred to committee,2026-01-27,SB1333
2026,MO,S.B. 1264,Healthcare age restrictions | Healthcare restrictions |,harmful,aclu,Advancing,Senate second read and referred to committee,2026-01-27,SB1264
2026,MO,S.B. 1190,Healthcare restrictions | Other healthcare barriers,harmful,aclu,Advancing,Senate second read and referred to committee,2026-01-27,SB1190
2026,MO,H.B. 2033,Healthcare age restrictions | Healthcare restrictions |,harmful,aclu,Advancing,Reported favorably and re-referred to committee,2026-01-29,HB2033
2026,MO,H.B. 1663,Restricting student & educator rights | School sports bans,harmful,aclu,Advancing,Reported favorably and re-referred to committee,2026-01-29,HB1663
2026,MD,H.B.0356,Religious exemptions | Weakening Civil Rights Laws,harmful,aclu,Advancing,House hearing,2026-02-17,HB356
2026,MD,S.B.0050,Restricting student & educator rights | School sports bans,harmful,aclu,Advancing,Senate hearing,2026-02-18,SB50
2026,IA,H.S.B.542,Other anti-LGBTQ bills,harmful,aclu,Advancing,House subcommittee reassigned,2026-01-20,HSB542
2026,IA,H.S.B.537,Other anti-LGBTQ bills,harmful,aclu,Advancing,House subcommittee reassigned,2026-01-20,HSB537
2026,IA,H.F.922,Other anti-LGBTQ bills,harmful,aclu,Advancing,House subcommittee hearing,2026-02-03,HF922
2026,IA,S.F.2063,Other school restrictions | Restricting student & educator rights,harmful,aclu,Advancing,Reported favorably by Senate subcommittee,2026-01-29,SF2063
2026,IN,S.B.0182,Barriers to accurate IDs | Other anti-LGBTQ bills | Re-definition of sex | Weakening Civil Rights Laws,harmful,aclu,Advancing,Senate passed; House first read and referred to committee,2026-01-29,SB182
2026,IN,H.B.1389,Religious exemptions | Weakening Civil Rights Laws,harmful,aclu,Advancing,"House second read, engrossed, and amendment failed",2026-01-29,HB1389
2026,ID,H.516,Curriculum censorship | Restricting student & educator rights,harmful,aclu,Advancing,Referred to House committee,2026-01-23,H516
2026,HI,H.B.257,Barriers to accurate IDs |,harmful,aclu,Introduced,Carried over,2026-01-21,HB257
2026,HI,H.B.268,Restricting student & educator rights | School sports bans,harmful,aclu,Introduced,Carried over,2026-01-21,HB268
2026,HI,H.B.207,Restricting student & educator rights | School sports bans,harmful,aclu,Introduced,Carried over,2026-01-21,HB207
2026,FL,S.B. 1134,Other anti-LGBTQ bills,harmful,aclu,Advancing,On Senate committee agenda,2026-02-03,S1134
2026,FL,S.B. 1566,Other anti-LGBTQ bills,harmful,aclu,Advancing,Senate referred to committee,2026-01-16,S1566
2026,FL,S.B. 1642,Other anti-LGBTQ bills | Religious exemptions | Weakening Civil Rights Laws,harmful,aclu,Advancing,On Senate committee agenda,2026-02-02,S1642
2026,FL,S.B. 1444,Religious exemptions | Weakening Civil Rights Laws,harmful,aclu,Advancing,Reported favorably and re-referred to Senate committee,2026-01-28,S1444
2026,AZ,H.C.R.2044,Other school restrictions | Restricting student & educator rights,harmful,aclu,Advancing,House second read,2026-01-26,HCR2044
2026,AZ,S.B.1015,Healthcare restrictions | Other healthcare barriers,harmful,aclu,Advancing,Senate consent by Minority and Majority Caucus,2026-01-27,SB1015
2026,AZ,H.B.2249,Forced outing in schools | Restricting student & educator rights,harmful,aclu,Advancing,House consent by Minority and Majority Caucus,2026-01-27,HB2249
2026,AZ,S.C.R.1006,Other school restrictions | Religious exemptions | Restricting student & educator rights | School facilities bans | Weakening Civil Rights Laws,harmful,aclu,Advancing,Reported favorably by Senate committee,2026-01-28,SCR1006
2026,AZ,S.B.1095,Healthcare age restrictions | Healthcare restrictions |,harmful,aclu,Advancing,Reported favorably by Senate committee,2026-01-28,SB1095
2026,WV,S.B.590,Drag bans | Free speech & expression bans |,harmful,aclu,Advancing,Referred to Senate committee,2026-01-23,SB590
2026,WV,S.B.629,Healthcare age restrictions | Healthcare funding restrictions | Healthcare restrictions | Other healthcare barriers | Other school restrictions | Restricting student & educator rights,harmful,aclu,Advancing,Referred to Senate committee,2026-01-27,SB629
2026,UT,S.B.212,Religious exemptions | Weakening Civil Rights Laws,harmful,aclu,Advancing,Referred to Senate committee,2026-01-30,SB212
2026,TN,S.B.2118,Healthcare funding restrictions | Healthcare restrictions |,harmful,aclu,Introduced,,2026-01-22,SB2118
2026,SD,H.B.1153,Healthcare restrictions | Other healthcare barriers | Religious exemptions | Weakening Civil Rights Laws,harmful,aclu,Advancing,House first read and referred to committee,2026-01-27,HB1153
2026,SD,S.B.190,Curriculum censorship | Forced outing in schools | Other school restrictions | Restricting student & educator rights,harmful,aclu,Advancing,Senate first read and referred to committee,2026-01-29,SB190
2026,RI,S.B.2293,Restricting student & educator rights | School sports bans,harmful,aclu,Advancing,Referred to Senate committee,2026-01-23,S2293
2026,NM,H.B. 233,Restricting student & educator rights | School sports bans,harmful,aclu,Introduced,,2026-01-29,HB233
2026,NJ,A.1847,Healthcare age restrictions | Healthcare restrictions |,harmful,aclu,Advancing,Referred to Assembly committee,2026-01-13,A1847
2026,NJ,A.673,Restricting student & educator rights | School sports bans,harmful,aclu,Advancing,Referred to Assembly committee,2026-01-13,A673
2026,NJ,A.1605,Curriculum censorship | Restricting student & educator rights,harmful,aclu,Advancing,Referred to Assembly committee,2026-01-13,A1605
2026,NJ,A.3021,Curriculum censorship | Restricting student & educator rights,harmful,aclu,Advancing,Referred to Assembly committee,2026-01-13,A3021
2026,MS,S.B. 2719,Drag bans | Free speech & expression bans |,harmful,aclu,Advancing,Referred to Senate committee,2026-01-19,SB2719
2026,MS,S.B. 2342,Public accommodation bans | Restricting student & educator rights | School facilities bans,harmful,aclu,Advancing,Referred to Senate committee,2026-01-19,SB2342
2026,MS,S.B. 2735,Healthcare funding restrictions | Healthcare restrictions |,harmful,aclu,Advancing,Referred to Senate committee,2026-01-19,SB2735
2026,MI,H.B.5491,Other anti-LGBTQ bills,harmful,aclu,Advancing,House first read and referred to committee,2026-01-29,HB5491
2026,KS,S.B.244,Barriers to accurate IDs | Public accommodation bans | Re-definition of sex | Restricting student & educator rights | School facilities bans | Weakening Civil Rights Laws,harmful,aclu,Advancing,House passed substitute bill as amended; Senate concurred,2026-01-28,SB244
2026,HI,H.B.2513,Healthcare age restrictions | Healthcare restrictions |,harmful,aclu,Advancing,House first read,2026-01-28,HB2513
2026,MD,H.B.0063,Restricting student & educator rights | School facilities bans | School sports bans,harmful,aclu,Advancing,House hearing,2026-02-05,HB63
2026,KY,H.B.334,Other civil rights restrictions | Re-definition of sex | Weakening Civil Rights Laws,harmful,aclu,Advancing,Referred to House committee,2026-01-21,HB334
2026,IA,S.F.2003,Curriculum censorship | Restricting student & educator rights,harmful,aclu,Advancing,Reported favorably by Senate subcommittee,2026-01-21,SF2003
2026,FL,H.B. 743,Healthcare age restrictions | Healthcare restrictions |,harmful,aclu,Advancing,House first read as substituted and referred to subcommittee,2026-01-21,H0743
2026,AZ,H.C.R.2003,Restricting student & educator rights | School facilities bans | School sports bans,harmful,aclu,Advancing,Reported favorably by House committee,2026-01-20,HCR2003
2026,AZ,H.B.2589,Drag bans | Free speech & expression bans |,harmful,aclu,Advancing,House second read,2026-01-21,HB2589
2026,AZ,S.B.1177,Healthcare funding restrictions | Healthcare restrictions |,harmful,aclu,Advancing,Senate second read,2026-01-21,SB1177
2026,AZ,H.B.2085,Healthcare age restrictions | Healthcare restrictions |,harmful,aclu,Advancing,Reported favorably by House committee,2026-01-22,HB2085
2026,WV,H.B.4171,Barriers to accurate IDs |,harmful,aclu,Advancing,Referred to House committee,2026-01-14,HB4171
2026,WV,S.B.507,Healthcare restrictions | Other healthcare barriers,harmful,aclu,Advancing,Referred to Senate committee,2026-01-19,SB507
2026,UT,S.B.174,Healthcare restrictions | Other healthcare barriers | Religious exemptions | Weakening Civil Rights Laws,harmful,aclu,Advancing,Senate first read and referred to committee,2026-01-06,SB174
2026,SC,S.B.0840,Curriculum censorship | Forced outing in schools | Restricting student & educator rights,harmful,aclu,Advancing,Senate first read and referred to committee,2026-01-21,S840
2026,MS,H.B. 1200,Restricting student & educator rights | School facilities bans,harmful,aclu,Advancing,Referred to House committee,2026-01-19,HB1200
2026,MS,S.B. 2602,Curriculum censorship | Other school restrictions | Restricting student & educator rights,harmful,aclu,Advancing,Referred to House committee,2026-01-19,SB2602
2026,MS,S.B. 2345,Restricting student & educator rights | School facilities bans,harmful,aclu,Advancing,Referred to House committee,2026-01-19,SB2345
2026,MS,S.B. 2525,Curriculum censorship | Restricting student & educator rights,harmful,aclu,Advancing,Referred to House committee,2026-01-19,SB2525
2026,MS,H.B. 1659,Curriculum censorship | Other school restrictions | Restricting student & educator rights,harmful,aclu,Advancing,Referred to House committee,2026-01-19,HB1659
2026,MS,H.B. 1309,Forced outing in schools | Other school restrictions | Restricting student & educator rights,harmful,aclu,Advancing,Referred to House committee,2026-01-19,HB1309
2026,MS,H.B. 1072,Healthcare restrictions | Other healthcare barriers,harmful,aclu,Advancing,Reported favorably by House committee,2026-01-22,HB1072
2026,IA,H.F.2121,Curriculum censorship | Restricting student & educator rights,harmful,aclu,Advancing,House subcommittee hearing,2026-01-27,HF2121
2026,IL,H.B.4482,Healthcare age restrictions | Healthcare restrictions |,harmful,aclu,Advancing,House first read and referred to committee,2026-01-20,HB4482
2026,DE,S.B. 215,Restricting student & educator rights | School sports bans,harmful,aclu,Advancing,Referred to Senate committee,2026-01-08,SB215
2026,WV,H.B.4083,Healthcare restrictions | Other healthcare barriers,harmful,aclu,Advancing,Referred to House committee,2026-01-14,HB4083
2026,WV,H.B.4143,Other anti-LGBTQ bills | Other civil rights restrictions | Re-definition of sex | Weakening Civil Rights Laws,harmful,aclu,Advancing,Referred to House committee,2026-01-14,HB4143
2026,WV,H.B.4356,Healthcare restrictions | Other healthcare barriers,harmful,aclu,Advancing,Referred to House committee,2026-01-15,HB4356
2026,WA,S.B. 6191,Healthcare age restrictions | Healthcare restrictions |,harmful,aclu,Advancing,House first read and referred to committee,2026-01-16,SB6191
2026,VA,H.B. 532,Forced outing in schools | Healthcare restrictions | Other healthcare barriers | Other school restrictions | Restricting student & educator rights,harmful,aclu,Advancing,Referred to House committee,2026-01-15,HB532
2026,UT,H.B.183,Barriers to accurate IDs | Healthcare restrictions | Other anti-LGBTQ bills | Other civil rights restrictions | Other healthcare barriers | Re-definition of sex | Restricting student & educator rights | School facilities bans | Weakening Civil Rights Laws,harmful,aclu,Introduced,Pre-filed,2026-01-20,HB183
2026,UT,H.B.95,Other school restrictions | Religious exemptions | Restricting student & educator rights | Weakening Civil Rights Laws,harmful,aclu,Introduced,Pre-filed,2026-01-20,HB95
2026,TN,H.B.1474,Free speech & expression bans | Other expression restrictions,harmful,aclu,Advancing,Passed on second consideration and assigned to House subcommittee,2026-01-14,HB1474
2026,SC,S.B.0733,Drag bans | Free speech & expression bans |,harmful,aclu,Advancing,Senate first read and referred to committee,2026-01-13,S733
2026,PA,H.B.1956,Other civil rights restrictions | Weakening Civil Rights Laws,harmful,aclu,Introduced,Carried over,2026-01-06,HB1956
2026,OK,S.B.1866,Curriculum censorship | Restricting student & educator rights,harmful,aclu,Advancing,"Pre-filed, first reading scheduled",2026-02-02,SB1866
2026,OK,S.B.1793,Healthcare funding restrictions | Healthcare restrictions |,harmful,aclu,Advancing,"Pre-filed, first reading scheduled",2026-02-02,SB1793
2026,OK,H.B.3130,Healthcare age restrictions | Healthcare funding restrictions | Healthcare restrictions | Other healthcare barriers,harmful,aclu,Advancing,"Pre-filed, first reading scheduled",2026-02-02,HB3130
2026,OK,H.B.3136,Healthcare restrictions | Other healthcare barriers | Religious exemptions | Weakening Civil Rights Laws,harmful,aclu,Advancing,"Pre-filed, first reading scheduled",2026-02-02,HB3136
2026,OK,H.B.3138,Other school restrictions | Restricting student & educator rights,harmful,aclu,Advancing,"Pre-filed, first reading scheduled",2026-02-02,HB3138
2026,OK,H.B.3242,Public accommodation bans | Restricting student & educator rights | School facilities bans,harmful,aclu,Advancing,"Pre-filed, first reading scheduled",2026-02-02,HB3242
2026,OK,H.B.3586,Healthcare restrictions | Other healthcare barriers,harmful,aclu,Advancing,"Pre-filed, first reading scheduled",2026-02-02,HB3586
2026,OK,H.B.3502,Healthcare restrictions | Other healthcare barriers,harmful,aclu,,,,HB3502
2026,OK,H.B.3798,Healthcare funding restrictions | Healthcare restrictions |,harmful,aclu,Advancing,"Pre-filed, first reading scheduled",2026-02-02,HB3798
2026,OK,H.B.3132,Other school restrictions | Restricting student & educator rights,harmful,aclu,Advancing,"Pre-filed, first reading scheduled",2026-02-02,HB3132
2026,NJ,S.856,Restricting student & educator rights | School sports bans,harmful,aclu,Advancing,Referred to Senate committee,2026-01-13,S856
2026,NH,S.B.459,Other anti-LGBTQ bills | Restricting student & educator rights | School facilities bans | School sports bans,harmful,aclu,Advancing,Referred to Senate committee,2026-01-07,SB459
2026,NH,S.B.552,Other civil rights restrictions | Weakening Civil Rights Laws,harmful,aclu,Advancing,Referred to Senate committee,2026-01-07,SB552
2026,NH,H.B.1299,Other civil rights restrictions | Weakening Civil Rights Laws,harmful,aclu,Advancing,Referred to House committee,2026-01-07,HB1299
2026,NH,H.B.1217,Other civil rights restrictions | Weakening Civil Rights Laws,harmful,aclu,,,,HB1217
2026,NH,H.B.1376,Healthcare restrictions | Other anti-LGBTQ bills | Other healthcare barriers,harmful,aclu,Advancing,House referred to committee,2026-01-07,HB1376
2026,NH,H.B.1442,Other anti-LGBTQ bills | Other civil rights restrictions | Public accommodation bans | Re-definition of sex | Restricting student & educator rights | School facilities bans | Weakening Civil Rights Laws,harmful,aclu,Advancing,House referred to committee,2025-12-04,HB1442
2026,NH,H.B.1447,Other anti-LGBTQ bills | Other civil rights restrictions | Public accommodation bans | Re-definition of sex | Restricting student & educator rights | School facilities bans | Weakening Civil Rights Laws,harmful,aclu,Advancing,Referred to House committee,2026-01-07,HB1447
2026,NH,H.B.1564,Other civil rights restrictions | Weakening Civil Rights Laws,harmful,aclu,Advancing,House referred to committee,2026-01-07,HB1564
2026,NE,L.B.731,Healthcare restrictions | Other healthcare barriers,harmful,aclu,Advancing,Senate committee hearing,2026-01-29,LB731
2026,MO,H.B. 2076,Barriers to accurate IDs |,harmful,aclu,Advancing,House second read,2026-01-08,HB2076
2026,MO,H.B. 2973,Restricting student & educator rights | School facilities bans | School sports bans,harmful,aclu,Advancing,House second read,2026-01-15,HB2973
2026,MO,S.B. 1085,Curriculum censorship | Forced outing in schools | Other school restrictions | Restricting student & educator rights | School facilities bans | School sports bans,harmful,aclu,Advancing,Senate second read and referred to committee,2026-01-15,SB1085
2026,MO,S.B. 1028,Re-definition of sex | Restricting student & educator rights | School sports bans | Weakening Civil Rights Laws,harmful,aclu,Advancing,Senate second read and referred to committee,2026-01-15,SB1028
2026,MO,S.B. 1476,Drag bans | Free speech & expression bans |,harmful,aclu,Advancing,Senate first read,2026-01-07,SB1476
2026,MO,S.B. 1141,Religious exemptions | Weakening Civil Rights Laws,harmful,aclu,Advancing,Senate second read and referred to committee,2026-01-15,SB1141
2026,MO,H.B. 2407,Drag bans | Free speech & expression bans |,harmful,aclu,Advancing,House second read,2026-01-08,HB2407
2026,MO,H.B. 1779,Re-definition of sex | Weakening Civil Rights Laws,harmful,aclu,Advancing,Senate second read,2026-01-08,HB1779
2026,MO,H.B. 2565,Restricting student & educator rights | School sports bans,harmful,aclu,Advancing,House second read,2026-01-08,HB2565
2026,MO,H.B. 2548,Other anti-LGBTQ bills,harmful,aclu,Advancing,House second read,2026-01-08,HB2548
2026,MO,H.B. 2536,Other school restrictions | Public accommodation bans | Restricting student & educator rights | School facilities bans | School sports bans,harmful,aclu,Advancing,House referred to committee,2026-01-15,HB2536
2026,MO,S.B. 1010,Healthcare restrictions | Other healthcare barriers,harmful,aclu,Advancing,Senate second read and referred to committee,2026-01-08,SB1010
2026,MO,H.B. 2580,Curriculum censorship | Forced outing in schools | Other school restrictions | Restricting student & educator rights | School facilities bans | School sports bans,harmful,aclu,Advancing,House second read and referred to committee,2026-01-08,HB2580
2026,MO,H.B. 2075,Public accommodation bans | Restricting student & educator rights | School facilities bans,harmful,aclu,Advancing,House second read and referred to committee,2026-01-08,HB2075
2026,MO,H.B. 1702,Drag bans | Free speech & expression bans |,harmful,aclu,Advancing,House second read,2026-01-08,HB1702
2026,MS,H.B. 866,Healthcare restrictions | Other healthcare barriers,harmful,aclu,Advancing,House referred to committee,2026-01-16,HB866
2026,KY,H.B.170,Religious exemptions | Weakening Civil Rights Laws,harmful,aclu,Advancing,Referred to House committee,2026-01-14,HB170
2026,KS,H.B.2426,Barriers to accurate IDs | Other anti-LGBTQ bills | Re-definition of sex | Weakening Civil Rights Laws,harmful,aclu,Advancing,House committee meeting,2026-01-13,HB2426
2026,IN,S.B.0215,Barriers to accurate IDs | Curriculum censorship | Other anti-LGBTQ bills | Other school restrictions | Public accommodation bans | Re-definition of sex | Restricting student & educator rights | School facilities bans | Weakening Civil Rights Laws,harmful,aclu,Advancing,Senate first read and referred to committee,2026-01-08,SB215
2026,IN,S.B.0174,Healthcare restrictions | Other healthcare barriers | Religious exemptions | Weakening Civil Rights Laws,harmful,aclu,Advancing,First read and referred to committee,2026-01-12,SB174
2026,IN,H.B.1316,Religious exemptions | Weakening Civil Rights Laws,harmful,aclu,Advancing,First read and referred to committee,2026-01-06,HB1316
2026,IN,H.B.1427,Healthcare restrictions | Other healthcare barriers,harmful,aclu,Advancing,First read and referred to committee,2026-01-08,HB1427
2026,IN,H.B.1362,Other anti-LGBTQ bills | Public accommodation bans | Restricting student & educator rights | School facilities bans,harmful,aclu,Advancing,House first read and referred to committee,2026-01-08,HB1362
2026,IL,H.B.4241,Other school restrictions | Restricting student & educator rights,harmful,aclu,Advancing,House first read and referred to committee,2026-01-14,HB4241
2026,FL,H.B. 347,Free speech & expression bans | Other expression restrictions | Other school restrictions | Restricting student & educator rights,harmful,aclu,Advancing,House first read,2026-01-13,H0347
2026,FL,S.B. 426,Free speech & expression bans | Other expression restrictions | Other school restrictions | Restricting student & educator rights,harmful,aclu,Introduced,,2026-01-13,S0426
2026,FL,H.B. 641,Other anti-LGBTQ bills | Religious exemptions | Weakening Civil Rights Laws,harmful,aclu,Advancing,House first read,2026-01-13,H0641
2026,FL,H.B. 1001,Other anti-LGBTQ bills,harmful,aclu,Advancing,House first read,2026-01-13,H1001
2026,FL,H.B. 1227,Religious exemptions | Weakening Civil Rights Laws,harmful,aclu,Advancing,Referred to House subcommittee,2026-01-15,H1227
2026,FL,H.B. 1329,Other anti-LGBTQ bills,harmful,aclu,Advancing,Referred to House subcommittee,2026-01-15,H1329
2026,CT,S.B.872,Restricting student & educator rights | School sports bans,harmful,aclu,Introduced,Pre-filed,2026-02-04,SB00872
2026,AZ,S.B.1094,Healthcare restrictions | Other healthcare barriers,harmful,aclu,Advancing,Senate second read,2026-01-14,SB1094
2026,AZ,S.B.1099,Healthcare restrictions | Other healthcare barriers,harmful,aclu,Advancing,Senate second read,2026-01-14,SB1099
2026,AL,H.B.23,Curriculum censorship | Free speech & expression bans | Other expression restrictions | Other school restrictions | Restricting student & educator rights,harmful,aclu,Advancing,House first read and referred to committee,2026-01-13,HB23
2026,WI,S.B.40,Free speech & expression bans | Other expression restrictions | Other school restrictions | Restricting student & educator rights,harmful,aclu,Introduced,Carried over,2026-01-13,SB40
2026,WI,A.B.100,Restricting student & educator rights | School facilities bans | School sports bans,harmful,aclu,Advancing,Passed House; Senate committee recommended concurrence and made available for scheduling,2026-01-16,AB100
2026,WI,A.B.102,Restricting student & educator rights | School facilities bans | School sports bans,harmful,aclu,Advancing,Passed House; Senate committee recommended concurrence and made available for scheduling,2026-01-16,AB102
2026,WI,A.B.104,Healthcare age restrictions | Healthcare restrictions |,harmful,aclu,Advancing,Passed House; Senate committee recommended concurrence and made available for scheduling,2026-01-16,AB104
2026,WI,S.B.157,Healthcare age restrictions | Healthcare restrictions |,harmful,aclu,Introduced,Carried over,2026-01-13,SB157
2026,WI,A.B.58,Free speech & expression bans | Other expression restrictions | Other school restrictions | Restricting student & educator rights,harmful,aclu,Introduced,Carried over,2026-01-13,AB58
2026,WI,S.B.312,Barriers to accurate IDs |,harmful,aclu,Introduced,Carried over,2026-01-13,SB312
2026,WI,S.B.405,Healthcare restrictions | Other healthcare barriers,harmful,aclu,Introduced,Carried over,2026-01-13,SB405
2026,WI,A.B.103,Other school restrictions | Restricting student & educator rights,harmful,aclu,Advancing,House passed; Senate committee recommended concurrence and made available for scheduling,2026-01-09,AB103
2026,WI,A.B.124,Barriers to accurate IDs |,harmful,aclu,Advancing,House laid on the table,2026-01-13,AB124
2026,WI,S.B.117,Restricting student & educator rights | School facilities bans | School sports bans,harmful,aclu,Advancing,Senate amendment offered,2026-01-08,SB117
2026,WI,A.B.311,Barriers to accurate IDs |,harmful,aclu,Advancing,Reported favorably by Assembly committee as amended and re-referred to committee,2026-01-15,AB311
2026,WI,A.B.400,Healthcare restrictions | Other healthcare barriers,harmful,aclu,Advancing,Reported favorably by Assembly committee and re-referred to committee,2026-01-15,AB400
2026,WI,S.B.116,Restricting student & educator rights | School facilities bans | School sports bans,harmful,aclu,Advancing,Senate amendment offered,2026-01-08,SB116
2026,WI,S.B.146,Barriers to accurate IDs |,harmful,aclu,Advancing,Passed Senate and House; reported correctly enrolled,2026-01-15,SB146
2026,WI,S.B.120,Other school restrictions | Restricting student & educator rights,harmful,aclu,Advancing,Reported favorably as amended by Senate committee and available for scheduling,2026-01-09,SB120
2026,WV,S.B.278,Drag bans | Free speech & expression bans |,harmful,aclu,Introduced,Carried over,2026-01-14,SB278
2026,WV,S.B.207,Drag bans | Free speech & expression bans |,harmful,aclu,Introduced,Carried over,2026-01-14,SB207
2026,WV,H.B.2127,Public accommodation bans | Re-definition of sex | Restricting student & educator rights | School facilities bans | Weakening Civil Rights Laws,harmful,aclu,Introduced,Carried over,2026-01-14,HB2127
2026,WV,H.B.2153,Religious exemptions | Weakening Civil Rights Laws,harmful,aclu,Introduced,Carried over,2026-01-14,HB2153
2026,WV,S.B.244,Public accommodation bans | Re-definition of sex | Restricting student & educator rights | School facilities bans | Weakening Civil Rights Laws,harmful,aclu,Introduced,Carried over,2026-01-14,SB244
2026,WV,H.B.2071,Forced outing in schools | Restricting student & educator rights,harmful,aclu,Introduced,Carried over,2026-01-14,HB2071
2026,WV,S.B.279,Healthcare age restrictions | Healthcare restrictions |,harmful,aclu,Introduced,Carried over,2026-01-14,SB279
2026,WV,S.B.276,Drag bans | Free speech & expression bans |,harmful,aclu,Introduced,Carried over,2026-01-14,SB276
2026,WV,S.B.431,Drag bans | Free speech & expression bans |,harmful,aclu,Introduced,Carried over,2026-01-14,SB431
2026,WV,S.B.424,Other anti-LGBTQ bills | Other school restrictions | Restricting student & educator rights,harmful,aclu,Introduced,Carried over,2026-01-14,SB424
2026,WV,H.B.2375,Healthcare restrictions | Other healthcare barriers,harmful,aclu,Introduced,Carried over,2026-01-14,HB2375
2026,WV,H.B.2072,Healthcare restrictions | Other healthcare barriers | Religious exemptions | Weakening Civil Rights Laws,harmful,aclu,Introduced,Carried over,2026-01-14,HB2072
2026,WV,H.B.2403,Healthcare age restrictions | Healthcare restrictions |,harmful,aclu,Introduced,Carried over,2026-01-14,HB2403
2026,WV,H.B.2466,Healthcare age restrictions | Healthcare restrictions |,harmful,aclu,Introduced,Carried over,2026-01-14,HB2466
2026,WV,H.B.2574,Other anti-LGBTQ bills,harmful,aclu,Introduced,Carried over,2026-01-14,HB2574
2026,WV,H.B.2005,Other school restrictions | Restricting student & educator rights,harmful,aclu,Introduced,Carried over,2026-01-14,HB2005
2026,WV,H.B.2526,Restricting student & educator rights | School facilities bans,harmful,aclu,Introduced,Carried over,2026-01-14,HB2526
2026,WV,H.B.2033,Religious exemptions | Weakening Civil Rights Laws,harmful,aclu,Introduced,Carried over,2026-01-14,HB2033
2026,WV,H.B.2962,Barriers to accurate IDs |,harmful,aclu,Introduced,Carried over,2026-01-14,HB2962
2026,WV,H.B.2006,Other anti-LGBTQ bills | Re-definition of sex | Restricting student & educator rights | School facilities bans | Weakening Civil Rights Laws,harmful,aclu,Introduced,Carried over,2026-01-14,HB2006
2026,WV,H.B.3319,Other anti-LGBTQ bills | Other school restrictions | Restricting student & educator rights,harmful,aclu,Introduced,Carried over,2026-01-14,HB3319
2026,WV,S.B.841,Curriculum censorship | Healthcare funding restrictions | Healthcare restrictions | Other anti-LGBTQ bills | Restricting student & educator rights,harmful,aclu,Introduced,Carried over,2026-01-14,SB841
2026,WV,S.B.663,Other anti-LGBTQ bills,harmful,aclu,Introduced,Carried over,2026-01-14,SB663
2026,WA,S.B. 5136,Other school restrictions | Religious exemptions | Restricting student & educator rights | Weakening Civil Rights Laws,harmful,aclu,Advancing,"Reintroduced, first read, and referred to House committee",2026-01-12,SB5136
2026,WA,H.B. 1038,Healthcare age restrictions | Healthcare restrictions |,harmful,aclu,Advancing,"Reintroduced, first read, and referred to House committee",2026-01-12,HB1038
2026,WA,H.B. 1027,Other anti-LGBTQ bills,harmful,aclu,Advancing,"Reintroduced, first read, and referred to House committee",2026-01-12,HB1027
2026,WA,H.B. 1699,Restricting student & educator rights | School sports bans,harmful,aclu,Advancing,"By resolution, reintroduced and retained in present status.",2026-01-12,HB1699
2026,TN,H.B.0315,Other anti-LGBTQ bills,harmful,aclu,Introduced,Carried over,2026-01-13,HB315
2026,TN,S.B.0737,Other anti-LGBTQ bills,harmful,aclu,Introduced,Carried over,2026-01-13,SB737
2026,TN,S.B.1126,Other school restrictions | Restricting student & educator rights,harmful,aclu,Introduced,Carried over,2026-01-13,SB1126
2026,TN,H.B.1262,Other school restrictions | Restricting student & educator rights,harmful,aclu,Introduced,Carried over,2026-01-13,HB1262
2026,TN,H.B.0754,Healthcare restrictions | Other healthcare barriers,harmful,aclu,Introduced,Carried over,2026-01-13,HB754
2026,TN,S.B.0936,Re-definition of sex | Weakening Civil Rights Laws,harmful,aclu,Introduced,Carried over,2026-01-13,SB936
2026,TN,H.B.1044,Healthcare restrictions | Other healthcare barriers | Religious exemptions | Weakening Civil Rights Laws,harmful,aclu,Introduced,Carried over,2026-01-13,HB1044
2026,TN,S.B.1252,Other school restrictions | Restricting student & educator rights,harmful,aclu,Introduced,Carried over,2026-01-13,SB1252
2026,TN,H.B.0571,Other anti-LGBTQ bills | Other civil rights restrictions | Re-definition of sex | Restricting student & educator rights | School facilities bans | Weakening Civil Rights Laws,harmful,aclu,Introduced,Carried over,2026-01-13,HB571
2026,TN,S.B.0676,Healthcare restrictions | Other healthcare barriers,harmful,aclu,Introduced,Carried over,2026-01-13,SB676
2026,TN,S.B.0468,Other anti-LGBTQ bills | Other civil rights restrictions | Re-definition of sex | Restricting student & educator rights | School facilities bans | Weakening Civil Rights Laws,harmful,aclu,Introduced,Carried over,2026-01-13,SB468
2026,SC,H.B.3433,Other anti-LGBTQ bills,harmful,aclu,Introduced,Carried over,2026-01-13,H3433
2026,SC,S.B.0162,Barriers to accurate IDs |,harmful,aclu,Introduced,Carried over,2026-01-13,S162
2026,SC,H.B.3095,Barriers to accurate IDs |,harmful,aclu,Introduced,Carried over,2026-01-13,H3095
2026,SC,H.B.3263,Restricting student & educator rights | School facilities bans,harmful,aclu,Introduced,Carried over,2026-01-13,H3263
2026,SC,S.B.0199,Restricting student & educator rights | School facilities bans,harmful,aclu,Introduced,Carried over,2026-01-13,S199
2026,SC,H.B.3506,Re-definition of sex | Weakening Civil Rights Laws,harmful,aclu,Introduced,Carried over,2026-01-13,H3506
2026,SC,H.B.3121,Religious exemptions | Weakening Civil Rights Laws,harmful,aclu,Introduced,Carried over,2026-01-13,H3121
2026,SC,H.B.3118,Curriculum censorship | Forced outing in schools | Other anti-LGBTQ bills | Restricting student & educator rights,harmful,aclu,Introduced,Carried over,2026-01-13,H3118
2026,SC,H.B.3011,Forced outing in schools | Other anti-LGBTQ bills | Restricting student & educator rights,harmful,aclu,Introduced,Carried over,2026-01-13,H3011
2026,SC,H.B.3094,Healthcare restrictions | Other anti-LGBTQ bills | Other healthcare barriers,harmful,aclu,Introduced,Carried over,2026-01-13,H3094
2026,SC,S.B.0243,Curriculum censorship | Forced outing in schools | Restricting student & educator rights,harmful,aclu,Introduced,Carried over,2026-01-13,S243
2026,SC,S.B.0240,Healthcare restrictions | Other anti-LGBTQ bills | Other healthcare barriers,harmful,aclu,Introduced,Carried over,2026-01-13,S240
2026,SC,S.B.0322,Other school restrictions | Restricting student & educator rights,harmful,aclu,Introduced,Carried over,2026-01-13,S322
2026,SC,S.B.0368,Other anti-LGBTQ bills | Other school restrictions | Restricting student & educator rights,harmful,aclu,Introduced,Carried over,2026-01-13,S368
2026,SC,S.B.0540,Healthcare restrictions | Other anti-LGBTQ bills | Other healthcare barriers | Religious exemptions | Weakening Civil Rights Laws,harmful,aclu,Introduced,Carried over,2026-01-13,S540
2026,SC,H.B.4302,Other anti-LGBTQ bills,harmful,aclu,Introduced,Carried over,2026-01-13,H4302
2026,SC,H.B.3927,Other anti-LGBTQ bills | Other school restrictions | Restricting student & educator rights,harmful,aclu,Introduced,Carried over,2026-01-13,H3927
2026,SC,S.B.0054,Healthcare restrictions | Other healthcare barriers | Religious exemptions | Weakening Civil Rights Laws,harmful,aclu,Introduced,Carried over,2026-01-13,S54
2026,SC,H.B.4465,Other anti-LGBTQ bills | Restricting student & educator rights | School facilities bans,harmful,aclu,Introduced,Carried over,2026-01-13,H4465
2026,SC,H.B.4515,Barriers to accurate IDs | Healthcare age restrictions | Healthcare restrictions |,harmful,aclu,Introduced,Carried over,2026-01-13,H4515
2026,PA,S.B.213,Barriers to accurate IDs | Healthcare restrictions | Other anti-LGBTQ bills | Prison healthcare restrictions | Public accommodation bans | Re-definition of sex | Restricting student & educator rights | School facilities bans | Weakening Civil Rights Laws,harmful,aclu,Introduced,Carried over,2026-01-06,SB213
2026,PA,H.B.581,Curriculum censorship | Forced outing in schools | Restricting student & educator rights,harmful,aclu,Introduced,Carried over,2026-01-06,HB581
2026,PA,H.B.987,Other anti-LGBTQ bills,harmful,aclu,Introduced,Carried over,2026-01-06,HB987
2026,PA,H.B.1033,Healthcare age restrictions | Healthcare restrictions |,harmful,aclu,Introduced,Carried over,2026-02-02,HB1033
2026,PA,S.B.843,Healthcare age restrictions | Healthcare restrictions |,harmful,aclu,Introduced,Carried over,2026-01-06,SB843
2026,PA,H.B.158,Restricting student & educator rights | School sports bans,harmful,aclu,Introduced,Carried over,2026-02-02,HB158
2026,PA,S.B.9,Restricting student & educator rights | School sports bans,harmful,aclu,Introduced,Carried over,2026-01-06,SB9
2026,PA,H.B.1849,Restricting student & educator rights | School sports bans,harmful,aclu,Introduced,Carried over,2026-01-06,HB1849
2026,OK,H.B.1225,Barriers to accurate IDs |,harmful,aclu,Introduced,Carried over,2026-02-02,HB1225
2026,OK,S.B.591,Other school restrictions | Restricting student & educator rights,harmful,aclu,Introduced,Carried over,2026-02-02,SB591
2026,OK,S.B.228,Other anti-LGBTQ bills,harmful,aclu,Introduced,Carried over,2026-02-02,SB228
2026,OK,H.B.2149,Healthcare restrictions | Other healthcare barriers,harmful,aclu,Introduced,Carried over,2026-02-02,HB2149
2026,OK,S.B.413,Curriculum censorship | Restricting student & educator rights,harmful,aclu,Introduced,Carried over,2026-02-02,SB413
2026,OK,S.B.958,Healthcare restrictions | Other healthcare barriers,harmful,aclu,Introduced,Carried over,2026-02-02,SB958
2026,OK,H.B.1361,Forced outing in schools | Other school restrictions | Restricting student & educator rights,harmful,aclu,Introduced,Carried over,2026-02-02,HB1361
2026,OK,S.B.550,Drag bans | Free speech & expression bans |,harmful,aclu,Introduced,Carried over,2026-02-02,SB550
2026,OK,S.B.759,Curriculum censorship | Forced outing in schools | Other school restrictions | Restricting student & educator rights,harmful,aclu,Introduced,Carried over,2026-02-02,SB759
2026,OK,S.B.977,Drag bans | Free speech & expression bans |,harmful,aclu,Introduced,Carried over,2026-02-02,SB977
2026,OK,S.B.1049,Healthcare age restrictions | Healthcare restrictions | Other healthcare barriers,harmful,aclu,Introduced,Carried over,2026-02-02,SB1049
2026,OK,S.B.959,Religious exemptions | Weakening Civil Rights Laws,harmful,aclu,Introduced,Carried over,2026-02-02,SB959
2026,OK,H.B.1344,Religious exemptions | Weakening Civil Rights Laws,harmful,aclu,Introduced,Carried over,2026-02-02,HB1344
2026,OK,S.B.665,Religious exemptions | Weakening Civil Rights Laws,harmful,aclu,Introduced,Carried over,2026-02-02,SB665
2026,OK,S.B.210,Other anti-LGBTQ bills,harmful,aclu,Introduced,Carried over,2026-02-02,SB210
2026,OK,S.B.848,Curriculum censorship | Other school restrictions | Restricting student & educator rights,harmful,aclu,Introduced,Carried over,2026-02-02,SB848
2026,OK,S.B.847,Curriculum censorship | Forced outing in schools | Other school restrictions | Restricting student & educator rights,harmful,aclu,Introduced,Carried over,2026-02-02,SB847
2026,OK,S.B.1002,Healthcare funding restrictions | Healthcare restrictions | Other healthcare barriers,harmful,aclu,Introduced,Carried over,2026-02-02,SB1002
2026,OK,H.B.1964,Curriculum censorship | Other anti-LGBTQ bills | Restricting student & educator rights,harmful,aclu,Introduced,Carried over,2026-02-02,HB1964
2026,OK,S.B.1107,Other anti-LGBTQ bills,harmful,aclu,Introduced,Carried over,2026-02-02,SB1107
2026,OK,S.B.845,Other anti-LGBTQ bills,harmful,aclu,Introduced,Carried over,2026-02-02,SB845
2026,OK,H.B.1219,Free speech & expression bans | Other anti-LGBTQ bills | Other expression restrictions | Other school restrictions | Restricting student & educator rights,harmful,aclu,Introduced,Carried over,2026-02-02,HB1219
2026,OH,H.B.457,Other civil rights restrictions | Weakening Civil Rights Laws,harmful,aclu,Introduced,Carried over,2026-01-05,HB457
2026,OK,H.B.1224,Religious exemptions | Weakening Civil Rights Laws,harmful,aclu,Introduced,Carried over,2026-02-02,HB1224
2026,OH,H.B.172,Healthcare age restrictions | Healthcare restrictions |,harmful,aclu,Introduced,Carried over,2026-01-05,HB172
2026,OH,H.B.190,Forced outing in schools | Other school restrictions | Restricting student & educator rights,harmful,aclu,Introduced,Carried over,2026-01-05,HB190
2026,OH,S.B.209,Religious exemptions | Weakening Civil Rights Laws,harmful,aclu,Introduced,Carried over,2026-01-05,SB209
2026,NC,S516,Barriers to accurate IDs | Other anti-LGBTQ bills | Re-definition of sex | Restricting student & educator rights | School facilities bans | Weakening Civil Rights Laws,harmful,aclu,Introduced,Carried over,2026-04-21,S516
2026,NC,H595,Curriculum censorship | Other anti-LGBTQ bills | Restricting student & educator rights,harmful,aclu,Introduced,Carried over,2026-04-21,H595
2026,NC,H776,Religious exemptions | Weakening Civil Rights Laws,harmful,aclu,Introduced,Carried over,2026-04-21,H776
2026,NC,H791,Barriers to accurate IDs | Re-definition of sex | Restricting student & educator rights | School facilities bans | Weakening Civil Rights Laws,harmful,aclu,Introduced,Carried over,2026-04-21,H791
2026,NC,H1000,Healthcare restrictions | Other healthcare barriers,harmful,aclu,Introduced,Carried over,2026-04-21,H1000
2026,NC,H606,Healthcare restrictions | Other healthcare barriers,harmful,aclu,Introduced,Carried over,2026-04-21,H606
2026,NC,H560,Healthcare restrictions | Other healthcare barriers,harmful,aclu,Introduced,Carried over,2026-04-21,H560
2026,NY,A.7741,Restricting student & educator rights | School sports bans,harmful,aclu,Advancing,Referred to Assembly committee,2026-01-07,A7741
2026,NY,S.460,Restricting student & educator rights | School sports bans,harmful,aclu,Advancing,Referred to Senate committee,2026-01-07,S460
2026,NY,S.4496,Restricting student & educator rights | School sports bans,harmful,aclu,Advancing,Referred to Senate committee,2026-01-07,S4496
2026,NY,S.7489,Restricting student & educator rights | School facilities bans,harmful,aclu,Advancing,Referred to Senate committee,2026-01-07,S7489
2026,NE,L.B.655,Religious exemptions | Weakening Civil Rights Laws,harmful,aclu,Advancing,Title printed,2026-01-07,LB655
2026,NE,L.B.552,Other anti-LGBTQ bills,harmful,aclu,Advancing,Title printed,2026-01-07,LB552
2026,NE,L.B.605,Other school restrictions | Restricting student & educator rights | School facilities bans | School sports bans,harmful,aclu,Introduced,Carried over,2026-01-07,LB605
2026,MN,S.F.716,Drag bans | Free speech & expression bans |,harmful,aclu,Introduced,Carried over,2026-02-17,SF716
2026,MN,S.F.744,Healthcare age restrictions | Healthcare restrictions |,harmful,aclu,Introduced,Carried over,2026-02-17,SF744
2026,MN,S.F.802,Restricting student & educator rights | School facilities bans | School sports bans,harmful,aclu,Introduced,Carried over,2026-02-17,SF802
2026,MN,S.F.886,Re-definition of sex | Weakening Civil Rights Laws,harmful,aclu,Introduced,Carried over,2026-02-17,SF886
2026,MN,S.F.916,Restricting student & educator rights | School sports bans,harmful,aclu,Introduced,Carried over,2026-02-17,SF916
2026,MN,H.F.565,Restricting student & educator rights | School facilities bans | School sports bans,harmful,aclu,Introduced,Carried over,2026-02-17,HF565
2026,MN,H.F.700,Other civil rights restrictions | Public accommodation bans | Re-definition of sex | Restricting student & educator rights | School facilities bans | Weakening Civil Rights Laws,harmful,aclu,Introduced,Carried over,2026-02-17,HF700
2026,MN,S.F.1651,Other civil rights restrictions | Public accommodation bans | Re-definition of sex | Restricting student & educator rights | School facilities bans | Weakening Civil Rights Laws,harmful,aclu,Introduced,Carried over,2026-02-17,SF1651
2026,MN,S.F.1883,Restricting student & educator rights | School sports bans,harmful,aclu,Introduced,Carried over,2026-02-17,SF1883
2026,MN,H.F.12,Restricting student & educator rights | School sports bans,harmful,aclu,Introduced,Carried over,2026-01-17,HF12
2026,MN,H.F.1233,Restricting student & educator rights | School sports bans,harmful,aclu,Introduced,Carried over,2026-02-17,HF1233
2026,MN,S.F.2294,Restricting student & educator rights | School facilities bans | School sports bans,harmful,aclu,Introduced,Carried over,2026-02-17,SF2294
2026,MN,S.F.2531,Restricting student & educator rights | School sports bans,harmful,aclu,Introduced,Carried over,2026-02-17,SF2531
2026,MN,S.F.2817,Restricting student & educator rights | School sports bans,harmful,aclu,Introduced,Carried over,2026-02-17,SF2817
2026,MN,H.F.2685,Restricting student & educator rights | School sports bans,harmful,aclu,Introduced,Carried over,2026-02-17,HF2685
2026,MN,H.F.3151,Healthcare age restrictions | Healthcare restrictions |,harmful,aclu,Introduced,Carried over,2026-02-17,HF3151
2026,MN,H.F.3170,Restricting student & educator rights | School sports bans,harmful,aclu,Introduced,Carried over,2026-02-17,HF3170
2026,MN,S.F.10,Restricting student & educator rights | School sports bans,harmful,aclu,Introduced,Carried over,2026-02-17,SF10
2026,MN,H.F.19,Restricting student & educator rights | School sports bans,harmful,aclu,Introduced,Carried over,2026-02-17,HF19
2026,MI,S.B.0230,Forced outing in schools | Restricting student & educator rights | School sports bans,harmful,aclu,Introduced,Carried over,2026-01-14,SB230
2026,MI,H.B.4467,Healthcare age restrictions | Healthcare restrictions |,harmful,aclu,Introduced,Carried over,2026-01-14,HB4467
2026,MI,S.B.0289,Healthcare age restrictions | Healthcare restrictions |,harmful,aclu,Introduced,Carried over,2026-01-14,SB289
2026,MI,H.B.4466,Healthcare age restrictions | Healthcare restrictions |,harmful,aclu,Introduced,Carried over,2026-01-14,HB4466
2026,MI,S.B.0290,Healthcare age restrictions | Healthcare restrictions |,harmful,aclu,Introduced,Carried over,2026-01-14,SB290
2026,MI,H.B.4469,Other civil rights restrictions | Weakening Civil Rights Laws,harmful,aclu,Introduced,Carried over,2026-01-14,HB4469
2026,MI,H.B.4066,Restricting student & educator rights | School sports bans,harmful,aclu,Introduced,Carried over,2026-01-14,HB4066
2026,MI,H.B.4578,Curriculum censorship | Other school restrictions | Restricting student & educator rights,harmful,aclu,Introduced,Carried over,2026-01-14,HB4578
2026,MI,H.B.4577,Restricting student & educator rights | School facilities bans | School sports bans,harmful,aclu,Introduced,Carried over,2026-01-14,HB4577
2026,MI,H.B.4579,Restricting student & educator rights | School sports bans,harmful,aclu,Introduced,Carried over,2026-01-14,HB4579
2026,MI,H.B.4580,Restricting student & educator rights | School sports bans,harmful,aclu,Introduced,Carried over,2026-01-14,HB4580
2026,MI,H.B.4752,Other anti-LGBTQ bills,harmful,aclu,Introduced,Carried over,2026-01-14,HB4752
2026,MI,H.B.4751,Other civil rights restrictions | Weakening Civil Rights Laws,harmful,aclu,Introduced,Carried over,2026-01-14,HB4751
2026,MI,H.B.4776,Other anti-LGBTQ bills,harmful,aclu,Introduced,Carried over,2026-01-14,HB4776
2026,MI,H.B.4777,Other civil rights restrictions | Weakening Civil Rights Laws,harmful,aclu,Introduced,Carried over,2026-01-14,HB4777
2026,MI,H.B.4829,Religious exemptions | Weakening Civil Rights Laws,harmful,aclu,Introduced,Carried over,2026-01-14,HB4829
2026,MI,H.B.4024,Restricting student & educator rights | School facilities bans,harmful,aclu,Introduced,Carried over,2026-01-14,HB4024
2026,MI,H.B.4576,Curriculum censorship | Other school restrictions | Restricting student & educator rights,harmful,aclu,Introduced,Carried over,2026-01-14,HB4576
2026,MA,H.D.4542,Healthcare age restrictions | Healthcare restrictions | Other healthcare barriers,harmful,aclu,Introduced,Carried over,2026-01-07,HD4542
2026,MA,H.584,Restricting student & educator rights | School sports bans,harmful,aclu,Introduced,Carried over,2026-01-07,H584
2026,IA,S.F.220,Healthcare restrictions | Other healthcare barriers | Religious exemptions | Weakening Civil Rights Laws,harmful,aclu,Advancing,Senate subcommittee meeting,2026-01-22,SF220
2026,IA,S.F.8,Other school restrictions | Restricting student & educator rights,harmful,aclu,Introduced,Carried over,2026-01-12,SF8
2026,IA,H.F.571,Healthcare restrictions | Other healthcare barriers | Religious exemptions | Weakening Civil Rights Laws,harmful,aclu,Introduced,Carried over,2026-01-12,HF571
2026,IL,H.B.1214,Healthcare age restrictions | Healthcare restrictions |,harmful,aclu,Introduced,Carried over,2026-01-14,HB1214
2026,IL,H.B.1216,Restricting student & educator rights | School sports bans,harmful,aclu,Introduced,Carried over,2026-01-14,HB1216
2026,IL,H.B.1161,Other school restrictions | Restricting student & educator rights,harmful,aclu,Introduced,Carried over,2026-01-14,HB1161
2026,IL,H.B.1204,Restricting student & educator rights | School sports bans,harmful,aclu,Introduced,Carried over,2026-01-14,HB1204
2026,IL,H.B.1209,Re-definition of sex | Weakening Civil Rights Laws,harmful,aclu,Introduced,Carried over,2026-01-14,HB1209
2026,IL,H.B.1117,Restricting student & educator rights | School sports bans,harmful,aclu,Introduced,Carried over,2026-01-14,HB1117
2026,IL,S.B.1226,Restricting student & educator rights | School facilities bans,harmful,aclu,Introduced,Carried over,2026-01-14,SB1226
2026,IL,H.B.2915,Restricting student & educator rights | School sports bans,harmful,aclu,Introduced,Carried over,2026-01-14,HB2915
2026,IL,S.B.1783,Drag bans | Free speech & expression bans |,harmful,aclu,Introduced,Carried over,2026-01-14,SB1783
2026,IL,S.B.2078,Barriers to accurate IDs | Healthcare restrictions | Other anti-LGBTQ bills | Prison healthcare restrictions | Public accommodation bans | Re-definition of sex | Restricting student & educator rights | School facilities bans | Weakening Civil Rights Laws,harmful,aclu,Introduced,Carried over,2026-01-14,SB2078
2026,IL,S.B.2079,Restricting student & educator rights | School sports bans,harmful,aclu,Introduced,Carried over,2026-01-14,SB2079
2026,IL,S.B.2474,Healthcare age restrictions | Healthcare restrictions |,harmful,aclu,Introduced,Carried over,2026-01-14,SB2474
2026,IL,H.B.3819,Healthcare age restrictions | Healthcare restrictions |,harmful,aclu,Introduced,Carried over,2026-01-14,HB3819
2026,IL,H.B.4027,Restricting student & educator rights | School sports bans,harmful,aclu,Introduced,Carried over,2026-01-14,HB4027
2026,IL,H.B.4030,Re-definition of sex | Weakening Civil Rights Laws,harmful,aclu,Introduced,Carried over,2026-01-14,HB4030
2026,CA,A.B.844,Restricting student & educator rights | School facilities bans | School sports bans,harmful,aclu,Introduced,Carried over,2026-01-05,AB844
2026,MI,S.B.0009,Restricting student & educator rights | School facilities bans,harmful,aclu,Introduced,Carried over,2026-01-14,SB9
2026,MI,H.B.4031,Restricting student & educator rights | School sports bans,harmful,aclu,Introduced,Carried over,2026-01-14,HB4031
2026,MI,H.B.4190,Healthcare age restrictions | Healthcare restrictions |,harmful,aclu,Introduced,Carried over,2026-01-14,HB4190
2026,MA,H.737,Restricting student & educator rights | School sports bans,harmful,aclu,Introduced,Carried over,2026-01-07,H737
2026,MA,H.551,Curriculum censorship | Forced outing in schools | Restricting student & educator rights,harmful,aclu,Introduced,Carried over,2026-01-07,H551
2026,KS,S.B.16,Other anti-LGBTQ bills,harmful,aclu,Introduced,Carried over,2026-01-12,SB16
2026,KS,H.B.2071,Healthcare age restrictions | Healthcare restrictions |,harmful,aclu,Introduced,Carried over,2026-01-12,HB2071
2026,KS,S.B.76,Other school restrictions | Restricting student & educator rights,harmful,aclu,Introduced,Carried over,2026-01-12,SB76
2026,IA,H.F.80,Other school restrictions | Restricting student & educator rights,harmful,aclu,Introduced,Carried over,2026-01-12,HF80
2026,IA,S.F.156,Public accommodation bans,harmful,aclu,Introduced,Carried over,2026-01-12,SF156
2026,IA,H.S.B.84,Curriculum censorship | Restricting student & educator rights,harmful,aclu,Introduced,Carried over,2026-01-12,HSB84
2026,IA,H.S.B.139,Healthcare restrictions | Other healthcare barriers | Religious exemptions | Weakening Civil Rights Laws,harmful,aclu,Introduced,Carried over,2026-01-12,HSB139
2026,IA,H.S.B.242,Barriers to accurate IDs | Curriculum censorship | Other civil rights restrictions | Other school restrictions | Re-definition of sex | Restricting student & educator rights | Weakening Civil Rights Laws,harmful,aclu,Introduced,Carried over,2026-01-12,HSB242
2026,IA,S.F.335,Other anti-LGBTQ bills | Other school restrictions | Restricting student & educator rights,harmful,aclu,Introduced,Carried over,2026-01-12,SF335
2026,IA,S.F.236,Religious exemptions | Weakening Civil Rights Laws,harmful,aclu,Introduced,Carried over,2026-01-12,SF236
2026,IA,S.S.B.1150,Other anti-LGBTQ bills,harmful,aclu,Introduced,Carried over,2026-01-12,SSB1150
2026,IA,H.F.721,Other anti-LGBTQ bills,harmful,aclu,Introduced,Carried over,2026-01-12,HF721
2026,IA,H.S.B.155,Other anti-LGBTQ bills,harmful,aclu,Introduced,Carried over,2026-01-12,HSB155
2026,IA,H.S.B.158,Drag bans | Free speech & expression bans |,harmful,aclu,Introduced,Carried over,2026-01-12,HSB158
2026,IA,H.F.594,Other anti-LGBTQ bills,harmful,aclu,Introduced,Carried over,2026-01-12,HF594
2026,IA,S.F.473,Religious exemptions | Weakening Civil Rights Laws,harmful,aclu,Introduced,Carried over,2026-01-12,SF473
2026,IA,S.F.507,Other anti-LGBTQ bills,harmful,aclu,Introduced,Carried over,2026-01-12,SF507
2026,GA,H.B.104,Restricting student & educator rights | School sports bans,harmful,aclu,Introduced,Carried over,2026-01-12,HB104
2026,GA,S.B.248,Curriculum censorship | Forced outing in schools | Other school restrictions | Restricting student & educator rights,harmful,aclu,Introduced,Carried over,2026-01-12,SB248
2026,GA,H.B.267,Barriers to accurate IDs | Other civil rights restrictions | Re-definition of sex | Restricting student & educator rights | School facilities bans | School sports bans | Weakening Civil Rights Laws,harmful,aclu,Introduced,Carried over,2026-01-12,HB267
2026,GA,H.B.660,Healthcare funding restrictions | Healthcare restrictions | Prison healthcare restrictions,harmful,aclu,Introduced,Carried over,2026-01-12,HB660
2026,GA,S.B.120,Other anti-LGBTQ bills | Other school restrictions | Restricting student & educator rights,harmful,aclu,Advancing,Senate recommitted,2026-01-12,SB120
2026,GA,S.B.57,Other anti-LGBTQ bills,harmful,aclu,Introduced,Carried over,2026-01-12,SB57
2026,GA,S.B.341,Other anti-LGBTQ bills,harmful,aclu,Introduced,Carried over,2026-01-12,SB341
2026,GA,S.B.30,Healthcare age restrictions | Healthcare restrictions |,harmful,aclu,Introduced,Carried over,2026-01-12,SB30
2026,GA,H.B.127,Other anti-LGBTQ bills,harmful,aclu,Introduced,Carried over,2026-01-12,HB127
2026,GA,S.B.39,Healthcare funding restrictions | Healthcare restrictions | Other healthcare barriers | Prison healthcare restrictions,harmful,aclu,Introduced,Carried over,2026-01-12,SB39
2026,DE,S.B. 55,Healthcare age restrictions | Healthcare restrictions |,harmful,aclu,Introduced,Carried over,2026-01-13,SB55
2026,CA,A.B.89,Restricting student & educator rights | School sports bans,harmful,aclu,Introduced,Carried over,2026-01-05,AB89
2026,CA,A.B.579,Healthcare restrictions | Other anti-LGBTQ bills | Other healthcare barriers,harmful,aclu,Introduced,Carried over,2026-01-05,AB579
2026,CA,A.B.600,Other anti-LGBTQ bills | Other school restrictions | Restricting student & educator rights,harmful,aclu,Introduced,Carried over,2026-01-05,AB600
2026,CA,A.B.1464,Other anti-LGBTQ bills,harmful,aclu,Introduced,Carried over,2026-01-05,AB1464
2026,CA,S.B.311,Other anti-LGBTQ bills,harmful,aclu,Introduced,Carried over,2026-01-05,SB311
2026,AK,H.B. 40,Restricting student & educator rights | School sports bans,harmful,aclu,Introduced,Carried over,2026-01-21,HB40
2026,MA,S.350,Restricting student & educator rights | School sports bans,harmful,aclu,Introduced,Carried over,2026-01-07,S350
