year,state,bill_name,bill_number,issues,label,source,status_desc,status_detail,status_date,description,sponsors,status
2021,AL,SB 10,SB10,Anti-Trans bills | Prohibiting heathcare for transgender youth,harmful,aclu,Introduced,Died,,,,1
2025,MI,H.B.4777,HB4777,Other civil rights restrictions | Weakening Civil Rights Laws,harmful,aclu,Advancing,First read and referred to committee,2025-08-20,,,2
2025,MI,H.B.4829,HB4829,Religious exemptions | Weakening Civil Rights Laws,harmful,aclu,Advancing,First read and referred to committee,2025-08-27,,,2
2025,MI,H.B.4024,HB4024,Restricting student & educator rights | School facilities bans,harmful,aclu,Advancing,Passed House; Senate referred to committee,2025-09-09,,,2
2025,MI,H.B.4576,HB4576,Curriculum censorship | Other school restrictions | Restricting student & educator rights,harmful,aclu,Advancing,Passed House; Senate referred to committee,2025-06-12,,,2
2025,MA,H.D.4542,HD4542,Healthcare age restrictions | Healthcare restrictions | Other healthcare barriers,harmful,aclu,Advancing,Referred to committee,2025-04-14,,,2
2025,MA,H.584,H584,Restricting student & educator rights | School sports bans,harmful,aclu,Advancing,Joint hearing scheduled,2025-05-06,,,2
2025,IA,S.F.220,SF220,Healthcare restrictions | Other healthcare barriers | Religious exemptions | Weakening Civil Rights Laws,harmful,aclu,Advancing,"Legislative session adjourned, carries over to 2026",2025-05-14,,,2
2025,IA,S.F.8,SF8,Other school restrictions | Restricting student & educator rights,harmful,aclu,Advancing,"Legislative session adjourned, carries over to 2026",2025-05-14,,,2
2025,IA,H.F.571,HF571,Healthcare restrictions | Other healthcare barriers | Religious exemptions | Weakening Civil Rights Laws,harmful,aclu,Advancing,"Legislative session adjourned, carries over to 2026",2025-05-14,,,2
2025,IL,H.B.1214,HB1214,Healthcare age restrictions | Healthcare restrictions |,harmful,aclu,Advancing,"Legislative session adjourned, carries over to 2026",2025-05-31,,,2
2025,IL,H.B.1216,HB1216,Restricting student & educator rights | School sports bans,harmful,aclu,Advancing,"Legislative session adjourned, carries over to 2026",2025-05-31,,,2
2025,IL,H.B.1161,HB1161,Other school restrictions | Restricting student & educator rights,harmful,aclu,Advancing,"Legislative session adjourned, carries over to 2026",2025-05-31,,,2
2025,IL,H.B.1204,HB1204,Restricting student & educator rights | School sports bans,harmful,aclu,Advancing,"Legislative session adjourned, carries over to 2026",2025-05-31,,,2
2025,IL,H.B.1209,HB1209,Re-definition of sex | Weakening Civil Rights Laws,harmful,aclu,Advancing,"Legislative session adjourned, carries over to 2026",2025-05-31,,,2
2025,IL,H.B.1117,HB1117,Restricting student & educator rights | School sports bans,harmful,aclu,Advancing,"Legislative session adjourned, carries over to 2026",2025-05-31,,,2
2025,MI,H.B.4776,HB4776,Other anti-LGBTQ bills,harmful,aclu,Advancing,First read and referred to committee,2025-08-20,,,2
2025,MI,H.B.4751,HB4751,Other civil rights restrictions | Weakening Civil Rights Laws,harmful,aclu,Advancing,First read and referred to committee,2025-07-29,,,2
2025,MI,H.B.4752,HB4752,Other anti-LGBTQ bills,harmful,aclu,Advancing,First read and referred to committee,2025-07-29,,,2
2025,MI,H.B.4580,HB4580,Restricting student & educator rights | School sports bans,harmful,aclu,Advancing,Passed House; Senate referred to committee,2025-06-17,,,2
2025,MN,S.F.2817,SF2817,Restricting student & educator rights | School sports bans,harmful,aclu,Advancing,"Legislative session adjourned, carries over to 2026",2025-05-19,,,2
2025,MN,H.F.2685,HF2685,Restricting student & educator rights | School sports bans,harmful,aclu,Advancing,"Legislative session adjourned, carries over to 2026",2025-05-19,,,2
2025,MN,H.F.3151,HF3151,Healthcare age restrictions | Healthcare restrictions |,harmful,aclu,Advancing,"Legislative session adjourned, carries over to 2026",2025-05-19,,,2
2025,MN,H.F.3170,HF3170,Restricting student & educator rights | School sports bans,harmful,aclu,Advancing,"Legislative session adjourned, carries over to 2026",2025-05-19,,,2
2025,MN,S.F.10,SF10,Restricting student & educator rights | School sports bans,harmful,aclu,Advancing,First read and referred to committee,2025-06-09,,,2
2025,MN,H.F.19,HF19,Restricting student & educator rights | School sports bans,harmful,aclu,Advancing,First read and referred to committee,2025-06-09,,,2
2025,MI,S.B.0230,SB230,Forced outing in schools | Restricting student & educator rights | School sports bans,harmful,aclu,Advancing,Referred to committee,2025-04-22,,,2
2025,IL,S.B.1226,SB1226,Restricting student & educator rights | School facilities bans,harmful,aclu,Advancing,"Legislative session adjourned, carries over to 2026",2025-05-31,,,2
2025,MI,H.B.4467,HB4467,Healthcare age restrictions | Healthcare restrictions |,harmful,aclu,Advancing,First read and referred to committee,2025-05-07,,,2
2025,MI,H.B.4466,HB4466,Healthcare age restrictions | Healthcare restrictions |,harmful,aclu,Advancing,First read and referred to committee,2025-05-07,,,2
2025,MI,S.B.0290,SB290,Healthcare age restrictions | Healthcare restrictions |,harmful,aclu,Advancing,Referred to committee,2025-05-07,,,2
2025,MI,H.B.4469,HB4469,Other civil rights restrictions | Weakening Civil Rights Laws,harmful,aclu,Advancing,Passed House; Senate referred to committee,2025-05-29,,,2
2025,MI,H.B.4066,HB4066,Restricting student & educator rights | School sports bans,harmful,aclu,Advancing,Passed House; Senate referred to committee,2025-05-29,,,2
2025,MI,H.B.4578,HB4578,Curriculum censorship | Other school restrictions | Restricting student & educator rights,harmful,aclu,Advancing,Passed House; Senate referred to committee,2025-06-12,,,2
2025,MI,H.B.4577,HB4577,Restricting student & educator rights | School facilities bans | School sports bans,harmful,aclu,Advancing,Passed House; Senate referred to committee,2025-06-12,,,2
2025,MI,H.B.4579,HB4579,Restricting student & educator rights | School sports bans,harmful,aclu,Advancing,Passed House; Senate referred to committee,2025-06-17,,,2
2025,MI,S.B.0289,SB289,Healthcare age restrictions | Healthcare restrictions |,harmful,aclu,Advancing,Referred to committee,2025-05-07,,,2
2025,MN,S.F.2531,SF2531,Restricting student & educator rights | School sports bans,harmful,aclu,Advancing,"Legislative session adjourned, carries over to 2026",2025-05-19,,,2
2025,IL,H.B.2915,HB2915,Restricting student & educator rights | School sports bans,harmful,aclu,Advancing,"Legislative session adjourned, carries over to 2026",2025-05-31,,,2
2025,IL,S.B.2078,SB2078,Barriers to accurate IDs | Healthcare restrictions | Other anti-LGBTQ bills | Prison healthcare restrictions | Public accommodation bans | Re-definition of sex | Restricting student & educator rights | School facilities bans | Weakening Civil Rights Laws,harmful,aclu,Advancing,"Legislative session adjourned, carries over to 2026",2025-05-31,,,2
2025,IA,S.F.236,SF236,Religious exemptions | Weakening Civil Rights Laws,harmful,aclu,Advancing,"Renumbered as SF 473; legislative session adjourned, carries over to 2026",2025-05-14,,,2
2025,IA,S.S.B.1150,SSB1150,Other anti-LGBTQ bills,harmful,aclu,Advancing,"Renumbered as SF 507; legislative session adjourned, carries over to 2026",2025-05-14,,,2
2025,IA,H.F.721,HF721,Other anti-LGBTQ bills,harmful,aclu,Advancing,"Legislative session adjourned, carries over to 2026",2025-05-14,,,2
2025,IA,H.S.B.155,HSB155,Other anti-LGBTQ bills,harmful,aclu,Advancing,"Renumbered as HF 856; legislative session adjourned, carries over to 2026",2025-05-14,,,2
2025,IA,H.S.B.158,HSB158,Drag bans | Free speech & expression bans |,harmful,aclu,Advancing,"Renumbered as HF 891; legislative session adjourned, carries over to 2026",2025-05-14,,,2
2025,IA,H.F.594,HF594,Other anti-LGBTQ bills,harmful,aclu,Advancing,"Renumbered as HF 922; legislative session adjourned, carries over to 2026",2025-05-14,,,2
2025,IA,S.F.473,SF473,Religious exemptions | Weakening Civil Rights Laws,harmful,aclu,Advancing,"Legislative session adjourned, carries over to 2026",2025-05-14,,,2
2025,IA,S.F.507,SF507,Other anti-LGBTQ bills,harmful,aclu,Advancing,"Legislative session adjourned, carries over to 2026",2025-05-14,,,2
2025,GA,H.B.104,HB104,Restricting student & educator rights | School sports bans,harmful,aclu,Advancing,"Legislative session adjourned, carries over to 2026",2025-04-04,,,2
2025,GA,S.B.248,SB248,Curriculum censorship | Forced outing in schools | Other school restrictions | Restricting student & educator rights,harmful,aclu,Advancing,"Legislative session adjourned, carries over to 2026",2025-04-04,,,2
2025,GA,H.B.267,HB267,Barriers to accurate IDs | Other civil rights restrictions | Re-definition of sex | Restricting student & educator rights | School facilities bans | School sports bans | Weakening Civil Rights Laws,harmful,aclu,Advancing,"Legislative session adjourned, carries over to 2026",2025-04-04,,,2
2025,GA,H.B.660,HB660,Healthcare funding restrictions | Healthcare restrictions | Prison healthcare restrictions,harmful,aclu,Advancing,"Legislative session adjourned, carries over to 2026",2025-04-04,,,2
2025,GA,S.B.120,SB120,Other anti-LGBTQ bills | Other school restrictions | Restricting student & educator rights,harmful,aclu,Advancing,"Legislative session adjourned, carries over to 2026",2025-04-04,,,2
2025,GA,S.B.57,SB57,Other anti-LGBTQ bills,harmful,aclu,Advancing,"Legislative session adjourned, carries over to 2026",2025-04-04,,,2
2025,GA,S.B.341,SB341,Other anti-LGBTQ bills,harmful,aclu,Advancing,"Legislative session adjourned, carries over to 2026",2025-04-04,,,2
2025,IA,S.F.335,SF335,Other anti-LGBTQ bills | Other school restrictions | Restricting student & educator rights,harmful,aclu,Advancing,"Legislative session adjourned, carries over to 2026",2025-05-14,,,2
2025,IA,H.S.B.242,HSB242,Barriers to accurate IDs | Curriculum censorship | Other civil rights restrictions | Other school restrictions | Re-definition of sex | Restricting student & educator rights | Weakening Civil Rights Laws,harmful,aclu,Advancing,"Legislative session adjourned, carries over to 2026",2025-05-14,,,2
2025,IA,H.S.B.139,HSB139,Healthcare restrictions | Other healthcare barriers | Religious exemptions | Weakening Civil Rights Laws,harmful,aclu,Advancing,"Legislative session adjourned, carries over to 2026",2025-05-14,,,2
2025,IA,H.S.B.84,HSB84,Curriculum censorship | Restricting student & educator rights,harmful,aclu,Advancing,"Legislative session adjourned, carries over to 2026",2025-05-14,,,2
2025,IL,S.B.2079,SB2079,Restricting student & educator rights | School sports bans,harmful,aclu,Advancing,"Legislative session adjourned, carries over to 2026",2025-05-31,,,2
2025,IL,S.B.2474,SB2474,Healthcare age restrictions | Healthcare restrictions |,harmful,aclu,Advancing,"Legislative session adjourned, carries over to 2026",2025-05-31,,,2
2025,IL,H.B.3819,HB3819,Healthcare age restrictions | Healthcare restrictions |,harmful,aclu,Advancing,"Legislative session adjourned, carries over to 2026",2025-05-31,,,2
2025,IL,H.B.4027,HB4027,Restricting student & educator rights | School sports bans,harmful,aclu,Advancing,"Legislative session adjourned, carries over to 2026",2025-05-31,,,2
2025,IL,H.B.4030,HB4030,Re-definition of sex | Weakening Civil Rights Laws,harmful,aclu,Advancing,"Legislative session adjourned, carries over to 2026",2025-05-31,,,2
2025,CA,A.B.844,AB844,Restricting student & educator rights | School facilities bans | School sports bans,harmful,aclu,Introduced,From committee: Without further action pursuant to Joint Rule 62(a).,2025-05-05,,,1
2025,MI,S.B.0009,SB9,Restricting student & educator rights | School facilities bans,harmful,aclu,Advancing,Referred to committee,2025-01-08,,,2
2025,IL,S.B.1783,SB1783,Drag bans | Free speech & expression bans |,harmful,aclu,Advancing,"Legislative session adjourned, carries over to 2026",2025-05-31,,,2
2025,MI,H.B.4031,HB4031,Restricting student & educator rights | School sports bans,harmful,aclu,Advancing,First read and referred to committee,2025-01-28,,,2
2025,MA,H.737,H737,Restricting student & educator rights | School sports bans,harmful,aclu,Advancing,Joint hearing scheduled for 01:00 PM,2025-05-06,,,2
2025,MA,H.551,H551,Curriculum censorship | Forced outing in schools | Restricting student & educator rights,harmful,aclu,Advancing,Hearing scheduled from 11:00 AM-05:00 PM,2025-07-21,,,2
2025,KS,S.B.16,SB16,Other anti-LGBTQ bills,harmful,aclu,Advancing,"Legislative session adjourned, carries over to 2026",2025-04-11,,,2
2025,KS,H.B.2071,HB2071,Healthcare age restrictions | Healthcare restrictions |,harmful,aclu,Advancing,"Legislative session adjourned, carries over to 2026",2025-04-11,,,2
2025,KS,S.B.76,SB76,Other school restrictions | Restricting student & educator rights,harmful,aclu,Advancing,Senate passed; Stricken from House calendar,2025-03-21,,,2
2025,IA,H.F.80,HF80,Other school restrictions | Restricting student & educator rights,harmful,aclu,Advancing,"Legislative session adjourned, carries over to 2026",2025-05-14,,,2
2025,IA,S.F.156,SF156,Public accommodation bans,harmful,aclu,Advancing,"Legislative session adjourned, carries over to 2026",2025-05-14,,,2
2025,MI,H.B.4190,HB4190,Healthcare age restrictions | Healthcare restrictions |,harmful,aclu,Advancing,First read and referred to committee,2025-03-06,,,2
2025,GA,S.B.30,SB30,Healthcare age restrictions | Healthcare restrictions |,harmful,aclu,Advancing,"Legislative session adjourned, carries over to 2026",2025-04-04,,,2
2025,MN,S.F.2294,SF2294,Restricting student & educator rights | School facilities bans | School sports bans,harmful,aclu,Advancing,"Legislative session adjourned, carries over to 2026",2025-05-19,,,2
2025,MN,H.F.12,HF12,Restricting student & educator rights | School sports bans,harmful,aclu,Advancing,"Legislative session adjourned, carries over to 2026",2025-05-19,,,2
2025,PA,S.B.843,SB843,Healthcare age restrictions | Healthcare restrictions |,harmful,aclu,Advancing,Referred to committee,2025-06-09,,,2
2025,PA,H.B.158,HB158,Restricting student & educator rights | School sports bans,harmful,aclu,Advancing,Re-referred to committee,2025-12-16,,,2
2025,PA,S.B.9,SB9,Restricting student & educator rights | School sports bans,harmful,aclu,Advancing,Re-referred to Judiciary,2025-10-29,,,2
2025,PA,H.B.1849,HB1849,Restricting student & educator rights | School sports bans,harmful,aclu,Advancing,Re-referred to Judiciary,2025-12-16,,,2
2025,OK,H.B.1225,HB1225,Barriers to accurate IDs |,harmful,aclu,Advancing,"Did not meet passage requirements, dormant until carried over",2025-03-27,,,2
2025,OK,S.B.591,SB591,Other school restrictions | Restricting student & educator rights,harmful,aclu,Advancing,"Did not meet passage requirements, dormant until carried over",2025-03-27,,,2
2025,OK,S.B.228,SB228,Other anti-LGBTQ bills,harmful,aclu,Advancing,"Failed in committee, dormant until carried over",2025-02-19,,,2
2025,OK,H.B.2149,HB2149,Healthcare restrictions | Other healthcare barriers,harmful,aclu,Advancing,"Did not meet passage requirements, dormant until carried over",2025-03-27,,,2
2025,OK,S.B.413,SB413,Curriculum censorship | Restricting student & educator rights,harmful,aclu,Advancing,"Did not meet passage requirements, dormant until carried over",2025-03-27,,,2
2025,OK,S.B.958,SB958,Healthcare restrictions | Other healthcare barriers,harmful,aclu,Advancing,"Did not meet passage requirements, dormant until carried over",2025-03-27,,,2
2025,OK,H.B.1361,HB1361,Forced outing in schools | Other school restrictions | Restricting student & educator rights,harmful,aclu,Advancing,"Did not meet passage requirements, dormant until carried over",2025-03-27,,,2
2025,OK,S.B.550,SB550,Drag bans | Free speech & expression bans |,harmful,aclu,Advancing,"Did not meet passage requirements, dormant until carried over",2025-03-27,,,2
2025,OK,S.B.759,SB759,Curriculum censorship | Forced outing in schools | Other school restrictions | Restricting student & educator rights,harmful,aclu,Advancing,"Did not meet passage requirements, dormant until carried over",2025-03-28,,,2
2025,OK,S.B.977,SB977,Drag bans | Free speech & expression bans |,harmful,aclu,Advancing,"Did not meet passage requirements, dormant until carried over",2025-03-27,,,2
2025,OK,S.B.1049,SB1049,Healthcare age restrictions | Healthcare restrictions | Other healthcare barriers,harmful,aclu,Advancing,"Did not meet passage requirements, dormant until carried over",2025-03-27,,,2
2025,PA,H.B.1033,HB1033,Healthcare age restrictions | Healthcare restrictions |,harmful,aclu,Advancing,Referred to committee,2025-03-24,,,2
2025,PA,H.B.987,HB987,Other anti-LGBTQ bills,harmful,aclu,Advancing,Referred to committee,2025-03-24,,,2
2025,PA,H.B.581,HB581,Curriculum censorship | Forced outing in schools | Restricting student & educator rights,harmful,aclu,Advancing,Referred to committee,2025-02-12,,,2
2025,PA,S.B.213,SB213,Barriers to accurate IDs | Healthcare restrictions | Other anti-LGBTQ bills | Prison healthcare restrictions | Public accommodation bans | Re-definition of sex | Restricting student & educator rights | School facilities bans | Weakening Civil Rights Laws,harmful,aclu,Advancing,Referred to committee,2025-02-04,,,2
2025,SC,S.B.0199,S199,Restricting student & educator rights | School facilities bans,harmful,aclu,Advancing,"Legislative session adjourned, carries over to 2026",2025-05-28,,,2
2025,SC,H.B.3506,H3506,Re-definition of sex | Weakening Civil Rights Laws,harmful,aclu,Advancing,"Legislative session adjourned, carries over to 2026",2025-05-28,,,2
2025,SC,H.B.3121,H3121,Religious exemptions | Weakening Civil Rights Laws,harmful,aclu,Advancing,"Legislative session adjourned, carries over to 2026",2025-05-28,,,2
2025,SC,H.B.3118,H3118,Curriculum censorship | Forced outing in schools | Other anti-LGBTQ bills | Restricting student & educator rights,harmful,aclu,Advancing,"Legislative session adjourned, carries over to 2026",2025-05-28,,,2
2025,SC,H.B.3011,H3011,Forced outing in schools | Other anti-LGBTQ bills | Restricting student & educator rights,harmful,aclu,Advancing,"Legislative session adjourned, carries over to 2026",2025-06-28,,,2
2025,SC,H.B.3094,H3094,Healthcare restrictions | Other anti-LGBTQ bills | Other healthcare barriers,harmful,aclu,Advancing,"Legislative session adjourned, carries over to 2026",2025-05-28,,,2
2025,SC,S.B.0243,S243,Curriculum censorship | Forced outing in schools | Restricting student & educator rights,harmful,aclu,Advancing,"Legislative session adjourned, carries over to 2026",2025-05-28,,,2
2025,OK,S.B.959,SB959,Religious exemptions | Weakening Civil Rights Laws,harmful,aclu,Advancing,"Failed in committee, dormant until carried over",2025-03-03,,,2
2025,SC,S.B.0240,S240,Healthcare restrictions | Other anti-LGBTQ bills | Other healthcare barriers,harmful,aclu,Advancing,"Legislative session adjourned, carries over to 2026",2025-05-28,,,2
2025,SC,S.B.0368,S368,Other anti-LGBTQ bills | Other school restrictions | Restricting student & educator rights,harmful,aclu,Advancing,"Legislative session adjourned, carries over to 2026",2025-05-28,,,2
2025,SC,S.B.0540,S540,Healthcare restrictions | Other anti-LGBTQ bills | Other healthcare barriers | Religious exemptions | Weakening Civil Rights Laws,harmful,aclu,Advancing,"Legislative session adjourned, carries over to 2026",2025-05-28,,,2
2025,SC,H.B.4302,H4302,Other anti-LGBTQ bills,harmful,aclu,Advancing,"Legislative session adjourned, carries over to 2026",2025-05-28,,,2
2025,SC,H.B.3927,H3927,Other anti-LGBTQ bills | Other school restrictions | Restricting student & educator rights,harmful,aclu,Advancing,"Legislative session adjourned, carries over to 2026",2025-05-28,,,2
2025,SC,S.B.0054,S54,Healthcare restrictions | Other healthcare barriers | Religious exemptions | Weakening Civil Rights Laws,harmful,aclu,Advancing,"Legislative session adjourned, carries over to 2026",2025-05-28,,,2
2025,SC,H.B.4465,H4465,Other anti-LGBTQ bills | Restricting student & educator rights | School facilities bans,harmful,aclu,Advancing,"Legislative session adjourned, carries over to 2026",2025-05-28,,,2
2025,SC,H.B.4515,H4515,Barriers to accurate IDs | Healthcare age restrictions | Healthcare restrictions |,harmful,aclu,Advancing,"Legislative session adjourned, carries over to 2026",2025-05-28,,,2
2025,SC,S.B.0322,S322,Other school restrictions | Restricting student & educator rights,harmful,aclu,Advancing,"Legislative session adjourned, carries over to 2026",2025-05-28,,,2
2025,MN,H.F.1233,HF1233,Restricting student & educator rights | School sports bans,harmful,aclu,Advancing,"Legislative session adjourned, carries over to 2026",2025-05-19,,,2
2025,OK,H.B.1344,HB1344,Religious exemptions | Weakening Civil Rights Laws,harmful,aclu,Advancing,"Did not meet passage requirements, dormant until carried over",2025-03-27,,,2
2025,OK,S.B.210,SB210,Other anti-LGBTQ bills,harmful,aclu,Advancing,"Did not meet passage requirements, dormant until carried over",2025-03-27,,,2
2025,NY,S.460,S460,Restricting student & educator rights | School sports bans,harmful,aclu,Advancing,"Legislative session adjourned, carries over to 2026",2025-06-17,,,2
2025,NY,S.4496,S4496,Restricting student & educator rights | School sports bans,harmful,aclu,Advancing,"Legislative session adjourned, carries over to 2026",2025-06-17,,,2
2025,NY,S.7489,S7489,Restricting student & educator rights | School facilities bans,harmful,aclu,Advancing,"Legislative session adjourned, carries over to 2026",2025-06-17,,,2
2025,NE,L.B.655,LB655,Religious exemptions | Weakening Civil Rights Laws,harmful,aclu,Advancing,"Legislative session adjourned, carries over to 2026",2025-07-02,,,2
2025,NE,L.B.552,LB552,Other anti-LGBTQ bills,harmful,aclu,Defeated,"Legislative session adjourned, carries over to 2026",2025-06-02,,,6
2025,NE,L.B.605,LB605,Other school restrictions | Restricting student & educator rights | School facilities bans | School sports bans,harmful,aclu,Advancing,"Legislative session adjourned, carries over to 2026",2025-06-02,,,2
2025,MN,S.F.716,SF716,Drag bans | Free speech & expression bans |,harmful,aclu,Advancing,"Legislative session adjourned, carries over to 2026",2025-05-19,,,2
2025,MN,S.F.744,SF744,Healthcare age restrictions | Healthcare restrictions |,harmful,aclu,Advancing,"Legislative session adjourned, carries over to 2026",2025-05-19,,,2
2025,MN,S.F.802,SF802,Restricting student & educator rights | School facilities bans | School sports bans,harmful,aclu,Advancing,"Legislative session adjourned, carries over to 2026",2025-05-19,,,2
2025,MN,S.F.886,SF886,Re-definition of sex | Weakening Civil Rights Laws,harmful,aclu,Advancing,"Legislative session adjourned, carries over to 2026",2025-05-19,,,2
2025,MN,S.F.916,SF916,Restricting student & educator rights | School sports bans,harmful,aclu,Advancing,"Legislative session adjourned, carries over to 2026",2025-05-19,,,2
2025,MN,H.F.565,HF565,Restricting student & educator rights | School facilities bans | School sports bans,harmful,aclu,Advancing,"Legislative session adjourned, carries over to 2026",2025-05-19,,,2
2025,MN,H.F.700,HF700,Other civil rights restrictions | Public accommodation bans | Re-definition of sex | Restricting student & educator rights | School facilities bans | Weakening Civil Rights Laws,harmful,aclu,Advancing,"Legislative session adjourned, carries over to 2026",2025-05-19,,,2
2025,MN,S.F.1651,SF1651,Other civil rights restrictions | Public accommodation bans | Re-definition of sex | Restricting student & educator rights | School facilities bans | Weakening Civil Rights Laws,harmful,aclu,Advancing,"Legislative session adjourned, carries over to 2026",2025-05-19,,,2
2025,MN,S.F.1883,SF1883,Restricting student & educator rights | School sports bans,harmful,aclu,Advancing,"Legislative session adjourned, carries over to 2026",2025-05-19,,,2
2025,NY,A.7741,A7741,Restricting student & educator rights | School sports bans,harmful,aclu,Advancing,"Legislative session adjourned, carries over to 2026",2025-06-17,,,2
2025,NC,H560,H560,Healthcare restrictions | Other healthcare barriers,harmful,aclu,Advancing,Re-referred to committee,2025-05-12,,,2
2025,NC,H606,H606,Healthcare restrictions | Other healthcare barriers,harmful,aclu,Advancing,House passed; Senate first read and referred to committee,2025-05-07,,,2
2025,NC,H1000,H1000,Healthcare restrictions | Other healthcare barriers,harmful,aclu,Advancing,First read and referred to committee,2025-04-14,,,2
2025,OK,S.B.848,SB848,Curriculum censorship | Other school restrictions | Restricting student & educator rights,harmful,aclu,Advancing,"Did not meet passage requirements, dormant until carried over",2025-03-28,,,2
2025,OK,S.B.847,SB847,Curriculum censorship | Forced outing in schools | Other school restrictions | Restricting student & educator rights,harmful,aclu,Advancing,"Did not meet passage requirements, dormant until carried over",2025-03-27,,,2
2025,OK,S.B.1002,SB1002,Healthcare funding restrictions | Healthcare restrictions | Other healthcare barriers,harmful,aclu,Advancing,"Did not meet passage requirements, dormant until carried over",2025-03-27,,,2
2025,OK,H.B.1964,HB1964,Curriculum censorship | Other anti-LGBTQ bills | Restricting student & educator rights,harmful,aclu,Advancing,"Did not meet passage requirements, dormant until carried over",2025-03-27,,,2
2025,OK,S.B.1107,SB1107,Other anti-LGBTQ bills,harmful,aclu,Advancing,"Failed in committee, dormant until carried over",2025-03-03,,,2
2025,OK,S.B.845,SB845,Other anti-LGBTQ bills,harmful,aclu,Advancing,"Did not meet passage requirements, dormant until carried over",2025-03-27,,,2
2025,OK,H.B.1219,HB1219,Free speech & expression bans | Other anti-LGBTQ bills | Other expression restrictions | Other school restrictions | Restricting student & educator rights,harmful,aclu,Advancing,"Did not meet passage requirements, dormant until carried over",2025-03-27,,,2
2025,OK,S.B.665,SB665,Religious exemptions | Weakening Civil Rights Laws,harmful,aclu,Advancing,"Did not meet passage requirements, dormant until carried over",2025-03-27,,,2
2025,OH,H.B.457,HB457,Other civil rights restrictions | Weakening Civil Rights Laws,harmful,aclu,Advancing,Referred to committee,2025-10-01,,,2
2025,OH,H.B.172,HB172,Healthcare age restrictions | Healthcare restrictions |,harmful,aclu,Advancing,Third committee hearing,2025-11-19,,,2
2025,OH,H.B.190,HB190,Forced outing in schools | Other school restrictions | Restricting student & educator rights,harmful,aclu,Advancing,First read and referred to committee,2025-04-29,,,2
2025,OH,S.B.209,SB209,Religious exemptions | Weakening Civil Rights Laws,harmful,aclu,Advancing,Referred to committee,2025-05-28,,,2
2025,NC,S516,S516,Barriers to accurate IDs | Other anti-LGBTQ bills | Re-definition of sex | Restricting student & educator rights | School facilities bans | Weakening Civil Rights Laws,harmful,aclu,Advancing,First read and referred to committee,2025-03-26,,,2
2025,NC,H595,H595,Curriculum censorship | Other anti-LGBTQ bills | Restricting student & educator rights,harmful,aclu,Advancing,First read and referred to committee,2025-04-01,,,2
2025,NC,H776,H776,Religious exemptions | Weakening Civil Rights Laws,harmful,aclu,Advancing,First read and referred to committee,2025-04-07,,,2
2025,NC,H791,H791,Barriers to accurate IDs | Re-definition of sex | Restricting student & educator rights | School facilities bans | Weakening Civil Rights Laws,harmful,aclu,Advancing,First read and referred to committee,2025-04-08,,,2
2025,OK,H.B.1224,HB1224,Religious exemptions | Weakening Civil Rights Laws,harmful,aclu,Advancing,"Did not meet passage requirements, dormant until carried over",2025-05-30,,,2
2025,SC,H.B.3263,H3263,Restricting student & educator rights | School facilities bans,harmful,aclu,Advancing,"Legislative session adjourned, carries over to 2026",2025-05-28,,,2
2025,GA,H.B.127,HB127,Other anti-LGBTQ bills,harmful,aclu,Advancing,House passed; Senate passed as substituted,2025-04-02,,,2
2025,DE,S.B. 55,SB55,Healthcare age restrictions | Healthcare restrictions |,harmful,aclu,Advancing,"Legislative session adjourned, carries over to 2026",2025-06-30,,,2
2025,MO,H.B. 722,HB722,Drag bans | Free speech & expression bans |,harmful,aclu,Advancing,Referred to committee,2025-05-15,,,2
2025,MO,H.B. 157,HB157,Barriers to accurate IDs |,harmful,aclu,Advancing,Referred to committee,2025-05-15,,,2
2025,MO,H.B. 1053,HB1053,Re-definition of sex | Weakening Civil Rights Laws,harmful,aclu,Advancing,Referred to committee,2025-05-15,,,2
2025,MO,H.B. 76,HB76,Re-definition of sex | Weakening Civil Rights Laws,harmful,aclu,Advancing,Referred to committee,2025-05-15,,,2
2025,MO,H.B. 1354,HB1354,Restricting student & educator rights | School facilities bans | School sports bans,harmful,aclu,Advancing,Referred to committee,2025-05-15,,,2
2025,MO,H.B. 1085,HB1085,Curriculum censorship | Forced outing in schools | Free speech & expression bans | Other expression restrictions | Other school restrictions | Restricting student & educator rights,harmful,aclu,Advancing,Referred to committee,2025-05-15,,,2
2025,MO,H.B. 1144,HB1144,Healthcare restrictions | Other healthcare barriers,harmful,aclu,Defeated,Legislative session ended,2025-05-15,,,6
2025,MO,H.B. 562,HB562,Other anti-LGBTQ bills,harmful,aclu,Defeated,Legislative session ended,2025-05-15,,,6
2025,MO,H.B. 38,HB38,Other school restrictions | Religious exemptions | Restricting student & educator rights | Weakening Civil Rights Laws,harmful,aclu,Defeated,Legislative session ended,2025-05-15,,,6
2025,IN,H.B.1412,HB1412,Healthcare restrictions | Other healthcare barriers,harmful,aclu,Passed into Law,Governor signed,2025-05-01,,,4
2025,GA,S.B.185,SB185,Healthcare restrictions | Prison healthcare restrictions,harmful,aclu,Passed into Law,Governor signed,2025-05-08,,,4
2025,AR,H.B.1684,HB1684,Forced outing in schools | Restricting student & educator rights,harmful,aclu,Defeated,Legislative session ended,2025-04-16,,,6
2025,AR,S.B.362,SB362,Other anti-LGBTQ bills,harmful,aclu,Advancing,Senate passed; House third reading failed,2025-04-16,,,2
2025,AZ,H.B.2438,HB2438,Barriers to accurate IDs |,harmful,aclu,Defeated,Vetoed by Governor,2025-05-02,,,6
2025,AZ,S.B.1586,SB1586,Healthcare restrictions | Other healthcare barriers,harmful,aclu,Defeated,Vetoed by Governor,2025-05-12,,,6
2025,MO,H.B. 156,HB156,Re-definition of sex | Weakening Civil Rights Laws,harmful,aclu,Advancing,Referred to committee,2025-05-15,,,2
2025,MO,H.B. 1362,HB1362,Barriers to accurate IDs |,harmful,aclu,Defeated,Legislative session ended,2025-05-15,,,6
2025,MT,S.B. 218,SB218,Healthcare restrictions | Other healthcare barriers,harmful,aclu,Passed into Law,Governor signed,2025-05-08,,,4
2025,OK,H.B.1688,HB1688,Barriers to accurate IDs |,harmful,aclu,Passed into Law,Become law without Governor's signature,2025-05-06,,,4
2025,MT,H.B. 734,HB734,Other school restrictions | Restricting student & educator rights,harmful,aclu,Defeated,Died in Process,2025-05-20,,,6
2025,MT,H.B. 730,HB730,Healthcare restrictions | Other healthcare barriers,harmful,aclu,Defeated,Died in process,2025-05-20,,,6
2025,MT,H.B. 754,HB754,Healthcare age restrictions | Healthcare restrictions | Other healthcare barriers,harmful,aclu,Defeated,Died in process,2025-05-20,,,6
2025,MT,H.B. 675,HB675,Drag bans | Free speech & expression bans |,harmful,aclu,Defeated,Died in process,2025-05-20,,,6
2025,MT,H.B. 635,HB635,Other anti-LGBTQ bills,harmful,aclu,Defeated,Died in process,2025-05-20,,,6
2025,MT,H.B. 682,HB682,Healthcare restrictions | Other healthcare barriers,harmful,aclu,Passed into Law,Signed by Governor,2025-05-13,,,4
2025,MT,H.B. 690,HB690,Healthcare restrictions | Other healthcare barriers,harmful,aclu,Passed into Law,Governor signed,2025-05-13,,,4
2025,AZ,H.B.2868,HB2868,Other anti-LGBTQ bills,harmful,aclu,Defeated,Vetoed by Governor,2025-05-13,,,6
2025,GA,S.B.1,SB1,Restricting student & educator rights | School facilities bans | School sports bans,harmful,aclu,Passed into Law,Governor signed,2025-04-28,,,4
2025,TX,H.B. 2354,HB2354,Other school restrictions | Restricting student & educator rights,harmful,aclu,Defeated,Legislative session ended,2025-06-02,,,6
2025,TX,H.B. 2969,HB2969,Religious exemptions | Weakening Civil Rights Laws,harmful,aclu,Defeated,Legislative session ended,2025-06-02,,,6
2025,TX,S.B. 619,SB619,Healthcare restrictions | Other healthcare barriers | Religious exemptions | Weakening Civil Rights Laws,harmful,aclu,Defeated,Legislative session ended,2025-06-02,,,6
2025,TX,H.B. 437,HB437,Other anti-LGBTQ bills,harmful,aclu,Defeated,Legislative session ended,2025-06-02,,,6
2025,TX,H.B. 370,HB370,Other anti-LGBTQ bills,harmful,aclu,Defeated,Legislative session ended,2025-06-02,,,6
2025,TX,H.B. 1655,HB1655,Other school restrictions | Restricting student & educator rights,harmful,aclu,Defeated,Legislative session ended,2025-06-02,,,6
2025,TX,S.B. 2943,SB2943,Religious exemptions | Weakening Civil Rights Laws,harmful,aclu,Defeated,Legislative session ended,2025-06-02,,,6
2025,WV,S.B.456,SB456,Other civil rights restrictions | Re-definition of sex | Restricting student & educator rights | School facilities bans | Weakening Civil Rights Laws,harmful,aclu,Passed into Law,Governor signed,2025-03-18,,,4
2025,OK,S.B.418,SB418,Other anti-LGBTQ bills,harmful,aclu,Passed into Law,Governor signed,2025-05-13,,,4
2025,AL,H.B.246,HB246,Other school restrictions | Restricting student & educator rights,harmful,aclu,Defeated,Legislative session ended,2025-05-14,,,6
2025,AL,H.B.244,HB244,Curriculum censorship | Free speech & expression bans | Other expression restrictions | Other school restrictions | Restricting student & educator rights,harmful,aclu,Defeated,Legislative session ended,2025-05-14,,,6
2025,IN,H.B.1041,HB1041,Restricting student & educator rights | School sports bans,harmful,aclu,Passed into Law,Signed by the Governor,2025-04-16,,,4
2025,ID,H.239,H239,Curriculum censorship | Restricting student & educator rights,harmful,aclu,Passed into Law,Governor signed,2025-03-31,,,4
2025,ID,H.352,H352,Curriculum censorship | Restricting student & educator rights,harmful,aclu,Passed into Law,Governor signed,2025-03-31,,,4
2025,MS,S.B. 2386,SB2386,Healthcare funding restrictions | Healthcare restrictions |,harmful,aclu,Advancing,Passed Senate and House; due from Governor,2025-04-24,,,2
2025,TX,S.B. 86,SB86,Curriculum censorship | Forced outing in schools | Other school restrictions | Restricting student & educator rights,harmful,aclu,Defeated,Legislative session ended,2025-06-02,,,6
2025,TX,S.B. 983,SB983,Curriculum censorship | Restricting student & educator rights,harmful,aclu,Defeated,Legislative session ended,2025-06-02,,,6
2025,TX,H.B. 5541,HB5541,Religious exemptions | Weakening Civil Rights Laws,harmful,aclu,Defeated,Legislative session ended,2025-06-02,,,6
2025,TX,H.B. 5593,HB5593,Other anti-LGBTQ bills,harmful,aclu,Defeated,Legislative session ended,2025-06-02,,,6
2025,TX,H.B. 5135,HB5135,Other anti-LGBTQ bills,harmful,aclu,Defeated,Legislative session ended,2025-06-02,,,6
2025,TN,S.B.0472,SB472,Restricting student & educator rights | School facilities bans,harmful,aclu,Advancing,Companion bill passed into law,2025-04-04,,,2
2025,TN,H.B.0064,HB64,Restricting student & educator rights | School facilities bans,harmful,aclu,Passed into Law,Signed by Governor,2025-04-03,,,4
2025,PR,P.S.0001,PS1,Religious exemptions | Weakening Civil Rights Laws,harmful,aclu,Advancing,Passed House and Senate; signed by House President,2025-04-10,,,2
2025,MS,H.B. 1193,HB1193,Curriculum censorship | Restricting student & educator rights,harmful,aclu,Advancing,House and Senate passed; due from Governor,2025-04-24,,,2
2025,KY,H.B.4,HB4,Other school restrictions | Restricting student & educator rights,harmful,aclu,Passed into Law,House and Senate override of Governor's veto,2025-03-27,,,4
2025,KS,H.B.2311,HB2311,Religious exemptions | Weakening Civil Rights Laws,harmful,aclu,Passed into Law,House and Senate override of Governor's veto,2025-04-10,,,4
2025,KY,H.B.501,HB501,Healthcare age restrictions | Healthcare restrictions |,harmful,aclu,Passed into Law,Became law without Governor's signature,2025-04-10,,,4
2025,LA,H.B.418,HB418,Other anti-LGBTQ bills,harmful,aclu,Defeated,Legislative session ended,2025-06-12,,,6
2025,MT,H.B. 121,HB121,Other anti-LGBTQ bills | Public accommodation bans | Restricting student & educator rights | School facilities bans,harmful,aclu,Passed into Law,Signed by Governor,2025-03-27,,,4
2025,NV,S.B.112,SB112,Restricting student & educator rights | School sports bans,harmful,aclu,Defeated,Legislative session ended,2025-06-02,,,6
2025,TX,H.B. 1088,HB1088,Healthcare restrictions | Other healthcare barriers,harmful,aclu,Defeated,Legislative session ended,2025-06-02,,,6
2025,TX,H.B. 4503,HB4503,Other anti-LGBTQ bills,harmful,aclu,Defeated,Legislative session ended,2025-06-02,,,6
2025,TX,S.B. 240,SB240,Public accommodation bans,harmful,aclu,Defeated,Legislative session ended,2025-06-02,,,6
2025,TX,S.B. 2826,SB2826,Healthcare restrictions | Other healthcare barriers,harmful,aclu,Defeated,Legislative session ended,2025-06-02,,,6
2025,TN,S.B.0955,SB955,Healthcare restrictions | Other healthcare barriers | Religious exemptions | Weakening Civil Rights Laws,harmful,aclu,Passed into Law,Governor signed,2025-04-24,,,4
2025,MT,H.B. 400,HB400,Other anti-LGBTQ bills | Other school restrictions | Restricting student & educator rights,harmful,aclu,Passed into Law,Signed by Governor,2025-05-01,,,4
2025,RI,H.B.5842,H5842,Restricting student & educator rights | School sports bans,harmful,aclu,Defeated,Legislative session adjourned,2025-06-20,,,6
2025,AL,H.B.67,HB67,Other school restrictions | Restricting student & educator rights,harmful,aclu,Defeated,Legislative session ended,2025-05-14,,,6
2025,MT,S.B. 437,SB437,Barriers to accurate IDs | Other anti-LGBTQ bills | Other school restrictions | Re-definition of sex | Restricting student & educator rights | Weakening Civil Rights Laws,harmful,aclu,Advancing,Signed by Senate President,2025-04-21,,,2
2025,MT,H.B. 471,HB471,Curriculum censorship | Restricting student & educator rights,harmful,aclu,Passed into Law,Signed by Governor,2025-05-05,,,4
2025,AR,H.B.1615,HB1615,Healthcare restrictions | Other healthcare barriers | Religious exemptions | Weakening Civil Rights Laws,harmful,aclu,Passed into Law,Governor signed,2025-04-16,,,4
2025,AR,S.B.486,SB486,Other anti-LGBTQ bills | Public accommodation bans | Restricting student & educator rights | School facilities bans,harmful,aclu,Passed into Law,Governor signed,2025-04-22,,,4
2025,AR,S.B.444,SB444,Healthcare restrictions | Other healthcare barriers,harmful,aclu,Passed into Law,Governor signed,2025-04-22,,,4
2025,AR,H.B.1916,HB1916,Healthcare age restrictions | Healthcare restrictions |,harmful,aclu,Passed into Law,Governor signed,2025-04-22,,,4
2025,TX,S.B. 406,SB406,Barriers to accurate IDs |,harmful,aclu,Defeated,Legislative session ended,2025-06-02,,,6
2025,NV,A.B.240,AB240,Restricting student & educator rights | School sports bans,harmful,aclu,Defeated,Legislative session ended,2025-06-02,,,6
2025,MT,H.B. 655,HB655,Religious exemptions | Weakening Civil Rights Laws,harmful,aclu,Passed into Law,Signed by Governor,2025-05-01,,,4
2025,GA,S.B.39,SB39,Healthcare funding restrictions | Healthcare restrictions | Other healthcare barriers | Prison healthcare restrictions,harmful,aclu,Advancing,"Legislative session adjourned, carries over to 2026",2025-04-04,,,2
2025,OK,S.B.658,SB658,Religious exemptions | Weakening Civil Rights Laws,harmful,aclu,Passed into Law,Governor signed,2025-05-10,,,4
2025,TN,H.B.1270,HB1270,Other anti-LGBTQ bills | Other school restrictions | Restricting student & educator rights,harmful,aclu,Advancing,Companion bill became law,2025-05-15,,,2
2025,AZ,S.B.1002,SB1002,Other school restrictions | Religious exemptions | Restricting student & educator rights | Weakening Civil Rights Laws,harmful,aclu,Defeated,Vetoed by Governor,2025-05-12,,,6
2025,ME,L.D. 233 (H.P. 156),LD233,Restricting student & educator rights | School sports bans,harmful,aclu,Defeated,"Died between houses, ought not to pass",2025-06-17,,,6
2025,TX,H.B. 127,HB127,Curriculum censorship | Free speech & expression bans | Other anti-LGBTQ bills | Other expression restrictions | Restricting student & educator rights,harmful,aclu,Defeated,Special legislative session concluded,2025-09-03,,,6
2025,TX,H.B. 120,HB120,Curriculum censorship | Restricting student & educator rights,harmful,aclu,Defeated,Special legislative session concluded,2025-08-15,,,6
2025,TX,H.B. 52,HB52,Other anti-LGBTQ bills | Public accommodation bans | Restricting student & educator rights | School facilities bans,harmful,aclu,Defeated,Special legislative session concluded,2025-09-03,,,6
2025,TX,H.B. 214,HB214,Other anti-LGBTQ bills | Public accommodation bans | Restricting student & educator rights | School facilities bans,harmful,aclu,Defeated,Special legislative session concluded,2025-09-03,,,6
2025,TX,H.B. 172,HB172,Other anti-LGBTQ bills,harmful,aclu,Introduced,,2025-07-22,,,1
2025,TX,H.B. 32,HB32,Other anti-LGBTQ bills | Public accommodation bans | Restricting student & educator rights | School facilities bans,harmful,aclu,Introduced,,2025-07-14,,,1
2025,TX,S.B. 7,SB7,Other anti-LGBTQ bills | Public accommodation bans | Restricting student & educator rights | School facilities bans,harmful,aclu,Defeated,Special legislative session adjourned,2025-08-15,,,6
2025,TX,H.B. 171,HB171,Curriculum censorship | Restricting student & educator rights,harmful,aclu,Introduced,,2025-07-22,,,1
2025,OR,H.B.2439,HB2439,Other anti-LGBTQ bills | Other civil rights restrictions | Weakening Civil Rights Laws,harmful,aclu,Defeated,Legislative session ended,2025-06-27,,,6
2025,OR,H.B.2037,HB2037,Restricting student & educator rights | School facilities bans | School sports bans,harmful,aclu,Defeated,Legislative session ended,2025-06-27,,,6
2025,OR,S.B.787,SB787,Restricting student & educator rights | School sports bans,harmful,aclu,Defeated,Legislative session ended,2025-06-27,,,6
2025,OR,S.B.618,SB618,Restricting student & educator rights | School sports bans,harmful,aclu,Defeated,Legislative session ended,2025-06-27,,,6
2025,OR,S.B.899,SB899,Healthcare age restrictions | Healthcare restrictions |,harmful,aclu,Defeated,Legislative session ended,2025-06-27,,,6
2025,AZ,S.B.1003,SB1003,Restricting student & educator rights | School facilities bans,harmful,aclu,Defeated,Vetoed by Governor,2025-05-12,,,6
2025,AZ,H.C.R.2042,HCR2042,Other anti-LGBTQ bills,harmful,aclu,Defeated,Legislative session ended,2025-06-27,,,6
2025,ME,L.D. 1337 (H.P. 872),LD1337,Other civil rights restrictions | Restricting student & educator rights | School sports bans | Weakening Civil Rights Laws,harmful,aclu,Defeated,House and Senate concurred ought not to pass,2025-06-16,,,6
2025,ME,L.D. 868 (H.P. 554),LD868,Restricting student & educator rights | School facilities bans | School sports bans,harmful,aclu,Defeated,House and Senate concurred ought not to pass,2025-06-16,,,6
2025,CA,A.B.89,AB89,Restricting student & educator rights | School sports bans,harmful,aclu,Defeated,Failed in committee,2025-04-02,,,6
2025,CA,A.B.579,AB579,Healthcare restrictions | Other anti-LGBTQ bills | Other healthcare barriers,harmful,aclu,Advancing,First read; may be heard in committee March 15,2025-02-12,,,2
2025,CA,A.B.600,AB600,Other anti-LGBTQ bills | Other school restrictions | Restricting student & educator rights,harmful,aclu,Advancing,First read; may be heard in committee March 16,2025-02-13,,,2
2025,CA,A.B.1464,AB1464,Other anti-LGBTQ bills,harmful,aclu,Advancing,"First read 2/24, may be heard in committee",2025-03-24,,,2
2025,CA,S.B.311,SB311,Other anti-LGBTQ bills,harmful,aclu,Advancing,"Hearing scheduled, failed passage in committee",2025-04-29,,,2
2025,AK,H.B. 40,HB40,Restricting student & educator rights | School sports bans,harmful,aclu,Advancing,"Legislative session adjourned, carries over to 2026",2025-05-20,,,2
2025,MA,S.350,S350,Restricting student & educator rights | School sports bans,harmful,aclu,Advancing,Committee recommended ought not to pass by committee,2025-07-24,,,2
2025,OR,H.B.3330,HB3330,Religious exemptions | Weakening Civil Rights Laws,harmful,aclu,Defeated,Legislative session ended,2025-06-27,,,6
2025,NH,H.B.620,HB620,Religious exemptions | Weakening Civil Rights Laws,harmful,aclu,Defeated,Died on table; not retained for 2026 session,2025-12-18,,,6
2025,NH,H.B.712,HB712,Healthcare age restrictions | Healthcare restrictions |,harmful,aclu,Passed into Law,Governor signed,2025-08-01,,,4
2025,NH,H.B.377,HB377,Healthcare age restrictions | Healthcare restrictions |,harmful,aclu,Passed into Law,Governor signed,2025-08-01,,,4
2025,NH,S.B.38,SB38,Other civil rights restrictions | Weakening Civil Rights Laws,harmful,aclu,Defeated,"Reported unfavorably by committee, not retained for 2026 session",2025-11-03,,,6
2025,NH,S.B.211,SB211,Restricting student & educator rights | School facilities bans | School sports bans,harmful,aclu,Defeated,"Committee reported inexpedient to legislate, not retained for 2026 session",2025-11-19,,,6
2025,TX,S.B. 8,SB8,Other anti-LGBTQ bills | Public accommodation bans | Restricting student & educator rights | School facilities bans,harmful,aclu,Passed into Law,Governor signed,2025-09-22,,,4
2025,ME,L.D. 1704 (H.P. 1139),LD1704,Restricting student & educator rights | School facilities bans,harmful,aclu,Defeated,House and Senate concurred ought not to pass,2025-06-13,,,6
2025,ME,L.D. 1134 (S.P. 461),LD1134,Restricting student & educator rights | School sports bans,harmful,aclu,Defeated,House and Senate concurred ought not to pass,2025-06-13,,,6
2025,NH,H.B.148,HB148,Other civil rights restrictions | Weakening Civil Rights Laws,harmful,aclu,Defeated,Governor's veto sustained,2025-12-17,,,6
2025,RI,S.B.305,S305,Healthcare restrictions | Other healthcare barriers | Religious exemptions | Weakening Civil Rights Laws,harmful,aclu,Defeated,Legislative session adjourned,2025-06-20,,,6
2025,OR,S.B.1100,SB1100,Restricting student & educator rights | School sports bans,harmful,aclu,Defeated,Legislative session ended,2025-06-27,,,6
2025,NC,H805,H805,Barriers to accurate IDs | Healthcare restrictions | Other healthcare barriers | Other school restrictions | Re-definition of sex | Restricting student & educator rights | School facilities bans | Weakening Civil Rights Laws,harmful,aclu,Advancing,"Vetoed by Governor, placed on House calendar for",2025-07-29,,,2
2025,MT,S.B. 240,SB240,Other anti-LGBTQ bills,harmful,aclu,Defeated,Died in process,2025-05-23,,,6
2025,MT,S.B. 164,SB164,Healthcare age restrictions | Healthcare restrictions |,harmful,aclu,Defeated,Died in process,2025-05-23,,,6
2025,TX,S.B. 1999,SB1999,Other anti-LGBTQ bills | Other school restrictions | Restricting student & educator rights,harmful,aclu,Defeated,Legislative session ended,2025-06-02,,,6
2025,TX,S.B. 1073,SB1073,Religious exemptions | Weakening Civil Rights Laws,harmful,aclu,Defeated,Legislative session ended,2025-06-02,,,6
2025,TX,S.B. 2920,SB2920,Restricting student & educator rights | School sports bans,harmful,aclu,Defeated,Legislative session ended,2025-06-02,,,6
2025,MT,S.B. 299,SB299,Forced outing in schools | Restricting student & educator rights,harmful,aclu,Defeated,House tabled in committee; died in Senate committee,2025-05-23,,,6
2025,IA,H.F.856,HF856,Other anti-LGBTQ bills,harmful,aclu,Passed into Law,Governor signed,2025-05-27,,,4
2025,TX,H.B. 4552,HB4552,Other anti-LGBTQ bills,harmful,aclu,Defeated,Legislative session ended,2025-06-02,,,6
2025,LA,H.B.685,HB685,Other anti-LGBTQ bills,harmful,aclu,Defeated,Legislative session ended,2025-06-12,,,6
2025,IA,S.F.649,SF649,Healthcare funding restrictions | Healthcare restrictions |,harmful,aclu,Advancing,HF 1049 substituted; withdrawn,2025-05-14,,,2
2025,WV,S.B.154,SB154,Forced outing in schools | Restricting student & educator rights,harmful,aclu,Passed into Law,Governor signed,2025-04-30,,,4
2025,WV,S.B.474,SB474,Other school restrictions | Restricting student & educator rights,harmful,aclu,Passed into Law,Governor signed,2025-04-30,,,4
2025,WV,S.B.299,SB299,Healthcare age restrictions | Healthcare restrictions |,harmful,aclu,Passed into Law,Governor signed,2025-04-30,,,4
2025,TX,S.B. 689,SB689,Other anti-LGBTQ bills,harmful,aclu,Defeated,Legislative session ended,2025-06-02,,,6
2025,TN,S.B.0937,SB937,Other anti-LGBTQ bills | Other school restrictions | Restricting student & educator rights,harmful,aclu,Passed into Law,Governor signed,2025-05-09,,,4
2025,NV,A.B.56,AB56,Healthcare restrictions | Other healthcare barriers,harmful,aclu,Passed into Law,Governor signed,2025-05-26,,,4
2025,MO,S.B. 10,SB10,Healthcare age restrictions | Healthcare restrictions | Restricting student & educator rights | School sports bans,harmful,aclu,Defeated,Legislative session ended,2025-05-15,,,6
2025,MT,H.B. 819,HB819,Free speech & expression bans | Other expression restrictions | Other school restrictions | Restricting student & educator rights,harmful,aclu,Passed into Law,Governor signed,2025-05-13,,,4
2025,NE,L.B.89,LB89,Public accommodation bans | Re-definition of sex | Restricting student & educator rights | School sports bans | Weakening Civil Rights Laws,harmful,aclu,Passed into Law,Governor signed,2025-06-06,,,4
2025,NC,S442,S442,Healthcare restrictions | Other healthcare barriers,harmful,aclu,Passed into Law,Governor signed,2025-07-03,,,4
2025,NJ,A.775,A775,Restricting student & educator rights | School sports bans,harmful,aclu,Advancing,Motion to table prevailed,2025-06-30,,,2
2025,TX,S.B. 12,SB12,Other anti-LGBTQ bills | Other school restrictions | Restricting student & educator rights,harmful,aclu,Passed into Law,Governor signed,2025-06-20,,,4
2025,TX,H.B. 229,HB229,Other anti-LGBTQ bills,harmful,aclu,Passed into Law,Governor signed,2025-06-20,,,4
2025,TX,H.B. 18,HB18,Healthcare age restrictions | Healthcare restrictions |,harmful,aclu,Passed into Law,Governor signed,2025-06-20,,,4
2025,TX,S.B. 1188,SB1188,Other anti-LGBTQ bills,harmful,aclu,Passed into Law,Governor signed,2025-06-20,,,4
2025,LA,H.B.371,HB371,Religious exemptions | Weakening Civil Rights Laws,harmful,aclu,Passed into Law,Governor signed,2025-06-20,,,4
2025,OR,H.B.3740,HB3740,Restricting student & educator rights | School sports bans,harmful,aclu,Defeated,Legislative session ended,2025-06-27,,,6
2025,FL,H.B. 731,H0731,Other anti-LGBTQ bills,harmful,aclu,Defeated,Legislative session adjourned,2025-06-16,,,6
2025,FL,S.B. 440,S0440,Other anti-LGBTQ bills | Religious exemptions | Weakening Civil Rights Laws,harmful,aclu,Defeated,Legislative session adjourned,2025-06-16,,,6
2025,FL,S.B. 1710,S1710,Other anti-LGBTQ bills,harmful,aclu,Defeated,Legislative session adjourned,2025-06-16,,,6
2025,FL,H.B. 1307,H1307,Restricting student & educator rights | School facilities bans,harmful,aclu,Defeated,Legislative session adjourned,2025-06-16,,,6
2025,FL,H.B. 1495,H1495,Other anti-LGBTQ bills | Religious exemptions | Weakening Civil Rights Laws,harmful,aclu,Defeated,Legislative session adjourned,2025-06-16,,,6
2025,CT,S.B.504,SB00504,Other school restrictions | Restricting student & educator rights,harmful,aclu,Defeated,Legislative session adjourned,2025-06-04,,,6
2025,IA,H.F.1049,HF1049,Healthcare funding restrictions | Healthcare restrictions |,harmful,aclu,Passed into Law,Governor signed,2025-06-11,,,4
2025,ND,H.B. 1144,HB1144,Restricting student & educator rights | School facilities bans,harmful,aclu,Passed into Law,Governor signed,2025-05-02,,,4
2025,FL,H.B. 75,H0075,Free speech & expression bans | Other expression restrictions | Other school restrictions | Restricting student & educator rights,harmful,aclu,Defeated,Legislative session adjourned,2025-06-16,,,6
2025,ID,S.1027,S1027,Other anti-LGBTQ bills,harmful,aclu,Passed into Law,Governor signed,2025-03-24,,,4
2025,SC,H.B.3095,H3095,Barriers to accurate IDs |,harmful,aclu,Advancing,"Legislative session adjourned, carries over to 2026",2025-05-28,,,2
2025,SC,H.B.3433,H3433,Other anti-LGBTQ bills,harmful,aclu,Advancing,"Legislative session adjourned, carries over to 2026",2025-05-28,,,2
2024,KY,H.B.358,HB358,Barriers to accurate IDs |,harmful,aclu,Defeated,Legislative session ended,2024-04-15,,,6
2024,OK,S.B.1831,SB1831,Re-definition of sex | Weakening Civil Rights Laws,harmful,aclu,Defeated,Failed to meet Senate deadline,2024-02-29,,,6
2024,NM,H.B. 205,HB205,Other civil rights restrictions | Weakening Civil Rights Laws,harmful,aclu,Defeated,Legislative session ended,2024-02-15,,,6
2024,ID,H.419,H419,Healthcare funding restrictions | Healthcare restrictions |,harmful,aclu,Defeated,Legislative session ended,2024-04-10,,,6
2024,HI,H.B.1740,HB1740,Restricting student & educator rights | School sports bans,harmful,aclu,Defeated,Legislative session ended,2024-05-03,,,6
2024,MD,S.B.0381,SB381,Restricting student & educator rights | School sports bans,harmful,aclu,Defeated,Legislative session ended,2024-04-08,,,6
2024,MO,S.B. 728,SB728,Forced outing in schools | Other school restrictions | Restricting student & educator rights,harmful,aclu,Defeated,Legislative session ended,2024-05-17,,,6
2024,IA,S.F.2055,SF2055,Public accommodation bans,harmful,aclu,Defeated,Legislative session ended,2024-04-20,,,6
2024,AZ,H.B.2391,HB2391,Re-definition of sex | Weakening Civil Rights Laws,harmful,aclu,Defeated,Legislative session ended,2024-06-15,,,6
2024,IL,H.B.4122,HB4122,Other civil rights restrictions | Weakening Civil Rights Laws,harmful,aclu,Defeated,Legislative session ended,2024-05-29,,,6
2024,FL,H.B. 901,H0901,Free speech & expression bans | Other expression restrictions,harmful,aclu,Defeated,Died in committee,2024-03-08,,,6
2024,SC,H.B.4663,H4663,Other anti-LGBTQ bills,harmful,aclu,Defeated,Legislative session ended,2024-05-09,,,6
2024,WV,H.B.5036,HB5036,Other anti-LGBTQ bills,harmful,aclu,Defeated,Legislative session ended,2024-03-09,,,6
2024,KY,H.B.49,HB49,Religious exemptions | Weakening Civil Rights Laws,harmful,aclu,Defeated,Legislative session ended,2024-04-15,,,6
2024,FL,H.B. 1233,H1233,Barriers to accurate IDs | Other anti-LGBTQ bills | Re-definition of sex | Weakening Civil Rights Laws,harmful,aclu,Defeated,Died in committee,2024-03-08,,,6
2024,WV,H.B.5187,HB5187,Healthcare age restrictions | Healthcare restrictions |,harmful,aclu,Defeated,Legislative session ended,2024-03-09,,,6
2024,WV,H.B.5184,HB5184,Other anti-LGBTQ bills,harmful,aclu,Defeated,Legislative session ended,2024-03-09,,,6
2024,WV,S.B.560,SB560,Religious exemptions | Weakening Civil Rights Laws,harmful,aclu,Defeated,Legislative session ended,2024-03-09,,,6
2024,KY,H.B.390,HB390,Re-definition of sex | Weakening Civil Rights Laws,harmful,aclu,Defeated,Legislative session ended,2024-04-15,,,6
2024,OK,S.B.1883,SB1883,Religious exemptions | Weakening Civil Rights Laws,harmful,aclu,Defeated,Failed to meet Senate deadline,2024-02-29,,,6
2024,OK,S.B.1880,SB1880,Other school restrictions | Restricting student & educator rights,harmful,aclu,Defeated,Failed to meet Senate deadline,2024-02-29,,,6
2024,OK,S.B.1731,SB1731,Re-definition of sex | Weakening Civil Rights Laws,harmful,aclu,Defeated,Failed to meet Senate deadline,2024-02-29,,,6
2024,MO,H.B. 1674,HB1674,Other anti-LGBTQ bills,harmful,aclu,Defeated,Legislative session ended,2024-05-17,,,6
2024,MO,H.B. 2308,HB2308,Other anti-LGBTQ bills | Restricting student & educator rights | School facilities bans,harmful,aclu,Defeated,Legislative session ended,2024-05-17,,,6
2024,IN,S.B.0193,SB193,Religious exemptions | Weakening Civil Rights Laws,harmful,aclu,Defeated,Legislative session ended,2024-03-08,,,6
2024,IA,S.S.B.3094,SSB3094,Other anti-LGBTQ bills,harmful,aclu,Defeated,Legislative session ended,2024-04-20,,,6
2024,FL,H.B. 1663,H1663,Other anti-LGBTQ bills,harmful,aclu,Defeated,Died in subcommittee,2024-03-08,,,6
2024,IA,H.F.2082,HF2082,Other civil rights restrictions | Weakening Civil Rights Laws,harmful,aclu,Defeated,Legislative session ended,2024-04-20,,,6
2024,AZ,H.B.2655,HB2655,Other school restrictions | Restricting student & educator rights,harmful,aclu,Defeated,Legislative session ended,2024-06-15,,,6
2024,OK,S.B.1891,SB1891,Barriers to accurate IDs |,harmful,aclu,Defeated,Failed to meet Senate deadline,2024-02-29,,,6
2024,OK,S.B.1563,SB1563,Curriculum censorship | Forced outing in schools | Other school restrictions | Restricting student & educator rights,harmful,aclu,Defeated,Failed to meet Senate deadline,2024-02-29,,,6
2024,OK,S.B.1777,SB1777,Healthcare funding restrictions | Healthcare restrictions |,harmful,aclu,Defeated,Failed to meet Senate deadline,2024-02-29,,,6
2024,OK,S.B.1981,SB1981,Curriculum censorship | Restricting student & educator rights,harmful,aclu,Defeated,Failed to meet Senate deadline,2024-02-29,,,6
2024,OK,S.B.1730,SB1730,Healthcare restrictions | Other healthcare barriers,harmful,aclu,Defeated,Failed to meet Senate deadline,2024-02-29,,,6
2024,WV,H.B.4898,HB4898,Religious exemptions | Weakening Civil Rights Laws,harmful,aclu,Defeated,Legislative session ended,2024-03-09,,,6
2024,AZ,H.B.2657,HB2657,Curriculum censorship | Forced outing in schools | Other anti-LGBTQ bills | Restricting student & educator rights,harmful,aclu,Defeated,Legislative session ended,2024-06-15,,,6
2024,WV,H.B.4806,HB4806,Restricting student & educator rights | School facilities bans,harmful,aclu,Defeated,Legislative session ended,2024-03-09,,,6
2024,OK,S.B.1303,SB1303,Other anti-LGBTQ bills,harmful,aclu,Defeated,Failed to meet Senate deadline,2024-02-29,,,6
2024,WV,H.B.4922,HB4922,Healthcare age restrictions | Healthcare restrictions |,harmful,aclu,Defeated,Legislative session ended,2024-03-09,,,6
2024,MO,S.B. 726,SB726,Healthcare age restrictions | Healthcare restrictions |,harmful,aclu,Defeated,Legislative session ended,2024-05-17,,,6
2024,MO,S.B. 776,SB776,Healthcare age restrictions | Healthcare restrictions |,harmful,aclu,Defeated,Legislative session ended,2024-05-17,,,6
2024,MO,S.B. 770,SB770,Curriculum censorship | Restricting student & educator rights | School sports bans,harmful,aclu,Defeated,Legislative session ended,2024-05-17,,,6
2024,NJ,S.1331,S1331,Restricting student & educator rights | School sports bans,harmful,aclu,Introduced,Pre-filed and referred to committee,2024-01-09,,,1
2024,WV,H.B.4387,HB4387,Other anti-LGBTQ bills,harmful,aclu,Defeated,Legislative session ended,2024-03-09,,,6
2024,WV,H.B.4579,HB4579,Other school restrictions | Restricting student & educator rights,harmful,aclu,Defeated,Legislative session ended,2024-03-09,,,6
2024,WV,S.B.194,SB194,Healthcare age restrictions | Healthcare funding restrictions | Healthcare restrictions |,harmful,aclu,Defeated,Legislative session ended,2024-03-09,,,6
2024,WV,H.B.4357,HB4357,Healthcare age restrictions | Healthcare restrictions |,harmful,aclu,Defeated,Legislative session ended,2024-03-09,,,6
2024,WV,H.B.4421,HB4421,Drag bans | Free speech & expression bans |,harmful,aclu,Defeated,Legislative session ended,2024-03-09,,,6
2024,WV,S.B.224,SB224,Drag bans | Free speech & expression bans |,harmful,aclu,Defeated,Legislative session ended,2024-03-09,,,6
2024,WA,H.B. 2241,HB2241,Healthcare age restrictions | Healthcare restrictions |,harmful,aclu,Defeated,Legislative session ended,2024-03-07,,,6
2024,VT,H 183,H183,Religious exemptions | Weakening Civil Rights Laws,harmful,aclu,Defeated,Legislative session ended,2024-05-10,,,6
2024,VT,H 513,H513,Restricting student & educator rights | School sports bans,harmful,aclu,Defeated,Legislative session ended,2024-05-10,,,6
2024,TN,HB 1411,HB1411,Other school restrictions | Restricting student & educator rights,harmful,aclu,Defeated,Legislative session ended,2024-04-25,,,6
2024,TN,SB 5,SB5,Healthcare age restrictions | Healthcare restrictions |,harmful,aclu,Defeated,Legislative session ended,2024-04-25,,,6
2024,MO,S.B. 868,SB868,Forced outing in schools | Other school restrictions | Religious exemptions | Restricting student & educator rights | Weakening Civil Rights Laws,harmful,aclu,Defeated,Legislative session ended,2024-05-17,,,6
2024,IN,H.B.1291,HB1291,Barriers to accurate IDs | Re-definition of sex | Weakening Civil Rights Laws,harmful,aclu,Defeated,Legislative session ended,2024-03-08,,,6
2024,IN,H.B.1406,HB1406,Other anti-LGBTQ bills,harmful,aclu,Defeated,Legislative session ended,2024-03-08,,,6
2024,FL,S.B. 1382,S1382,Other anti-LGBTQ bills | Religious exemptions | Weakening Civil Rights Laws,harmful,aclu,Defeated,Died in committee,2024-03-08,,,6
2024,WV,H.B.4857,HB4857,Healthcare age restrictions | Healthcare funding restrictions | Healthcare restrictions |,harmful,aclu,Defeated,Legislative session ended,2024-03-09,,,6
2024,WV,H.B.4884,HB4884,Religious exemptions | Weakening Civil Rights Laws,harmful,aclu,Defeated,Legislative session ended,2024-03-09,,,6
2024,KS,S.B.353,SB353,Healthcare age restrictions | Healthcare restrictions |,harmful,aclu,Defeated,Legislative session ended,2024-04-30,,,6
2024,SC,S.B.0743,S743,Curriculum censorship | Forced outing in schools | Other school restrictions | Restricting student & educator rights,harmful,aclu,Defeated,Legislative session ended,2024-05-09,,,6
2024,NJ,A.670,A670,Curriculum censorship | Restricting student & educator rights,harmful,aclu,Introduced,,2024-01-10,,,1
2024,KY,S.B.93,SB93,Other school restrictions | Restricting student & educator rights,harmful,aclu,Defeated,Legislative session ended,2024-04-15,,,6
2024,WA,S.B. 6026,SB6026,Forced outing in schools | Religious exemptions | Restricting student & educator rights | Weakening Civil Rights Laws,harmful,aclu,Defeated,Legislative session ended,2024-03-07,,,6
2024,WV,H.B.4923,HB4923,Healthcare age restrictions | Healthcare restrictions | Other healthcare barriers,harmful,aclu,Defeated,Legislative session ended,2024-03-09,,,6
2024,IN,S.B.0028,SB28,Other anti-LGBTQ bills,harmful,aclu,Defeated,Legislative session ended,2024-03-08,,,6
2024,IL,H.B.4096,HB4096,Healthcare age restrictions | Healthcare restrictions | Other healthcare barriers,harmful,aclu,Defeated,Legislative session ended,2024-05-29,,,6
2024,WA,HB 1233,HB1233,Other anti-LGBTQ bills,harmful,aclu,Defeated,Legislative session ended,2024-03-07,,,6
2024,WA,SB 5653,SB5653,Curriculum censorship | Forced outing in schools | Restricting student & educator rights,harmful,aclu,Defeated,Legislative session ended,2024-03-07,,,6
2024,PR,PS 1345,PS1345,Religious exemptions | Weakening Civil Rights Laws,harmful,aclu,Introduced,Carried over,2024-01-08,,,1
2024,PR,PC 1887,PC1887,Religious exemptions | Weakening Civil Rights Laws,harmful,aclu,Defeated,Legislative session ended,2024-11-19,,,6
2024,FL,H.B. 599,H0599,Other anti-LGBTQ bills | Religious exemptions | Weakening Civil Rights Laws,harmful,aclu,Defeated,Died in subcommittee,2024-03-08,,,6
2024,FL,S.B. 1722,S1722,Other anti-LGBTQ bills,harmful,aclu,Defeated,Died in committee,2024-03-08,,,6
2024,RI,S.B.2081,S2081,Religious exemptions | Weakening Civil Rights Laws,harmful,aclu,Defeated,Legislative session ended,2024-06-14,,,6
2024,TN,HB 571,HB571,Other anti-LGBTQ bills,harmful,aclu,Defeated,Legislative session ended,2024-04-25,,,6
2024,MO,S.B. 1024,SB1024,Curriculum censorship | Restricting student & educator rights,harmful,aclu,Defeated,Legislative session ended,2024-05-17,,,6
2024,MO,S.B. 1246,SB1246,Restricting student & educator rights | School sports bans,harmful,aclu,Defeated,Legislative session ended,2024-05-17,,,6
2024,IA,S.S.B.3084,SSB3084,Forced outing in schools | Other school restrictions | Restricting student & educator rights,harmful,aclu,Defeated,Legislative session ended,2024-04-20,,,6
2024,IA,H.S.B.649,HSB649,Barriers to accurate IDs | Re-definition of sex | Weakening Civil Rights Laws,harmful,aclu,Defeated,Legislative session ended,2024-04-20,,,6
2024,IA,H.S.B.614,HSB614,Religious exemptions | Weakening Civil Rights Laws,harmful,aclu,Defeated,Legislative session ended,2024-04-20,,,6
2024,TN,S.B.2747,SB2747,Religious exemptions | Weakening Civil Rights Laws,harmful,aclu,Defeated,Legislative session ended,2024-04-25,,,6
2024,GA,H.B.1205,HB1205,Other anti-LGBTQ bills,harmful,aclu,Defeated,Legislative session ended,2024-03-28,,,6
2024,MD,H.B.0047,HB47,Restricting student & educator rights | School sports bans,harmful,aclu,Defeated,Legislative session ended,2024-04-08,,,6
2024,VA,S.B. 153,SB153,Religious exemptions | Weakening Civil Rights Laws,harmful,aclu,Defeated,Stricken in committee at request of patron,2024-02-08,,,6
2024,SD,S.B.184,SB184,Drag bans | Free speech & expression bans |,harmful,aclu,Defeated,Legislative session ended,2024-03-26,,,6
2024,TN,SB 620,SB620,Curriculum censorship | Forced outing in schools | Other school restrictions | Restricting student & educator rights,harmful,aclu,Defeated,Legislative session ended,2024-04-25,,,6
2024,TN,S.B.2560,SB2560,Other anti-LGBTQ bills,harmful,aclu,Defeated,Legislative session ended,2024-04-25,,,6
2024,NE,L.B.1330,LB1330,Other anti-LGBTQ bills,harmful,aclu,Defeated,Legislative session ended,2024-04-18,,,6
2024,GA,H.B.1128,HB1128,Re-definition of sex | Weakening Civil Rights Laws,harmful,aclu,Defeated,Legislative session ended,2024-03-28,,,6
2024,TN,H.B.2935,HB2935,Religious exemptions | Weakening Civil Rights Laws,harmful,aclu,Defeated,Legislative session ended,2024-04-25,,,6
2024,TN,H.B.2669,HB2669,Other anti-LGBTQ bills,harmful,aclu,Defeated,Legislative session ended,2024-04-25,,,6
2024,IA,H.F.2409,HF2409,Other anti-LGBTQ bills,harmful,aclu,Defeated,Legislative session ended,2024-04-20,,,6
2024,IA,S.S.B.3006,SSB3006,Religious exemptions | Weakening Civil Rights Laws,harmful,aclu,Defeated,Legislative session ended,2024-04-20,,,6
2024,KS,S.B.512,SB512,Other anti-LGBTQ bills,harmful,aclu,Defeated,Legislative session ended,2024-04-30,,,6
2024,WV,H.B.5243,HB5243,Public accommodation bans | Re-definition of sex | Weakening Civil Rights Laws,harmful,aclu,Defeated,Legislative session ended,2024-03-09,,,6
2024,ID,H.560,H560,Other anti-LGBTQ bills,harmful,aclu,Defeated,Legislative session ended,2024-04-10,,,6
2024,WY,H.B.0061,HB61,Curriculum censorship | Other school restrictions | Restricting student & educator rights,harmful,aclu,Defeated,Failed introduction,2024-02-16,,,6
2024,WY,H.B.0136,HB136,Restricting student & educator rights | School sports bans,harmful,aclu,Defeated,Failed introduction,2024-02-16,,,6
2024,WY,H.B.0190,HB190,Curriculum censorship | Forced outing in schools | Restricting student & educator rights,harmful,aclu,Defeated,Failed introduction,2024-02-16,,,6
2024,WY,H.B.0178,HB178,Religious exemptions | Weakening Civil Rights Laws,harmful,aclu,Defeated,Failed introduction,2024-02-16,,,6
2024,NH,H.B.1419,HB1419,Other school restrictions | Restricting student & educator rights,harmful,aclu,Defeated,Legislative session ended,2024-06-13,,,6
2024,KS,H.B.2791,HB2791,Healthcare age restrictions | Healthcare restrictions | Other healthcare barriers,harmful,aclu,Defeated,Legislative session ended,2024-04-30,,,6
2024,GA,S.B.519,SB519,Healthcare age restrictions | Healthcare restrictions |,harmful,aclu,Defeated,Legislative session ended,2024-03-28,,,6
2024,IA,H.F.2389,HF2389,Barriers to accurate IDs | Re-definition of sex | Weakening Civil Rights Laws,harmful,aclu,Defeated,Legislative session ended,2024-04-20,,,6
2024,GA,SB 88,SB88,Curriculum censorship | Other school restrictions | Restricting student & educator rights,harmful,aclu,Defeated,Legislative session ended,2024-03-28,,,6
2024,WY,H.B.0050,HB50,Re-definition of sex | Weakening Civil Rights Laws,harmful,aclu,Defeated,Failed introduction,2024-02-15,,,6
2024,WY,H.B.0063,HB63,Healthcare age restrictions | Healthcare restrictions |,harmful,aclu,Defeated,Failed introduction,2024-02-14,,,6
2024,IA,HF 290,HF290,Barriers to accurate IDs | Re-definition of sex | Weakening Civil Rights Laws,harmful,aclu,Defeated,Legislative session ended,2024-04-20,,,6
2024,MN,S.F.4017,SF4017,Healthcare age restrictions | Healthcare restrictions | Other healthcare barriers | Restricting student & educator rights | School sports bans,harmful,aclu,Defeated,Legislative session ended,2024-05-20,,,6
2024,WV,S.B.515,SB515,Curriculum censorship | Forced outing in schools | Restricting student & educator rights,harmful,aclu,Defeated,Legislative session ended,2024-03-09,,,6
2024,MO,H.B. 1700,HB1700,Other anti-LGBTQ bills,harmful,aclu,Defeated,Legislative session ended,2024-05-17,,,6
2024,KY,H.B.9,HB9,Other anti-LGBTQ bills,harmful,aclu,Defeated,Legislative session ended,2024-04-15,,,6
2024,WY,H.B.0156,HB156,Healthcare restrictions | Other healthcare barriers,harmful,aclu,Defeated,Failed introduction,2024-02-16,,,6
2024,MO,S.B. 1274,SB1274,Restricting student & educator rights | School facilities bans,harmful,aclu,Defeated,Legislative session ended,2024-05-17,,,6
2024,WV,H.B.5484,HB5484,Curriculum censorship | Restricting student & educator rights,harmful,aclu,Defeated,Legislative session ended,2024-03-09,,,6
2024,FL,S.B. 1780,S1780,Other civil rights restrictions | Religious exemptions | Weakening Civil Rights Laws,harmful,aclu,Defeated,Died in committee,2024-03-08,,,6
2024,KY,H.B.452,HB452,Other anti-LGBTQ bills,harmful,aclu,Defeated,Legislative session ended,2024-04-15,,,6
2024,NM,H.B. 296,HB296,Forced outing in schools | Other school restrictions | Restricting student & educator rights,harmful,aclu,Defeated,Legislative session ended,2024-02-15,,,6
2024,KY,H.B.402,HB402,Drag bans | Free speech & expression bans |,harmful,aclu,Defeated,Legislative session ended,2024-04-15,,,6
2024,UT,H.B.261,HB261,Other anti-LGBTQ bills,harmful,aclu,Passed into Law,Governor signed,2024-01-30,,,4
2024,IA,S.F.2129,SF2129,Religious exemptions | Weakening Civil Rights Laws,harmful,aclu,Defeated,Legislative session ended,2024-04-20,,,6
2024,GA,H.B.1045,HB1045,Curriculum censorship | Forced outing in schools | Restricting student & educator rights,harmful,aclu,Defeated,Legislative session ended,2024-03-28,,,6
2024,IL,H.B.4302,HB4302,Healthcare restrictions | Other healthcare barriers,harmful,aclu,Defeated,Legislative session ended,2024-05-29,,,6
2024,WV,H.B.5041,HB5041,Other anti-LGBTQ bills,harmful,aclu,Defeated,Legislative session ended,2024-03-09,,,6
2024,IN,H.B.1266,HB1266,Religious exemptions | Weakening Civil Rights Laws,harmful,aclu,Defeated,Legislative session ended,2024-03-08,,,6
2024,MO,S.B. 1256,SB1256,Forced outing in schools | Other school restrictions | Religious exemptions | Restricting student & educator rights | Weakening Civil Rights Laws,harmful,aclu,Defeated,Legislative session ended,2024-05-17,,,6
2024,MO,S.B. 1234,SB1234,Other anti-LGBTQ bills,harmful,aclu,Defeated,Legislative session ended,2024-05-17,,,6
2024,MO,S.B. 974,SB974,Restricting student & educator rights | School facilities bans,harmful,aclu,Defeated,Legislative session ended,2024-05-17,,,6
2024,MO,S.B. 1187,SB1187,Drag bans | Free speech & expression bans |,harmful,aclu,Defeated,Legislative session ended,2024-05-17,,,6
2024,MO,S.B. 1185,SB1185,Healthcare age restrictions | Healthcare restrictions |,harmful,aclu,Defeated,Legislative session ended,2024-05-17,,,6
2024,MO,S.B. 1314,SB1314,Other anti-LGBTQ bills,harmful,aclu,Defeated,Legislative session ended,2024-05-17,,,6
2024,OH,HB 68,HB68,Healthcare age restrictions | Healthcare restrictions |,harmful,aclu,Passed into Law,House and Senate override of Governor veto,2024-01-24,,,4
2024,AZ,S.B.1337,SB1337,Other anti-LGBTQ bills,harmful,aclu,Defeated,Legislative session ended,2024-06-15,,,6
2024,UT,H.B.257,HB257,Other anti-LGBTQ bills | Public accommodation bans | Re-definition of sex | Restricting student & educator rights | School facilities bans | Weakening Civil Rights Laws,harmful,aclu,Passed into Law,Governor signed,2024-01-30,,,4
2024,NH,H.B.1011,HB1011,Healthcare age restrictions | Healthcare restrictions |,harmful,aclu,Introduced,Inexpedient to Legislate: MA VV 02/01/2024 HJ 3,2024-02-01,,,1
2024,OK,H.B.3135,HB3135,Curriculum censorship | Other anti-LGBTQ bills | Restricting student & educator rights,harmful,aclu,Defeated,Failed to meet House deadline,2024-02-29,,,6
2024,OK,H.B.3217,HB3217,Free speech & expression bans | Other expression restrictions,harmful,aclu,Defeated,Legislative session ended,2024-05-30,,,6
2024,OK,H.B.3543,HB3543,Religious exemptions | Weakening Civil Rights Laws,harmful,aclu,Defeated,Failed to meet Senate deadline,2024-02-29,,,6
2024,IA,S.F.2182,SF2182,Other school restrictions | Restricting student & educator rights,harmful,aclu,Defeated,Legislative session ended,2024-04-20,,,6
2024,HI,H.B.2731,HB2731,Restricting student & educator rights | School sports bans,harmful,aclu,Defeated,Legislative session ended,2024-05-03,,,6
2024,HI,H.B.1715,HB1715,Forced outing in schools | Restricting student & educator rights,harmful,aclu,Defeated,Legislative session ended,2024-05-03,,,6
2024,WV,H.B.5442,HB5442,Other school restrictions | Re-definition of sex | Restricting student & educator rights | Weakening Civil Rights Laws,harmful,aclu,Defeated,Legislative session ended,2024-03-09,,,6
2024,OK,H.B.3219,HB3219,Barriers to accurate IDs |,harmful,aclu,Defeated,Legislative session ended,2024-05-30,,,6
2024,FL,S.B. 1120,S1120,Free speech & expression bans | Other expression restrictions,harmful,aclu,Defeated,Died in committee,2024-03-08,,,6
2024,MO,H.B. 1519,HB1519,Healthcare restrictions | Other healthcare barriers | Religious exemptions | Weakening Civil Rights Laws,harmful,aclu,Defeated,Legislative session ended,2024-05-17,,,6
2024,MO,H.B. 2355,HB2355,Forced outing in schools | Restricting student & educator rights | School facilities bans,harmful,aclu,Defeated,Legislative session ended,2024-05-17,,,6
2024,MO,H.B. 2357,HB2357,Forced outing in schools | Restricting student & educator rights | School facilities bans,harmful,aclu,Defeated,Legislative session ended,2024-05-17,,,6
2024,HI,H.B.2708,HB2708,Restricting student & educator rights | School sports bans,harmful,aclu,Defeated,Legislative session ended,2024-05-03,,,6
2024,IL,H.B.4531,HB4531,Re-definition of sex | Weakening Civil Rights Laws,harmful,aclu,Defeated,Legislative session ended,2024-05-29,,,6
2024,TN,HB 30,HB30,Drag bans | Free speech & expression bans |,harmful,aclu,Defeated,Legislative session ended,2024-04-25,,,6
2024,SC,S.B.0975,S975,Religious exemptions | Weakening Civil Rights Laws,harmful,aclu,Defeated,Legislative session ended,2024-05-09,,,6
2024,GA,S.B.438,SB438,Restricting student & educator rights | School facilities bans | School sports bans,harmful,aclu,Defeated,Legislative session ended,2024-03-28,,,6
2025,SC,S.B.0162,S162,Barriers to accurate IDs |,harmful,aclu,Advancing,"Legislative session adjourned, carries over to 2026",2025-05-28,,,2
2024,TN,HB 1447,HB1447,Healthcare age restrictions | Healthcare restrictions |,harmful,aclu,Defeated,Legislative session ended,2024-04-25,,,6
2024,TN,HB 1378,HB1378,Healthcare age restrictions | Healthcare restrictions |,harmful,aclu,Defeated,Legislative session ended,2024-04-25,,,6
2025,WI,S.B.40,SB40,Free speech & expression bans | Other expression restrictions | Other school restrictions | Restricting student & educator rights,harmful,aclu,Advancing,First read and referred to committee,2025-02-12,,,2
2025,WI,A.B.100,AB100,Restricting student & educator rights | School facilities bans | School sports bans,harmful,aclu,Advancing,House passed; Senate first read and referred to committee,2025-03-21,,,2
2025,WI,A.B.102,AB102,Restricting student & educator rights | School facilities bans | School sports bans,harmful,aclu,Advancing,House passed; Senate first read and referred to committee,2025-03-21,,,2
2025,WI,A.B.104,AB104,Healthcare age restrictions | Healthcare restrictions |,harmful,aclu,Advancing,House passed; Senate first read and referred to committee,2025-03-27,,,2
2025,WI,S.B.157,SB157,Healthcare age restrictions | Healthcare restrictions |,harmful,aclu,Advancing,First read and referred to committee,2025-03-27,,,2
2025,WI,A.B.58,AB58,Free speech & expression bans | Other expression restrictions | Other school restrictions | Restricting student & educator rights,harmful,aclu,Advancing,Passed House; Senate first read and referred to committee,2025-09-12,,,2
2025,WI,S.B.312,SB312,Barriers to accurate IDs |,harmful,aclu,Advancing,Senate amendment offered,2025-09-22,,,2
2025,WI,S.B.405,SB405,Healthcare restrictions | Other healthcare barriers,harmful,aclu,Advancing,Reported favorably by committee as amended; available for scheduling,2025-12-12,,,2
2025,WI,A.B.103,AB103,Other school restrictions | Restricting student & educator rights,harmful,aclu,Advancing,House passed; Senate first read and referred to committee,2025-03-21,,,2
2025,WI,A.B.124,AB124,Barriers to accurate IDs |,harmful,aclu,Advancing,Reported favorably by committee as amended and re-referred to committee,2025-05-29,,,2
2025,WI,S.B.117,SB117,Restricting student & educator rights | School facilities bans | School sports bans,harmful,aclu,Advancing,First read and referred to committee,2025-03-07,,,2
2025,WI,A.B.311,AB311,Barriers to accurate IDs |,harmful,aclu,Advancing,Assembly amendment offered,2025-09-22,,,2
2025,WI,A.B.400,AB400,Healthcare restrictions | Other healthcare barriers,harmful,aclu,Advancing,First read and referred to committee,2025-08-29,,,2
2025,WI,S.B.116,SB116,Restricting student & educator rights | School facilities bans | School sports bans,harmful,aclu,Advancing,First read and referred to committee,2025-03-07,,,2
2025,WI,S.B.146,SB146,Barriers to accurate IDs |,harmful,aclu,Advancing,Senate passed; House first read and referred to committee,2025-05-27,,,2
2025,HI,H.B.207,HB207,Restricting student & educator rights | School sports bans,harmful,aclu,Advancing,Referred to committee,2025-01-21,,,2
2025,HI,H.B.268,HB268,Restricting student & educator rights | School sports bans,harmful,aclu,Advancing,"Legislative session adjourned, carries over to 2026",2025-05-02,,,2
2025,HI,H.B.257,HB257,Barriers to accurate IDs |,harmful,aclu,Advancing,"Legislative session adjourned, carries over to 2026",2025-05-02,,,2
2025,IA,H.F.922,HF922,Other anti-LGBTQ bills,harmful,aclu,Advancing,"Legislative session adjourned, carries over to 2026",2025-05-14,,,2
2024,MN,HF 551,HF551,Restricting student & educator rights | School sports bans,harmful,aclu,Defeated,Legislative session ended,2024-05-20,,,6
2024,MN,SF 724,SF724,Restricting student & educator rights | School sports bans,harmful,aclu,Defeated,Legislative session ended,2024-05-20,,,6
2024,MN,HF 1086,HF1086,Restricting student & educator rights | School sports bans,harmful,aclu,Defeated,Legislative session ended,2024-05-20,,,6
2024,MN,SF 933,SF933,Drag bans | Free speech & expression bans |,harmful,aclu,Defeated,Legislative session ended,2024-05-20,,,6
2024,MN,HF 1903,HF1903,Drag bans | Free speech & expression bans |,harmful,aclu,Defeated,Legislative session ended,2024-05-20,,,6
2024,MN,HF 3264,HF3264,Healthcare age restrictions | Healthcare restrictions |,harmful,aclu,Defeated,Legislative session ended,2024-05-20,,,6
2024,MN,SF 3280,SF3280,Healthcare age restrictions | Healthcare restrictions |,harmful,aclu,Defeated,Legislative session ended,2024-05-20,,,6
2025,WI,S.B.120,SB120,Other school restrictions | Restricting student & educator rights,harmful,aclu,Advancing,Amendment offered,2025-03-12,,,2
2024,NC,H 43,H43,Healthcare age restrictions | Healthcare restrictions |,harmful,aclu,Defeated,Legislative session ended,2024-12-13,,,6
2024,NC,S 641,S641,Religious exemptions | Weakening Civil Rights Laws,harmful,aclu,Defeated,Legislative session ended,2024-12-13,,,6
2024,NC,H 786,H786,Forced outing in schools | Healthcare age restrictions | Healthcare funding restrictions | Healthcare restrictions | Restricting student & educator rights,harmful,aclu,Defeated,Legislative session ended,2024-12-13,,,6
2024,NC,H 819,H819,Religious exemptions | Weakening Civil Rights Laws,harmful,aclu,Defeated,Legislative session ended,2024-12-13,,,6
2024,NC,S 636,S636,Restricting student & educator rights | School sports bans,harmful,aclu,Defeated,Legislative session ended,2024-12-13,,,6
2025,WV,H.B.2795,HB2795,Healthcare restrictions | Other anti-LGBTQ bills | Other healthcare barriers | Other school restrictions | Public accommodation bans | Restricting student & educator rights,harmful,aclu,Advancing,"Legislative session adjourned, carries over to 2026",2025-04-12,,,2
2025,TN,H.B.1271,HB1271,Re-definition of sex | Weakening Civil Rights Laws,harmful,aclu,Advancing,"Legislative session adjourned, carries over to 2026",2025-04-22,,,2
2025,NH,S.B.268,SB268,Healthcare age restrictions | Healthcare restrictions | Other civil rights restrictions | Weakening Civil Rights Laws,harmful,aclu,Advancing,Reported favorably by Majority Committee; retained for 2026 session,2025-11-12,,,2
2024,NC,S 560,S560,Healthcare age restrictions | Healthcare restrictions |,harmful,aclu,Defeated,Legislative session ended,2024-12-13,,,6
2024,MN,SF 3272,SF3272,Healthcare age restrictions | Healthcare restrictions |,harmful,aclu,Defeated,Legislative session ended,2024-05-20,,,6
2025,WV,S.B.278,SB278,Drag bans | Free speech & expression bans |,harmful,aclu,Advancing,"Legislative session adjourned, carries over to 2026",2025-04-12,,,2
2025,WV,H.B.2127,HB2127,Public accommodation bans | Re-definition of sex | Restricting student & educator rights | School facilities bans | Weakening Civil Rights Laws,harmful,aclu,Advancing,"Legislative session adjourned, carries over to 2026",2025-04-12,,,2
2025,WV,S.B.663,SB663,Other anti-LGBTQ bills,harmful,aclu,Advancing,"Legislative session adjourned, carries over to 2026",2025-04-12,,,2
2025,WA,S.B. 5136,SB5136,Other school restrictions | Religious exemptions | Restricting student & educator rights | Weakening Civil Rights Laws,harmful,aclu,Advancing,"Legislative session adjourned, carries over to 2026",2025-04-27,,,2
2025,WA,H.B. 1038,HB1038,Healthcare age restrictions | Healthcare restrictions |,harmful,aclu,Advancing,"Legislative session adjourned, carries over to 2026",2025-04-27,,,2
2025,WA,H.B. 1027,HB1027,Other anti-LGBTQ bills,harmful,aclu,Advancing,"Legislative session adjourned, carries over to 2026",2025-04-27,,,2
2025,TN,H.B.0315,HB315,Other anti-LGBTQ bills,harmful,aclu,Advancing,"Legislative session adjourned, carries over to 2026",2025-04-22,,,2
2025,TN,S.B.0737,SB737,Other anti-LGBTQ bills,harmful,aclu,Advancing,"Legislative session adjourned, carries over to 2026",2025-04-22,,,2
2025,TN,S.B.1126,SB1126,Other school restrictions | Restricting student & educator rights,harmful,aclu,Advancing,"Legislative session adjourned, carries over to 2026",2025-04-22,,,2
2025,TN,H.B.1262,HB1262,Other school restrictions | Restricting student & educator rights,harmful,aclu,Advancing,"Legislative session adjourned, carries over to 2026",2025-04-22,,,2
2025,TN,H.B.0754,HB754,Healthcare restrictions | Other healthcare barriers,harmful,aclu,Advancing,"Legislative session adjourned, carries over to 2026",2025-04-22,,,2
2025,TN,S.B.0936,SB936,Re-definition of sex | Weakening Civil Rights Laws,harmful,aclu,Advancing,"Legislative session adjourned, carries over to 2026",2025-04-22,,,2
2025,TN,H.B.1044,HB1044,Healthcare restrictions | Other healthcare barriers | Religious exemptions | Weakening Civil Rights Laws,harmful,aclu,Advancing,Companion bill S.B.0955 became law,2025-04-29,,,2
2025,TN,S.B.1252,SB1252,Other school restrictions | Restricting student & educator rights,harmful,aclu,Advancing,"Legislative session adjourned, carries over to 2026",2025-04-22,,,2
2025,TN,S.B.0676,SB676,Healthcare restrictions | Other healthcare barriers,harmful,aclu,Advancing,"Legislative session adjourned, carries over to 2026",2025-04-22,,,2
2025,TN,S.B.0468,SB468,Other anti-LGBTQ bills | Other civil rights restrictions | Re-definition of sex | Restricting student & educator rights | School facilities bans | Weakening Civil Rights Laws,harmful,aclu,Advancing,"Legislative session adjourned, carries over to 2026",2025-04-22,,,2
2025,WV,S.B.841,SB841,Curriculum censorship | Healthcare funding restrictions | Healthcare restrictions | Other anti-LGBTQ bills | Restricting student & educator rights,harmful,aclu,Advancing,"Legislative session adjourned, carries over to 2026",2025-04-12,,,2
2025,WV,H.B.3319,HB3319,Other anti-LGBTQ bills | Other school restrictions | Restricting student & educator rights,harmful,aclu,Advancing,"Legislative session adjourned, carries over to 2026",2025-04-12,,,2
2025,WV,H.B.2006,HB2006,Other anti-LGBTQ bills | Re-definition of sex | Restricting student & educator rights | School facilities bans | Weakening Civil Rights Laws,harmful,aclu,Advancing,"Legislative session adjourned, carries over to 2026",2025-04-12,,,2
2025,WV,H.B.2962,HB2962,Barriers to accurate IDs |,harmful,aclu,Advancing,"Legislative session adjourned, carries over to 2026",2025-04-12,,,2
2025,WV,H.B.2153,HB2153,Religious exemptions | Weakening Civil Rights Laws,harmful,aclu,Advancing,"Legislative session adjourned, carries over to 2026",2025-04-12,,,2
2025,WV,S.B.244,SB244,Public accommodation bans | Re-definition of sex | Restricting student & educator rights | School facilities bans | Weakening Civil Rights Laws,harmful,aclu,Advancing,"Legislative session adjourned, carries over to 2026",2025-04-12,,,2
2025,WV,H.B.2071,HB2071,Forced outing in schools | Restricting student & educator rights,harmful,aclu,Advancing,"Legislative session adjourned, carries over to 2026",2025-04-12,,,2
2025,WV,S.B.279,SB279,Healthcare age restrictions | Healthcare restrictions |,harmful,aclu,Advancing,"Legislative session adjourned, carries over to 2026",2025-04-12,,,2
2025,WV,S.B.276,SB276,Drag bans | Free speech & expression bans |,harmful,aclu,Advancing,"Legislative session adjourned, carries over to 2026",2025-04-12,,,2
2025,WV,S.B.431,SB431,Drag bans | Free speech & expression bans |,harmful,aclu,Advancing,"Legislative session adjourned, carries over to 2026",2025-04-12,,,2
2025,WV,S.B.424,SB424,Other anti-LGBTQ bills | Other school restrictions | Restricting student & educator rights,harmful,aclu,Advancing,"Legislative session adjourned, carries over to 2026",2025-04-12,,,2
2025,WV,S.B.207,SB207,Drag bans | Free speech & expression bans |,harmful,aclu,Advancing,"Legislative session adjourned, carries over to 2026",2025-04-12,,,2
2025,WV,H.B.2375,HB2375,Healthcare restrictions | Other healthcare barriers,harmful,aclu,Advancing,"Legislative session adjourned, carries over to 2026",2025-04-12,,,2
2025,WV,S.B.507,SB507,Drag bans | Free speech & expression bans |,harmful,aclu,Advancing,"Legislative session adjourned, carries over to 2026",2025-04-12,,,2
2025,WV,H.B.2403,HB2403,Healthcare age restrictions | Healthcare restrictions |,harmful,aclu,Advancing,"Legislative session adjourned, carries over to 2026",2025-04-12,,,2
2025,WV,H.B.2466,HB2466,Healthcare age restrictions | Healthcare restrictions |,harmful,aclu,Advancing,"Legislative session adjourned, carries over to 2026",2025-04-12,,,2
2025,WV,H.B.2574,HB2574,Other anti-LGBTQ bills,harmful,aclu,Advancing,"Legislative session adjourned, carries over to 2026",2025-04-12,,,2
2025,WV,H.B.2005,HB2005,Other school restrictions | Restricting student & educator rights,harmful,aclu,Advancing,"Legislative session adjourned, carries over to 2026",2025-04-12,,,2
2025,WV,H.B.2526,HB2526,Restricting student & educator rights | School facilities bans,harmful,aclu,Advancing,"Legislative session adjourned, carries over to 2026",2025-04-12,,,2
2025,WV,H.B.2033,HB2033,Religious exemptions | Weakening Civil Rights Laws,harmful,aclu,Advancing,"Legislative session adjourned, carries over to 2026",2025-04-12,,,2
2025,WV,H.B.2072,HB2072,Healthcare restrictions | Other healthcare barriers | Religious exemptions | Weakening Civil Rights Laws,harmful,aclu,Advancing,"Legislative session adjourned, carries over to 2026",2025-04-12,,,2
2024,TN,HB 1414,HB1414,Curriculum censorship | Forced outing in schools | Other school restrictions | Restricting student & educator rights,harmful,aclu,Defeated,Legislative session ended,2024-04-25,,,6
2024,MN,HF 3022,HF3022,Curriculum censorship | Forced outing in schools | Restricting student & educator rights,harmful,aclu,Defeated,Legislative session ended,2024-05-20,,,6
2024,HI,HB 891,HB891,Healthcare age restrictions | Healthcare restrictions |,harmful,aclu,Defeated,Legislative session ended,2024-05-03,,,6
2024,SC,SB 585,S585,Drag bans | Free speech & expression bans |,harmful,aclu,Defeated,Legislative session ended,2024-05-09,,,6
2024,SC,SB 623,S623,Barriers to accurate IDs |,harmful,aclu,Defeated,Legislative session ended,2024-05-09,,,6
2024,SC,S.J.R.0624,SJR624,Re-definition of sex | Weakening Civil Rights Laws,harmful,aclu,Defeated,Legislative session ended,2024-05-09,,,6
2024,SC,H.B.4619,H4619,Healthcare age restrictions | Healthcare funding restrictions | Healthcare restrictions | Other healthcare barriers,harmful,aclu,Defeated,Legislative session ended,2024-05-09,,,6
2024,SC,H.B.4707,H4707,Curriculum censorship | Other school restrictions | Restricting student & educator rights,harmful,aclu,Defeated,Legislative session ended,2024-05-09,,,6
2024,SC,H.B.4538,H4538,Restricting student & educator rights | School facilities bans,harmful,aclu,Defeated,Legislative session ended,2024-05-09,,,6
2024,OH,HB 6,HB6,Restricting student & educator rights | School sports bans,harmful,aclu,Defeated,Legislative session ended,2024-12-19,,,6
2024,OH,HB 151,HB151,Other anti-LGBTQ bills,harmful,aclu,Defeated,Legislative session ended,2024-12-19,,,6
2024,OH,SB 83,SB83,Other anti-LGBTQ bills,harmful,aclu,Defeated,Legislative session ended,2024-12-19,,,6
2024,NE,LB 371,LB371,Drag bans | Free speech & expression bans |,harmful,aclu,Defeated,Legislative session ended,2024-04-18,,,6
2024,NE,LB 810,LB810,Religious exemptions | Weakening Civil Rights Laws,harmful,aclu,Defeated,Legislative session ended,2024-04-18,,,6
2024,MI,H.J.R.E.,HJRE,Other anti-LGBTQ bills,harmful,aclu,Introduced,Carried over,2024-01-10,,,1
2024,MI,HB 4539,HB4539,Healthcare age restrictions | Healthcare restrictions |,harmful,aclu,Introduced,Carried over,2024-01-10,,,1
2024,MI,HB 4075,HB4075,Religious exemptions | Weakening Civil Rights Laws,harmful,aclu,Introduced,Carried over,2024-01-10,,,1
2024,MI,HB 4195,HB4195,Restricting student & educator rights | School facilities bans,harmful,aclu,Introduced,Carried over,2024-01-10,,,1
2024,SC,HB 3827,H3827,Curriculum censorship | Forced outing in schools | Other school restrictions | Restricting student & educator rights,harmful,aclu,Defeated,Legislative session ended,2024-05-09,,,6
2024,SC,HB 3801,H3801,Religious exemptions | Weakening Civil Rights Laws,harmful,aclu,Defeated,Legislative session ended,2024-05-09,,,6
2024,SC,SB 234,S234,Forced outing in schools | Restricting student & educator rights,harmful,aclu,Defeated,Legislative session ended,2024-05-09,,,6
2024,SC,HB 3197,H3197,Forced outing in schools | Other school restrictions | Restricting student & educator rights,harmful,aclu,Defeated,Legislative session ended,2024-05-09,,,6
2024,TN,SB 1469,SB1469,Healthcare age restrictions | Healthcare restrictions |,harmful,aclu,Defeated,Legislative session ended,2024-04-25,,,6
2024,TN,SB 841,SB841,Drag bans | Free speech & expression bans |,harmful,aclu,Defeated,Legislative session ended,2024-04-25,,,6
2024,TN,SB 603,SB603,Other anti-LGBTQ bills,harmful,aclu,Defeated,Legislative session ended,2024-04-25,,,6
2024,TN,SB 1117,SB1117,Other school restrictions | Restricting student & educator rights,harmful,aclu,Defeated,Legislative session ended,2024-04-25,,,6
2024,SC,HB 3485,H3485,Forced outing in schools | Other school restrictions | Restricting student & educator rights,harmful,aclu,Defeated,Legislative session ended,2024-05-09,,,6
2024,SC,SB 364,S364,Barriers to accurate IDs |,harmful,aclu,Defeated,Legislative session ended,2024-05-09,,,6
2024,SC,HB 3551,H3551,Forced outing in schools | Healthcare age restrictions | Healthcare restrictions | Restricting student & educator rights,harmful,aclu,Defeated,Legislative session ended,2024-05-09,,,6
2024,MI,HB 4257,HB4257,Healthcare age restrictions | Healthcare restrictions |,harmful,aclu,Introduced,Carried over,2024-01-10,,,1
2024,SC,SB 274,S274,Forced outing in schools | Healthcare age restrictions | Healthcare funding restrictions | Healthcare restrictions | Other school restrictions | Restricting student & educator rights,harmful,aclu,Defeated,Legislative session ended,2024-05-09,,,6
2024,SC,HB 3466,H3466,Other school restrictions | Restricting student & educator rights,harmful,aclu,Defeated,Legislative session ended,2024-05-09,,,6
2024,SC,HB 3304,H3304,Other school restrictions | Restricting student & educator rights,harmful,aclu,Defeated,Legislative session ended,2024-05-09,,,6
2024,SC,S.J.R.0276,SJR276,Re-definition of sex | Weakening Civil Rights Laws,harmful,aclu,Defeated,Legislative session ended,2024-05-09,,,6
2024,SC,HB 3616,H3616,Drag bans | Free speech & expression bans |,harmful,aclu,Defeated,Legislative session ended,2024-05-09,,,6
2024,SC,HB 3611,H3611,Religious exemptions | Weakening Civil Rights Laws,harmful,aclu,Defeated,Legislative session ended,2024-05-09,,,6
2024,SC,SB 424,S424,Curriculum censorship | Other anti-LGBTQ bills | Other school restrictions | Restricting student & educator rights,harmful,aclu,Defeated,Legislative session ended,2024-05-09,,,6
2024,SC,H.B.4535,H4535,Public accommodation bans | Restricting student & educator rights | School facilities bans,harmful,aclu,Defeated,Legislative session ended,2024-05-09,,,6
2024,MN,SF 934,SF934,Restricting student & educator rights | School facilities bans | School sports bans,harmful,aclu,Defeated,Legislative session ended,2024-05-20,,,6
2024,MI,HB 4345,HB4345,Religious exemptions | Weakening Civil Rights Laws,harmful,aclu,Introduced,Carried over,2024-01-10,,,1
2024,MI,HB 4546,HB4546,Restricting student & educator rights | School sports bans,harmful,aclu,Introduced,Carried over,2024-01-10,,,1
2024,IA,HSB 222,HSB222,Curriculum censorship | Forced outing in schools | Other school restrictions | Restricting student & educator rights,harmful,aclu,Defeated,Legislative session ended,2024-04-20,,,6
2024,IA,HF 8,HF8,Curriculum censorship | Restricting student & educator rights,harmful,aclu,Defeated,Legislative session ended,2024-04-20,,,6
2024,IA,HF 348,HF348,Curriculum censorship | Restricting student & educator rights,harmful,aclu,Defeated,Legislative session ended,2024-04-20,,,6
2024,IA,HF 616,HF616,Other anti-LGBTQ bills,harmful,aclu,Defeated,Legislative session ended,2024-04-20,,,6
2024,IA,HF 180,HF180,Forced outing in schools | Other school restrictions | Restricting student & educator rights,harmful,aclu,Defeated,Legislative session ended,2024-04-20,,,6
2024,IA,SF 297,SF297,Religious exemptions | Weakening Civil Rights Laws,harmful,aclu,Defeated,Legislative session ended,2024-04-20,,,6
2024,GA,SB 141,SB141,Forced outing in schools | Healthcare age restrictions | Healthcare restrictions | Restricting student & educator rights,harmful,aclu,Defeated,Legislative session ended,2024-03-28,,,6
2024,GA,HB 653,HB653,Forced outing in schools | Healthcare age restrictions | Healthcare restrictions | Restricting student & educator rights,harmful,aclu,Defeated,Legislative session ended,2024-03-28,,,6
2024,AK,HB 27,HB27,Restricting student & educator rights | School sports bans,harmful,aclu,Defeated,Legislative session ended,2024-05-15,,,6
2024,AK,SB 96,SB96,Curriculum censorship | Other school restrictions | Restricting student & educator rights | School facilities bans,harmful,aclu,Defeated,Legislative session ended,2024-05-15,,,6
2024,IL,H.B.4355,HB4355,Healthcare restrictions | Other healthcare barriers,harmful,aclu,Defeated,Legislative session ended,2024-05-29,,,6
2024,HI,HB 508,HB508,Restricting student & educator rights | School sports bans,harmful,aclu,Defeated,Legislative session ended,2024-05-03,,,6
2024,HI,HB 509,HB509,Curriculum censorship | Restricting student & educator rights,harmful,aclu,Defeated,Legislative session ended,2024-05-03,,,6
2024,HI,SB 1429,SB1429,Restricting student & educator rights | School sports bans,harmful,aclu,Defeated,Legislative session ended,2024-05-03,,,6
2024,HI,SB 1428,SB1428,Curriculum censorship | Forced outing in schools | Restricting student & educator rights,harmful,aclu,Defeated,Legislative session ended,2024-05-03,,,6
2024,IA,HF 190,HF190,Other civil rights restrictions | Weakening Civil Rights Laws,harmful,aclu,Defeated,Legislative session ended,2024-04-20,,,6
2024,IA,HF 9,HF9,Forced outing in schools | Restricting student & educator rights,harmful,aclu,Defeated,Legislative session ended,2024-04-20,,,6
2024,IA,HF 482,HF482,Restricting student & educator rights | School facilities bans,harmful,aclu,Defeated,Legislative session ended,2024-04-20,,,6
2024,IA,HF 508,HF508,Other anti-LGBTQ bills | Religious exemptions | Weakening Civil Rights Laws,harmful,aclu,Defeated,Legislative session ended,2024-04-20,,,6
2024,KS,SB 255,SB255,Restricting student & educator rights | School facilities bans,harmful,aclu,Defeated,Legislative session ended,2024-04-30,,,6
2024,KS,HB 2263,HB2263,Healthcare age restrictions | Healthcare restrictions |,harmful,aclu,Defeated,Legislative session ended,2024-04-30,,,6
2024,KS,SB 149,SB149,Drag bans | Free speech & expression bans |,harmful,aclu,Defeated,Legislative session ended,2024-04-30,,,6
2024,KS,SB 201,SB201,Drag bans | Free speech & expression bans |,harmful,aclu,Defeated,Legislative session ended,2024-04-30,,,6
2024,KS,SB 207,SB207,Other school restrictions | Religious exemptions | Restricting student & educator rights | Weakening Civil Rights Laws,harmful,aclu,Defeated,Legislative session ended,2024-04-30,,,6
2024,KS,HB 2404,HB2404,Other anti-LGBTQ bills,harmful,aclu,Defeated,Legislative session ended,2024-04-30,,,6
2024,KS,SB 12,SB12,Healthcare age restrictions | Healthcare restrictions |,harmful,aclu,Defeated,Legislative session ended,2024-04-30,,,6
2024,MI,HB 4540,HB4540,Healthcare age restrictions | Healthcare restrictions |,harmful,aclu,Introduced,Carried over,2024-01-10,,,1
2024,KS,SB 224,SB224,Other anti-LGBTQ bills,harmful,aclu,Defeated,Legislative session ended,2024-04-20,,,6
2024,IA,SF 83,SF83,Curriculum censorship | Restricting student & educator rights,harmful,aclu,Defeated,Legislative session ended,2024-04-20,,,6
2024,IA,SF 129,SF129,Forced outing in schools | Healthcare age restrictions | Healthcare restrictions | Other anti-LGBTQ bills | Restricting student & educator rights,harmful,aclu,Defeated,Legislative session ended,2024-04-20,,,6
2024,IA,SF 159,SF159,Forced outing in schools | Restricting student & educator rights,harmful,aclu,Defeated,Legislative session ended,2024-04-20,,,6
2024,IA,HF 229,HF229,Religious exemptions | Weakening Civil Rights Laws,harmful,aclu,Defeated,Legislative session ended,2024-04-20,,,6
2024,IA,HF 325,HF325,Other civil rights restrictions | Public accommodation bans | Weakening Civil Rights Laws,harmful,aclu,Defeated,Legislative session ended,2024-04-20,,,6
2024,IA,SF 348,SF348,Drag bans | Free speech & expression bans |,harmful,aclu,Defeated,Legislative session ended,2024-04-20,,,6
2024,IA,SF 212,SF212,Religious exemptions | Weakening Civil Rights Laws,harmful,aclu,Defeated,Legislative session ended,2024-04-20,,,6
2024,IA,SF 110,SF110,Healthcare funding restrictions | Healthcare restrictions | Other healthcare barriers,harmful,aclu,Defeated,Legislative session ended,2024-04-20,,,6
2025,ID,S.1198,S1198,Other anti-LGBTQ bills,harmful,aclu,Passed into Law,Governor signed,2025-04-04,,,4
2025,GA,S.B.36,SB36,Religious exemptions | Weakening Civil Rights Laws,harmful,aclu,Passed into Law,Governor signed,2025-04-04,,,4
2025,AR,H.B.1669,HB1669,Religious exemptions | Weakening Civil Rights Laws,harmful,aclu,Passed into Law,Governor signed,2025-04-10,,,4
2026,FL,S.B. 426,S0426,Free speech & expression bans | Other expression restrictions | Other school restrictions | Restricting student & educator rights,harmful,aclu,Introduced,,2026-01-13,,,1
2026,FL,H.B. 641,H0641,Other anti-LGBTQ bills | Religious exemptions | Weakening Civil Rights Laws,harmful,aclu,Advancing,House first read,2026-01-13,,,2
2026,FL,H.B. 1001,H1001,Other anti-LGBTQ bills,harmful,aclu,Advancing,House first read,2026-01-13,,,2
2026,FL,H.B. 1227,H1227,Religious exemptions | Weakening Civil Rights Laws,harmful,aclu,Advancing,Referred to House subcommittee,2026-01-15,,,2
2026,FL,H.B. 1329,H1329,Other anti-LGBTQ bills,harmful,aclu,Advancing,Referred to House subcommittee,2026-01-15,,,2
2026,CT,S.B.872,SB00872,Restricting student & educator rights | School sports bans,harmful,aclu,Introduced,Pre-filed,2026-02-04,,,1
2026,AZ,S.B.1094,SB1094,Healthcare restrictions | Other healthcare barriers,harmful,aclu,Advancing,Senate second read,2026-01-14,,,2
2026,AZ,S.B.1099,SB1099,Healthcare restrictions | Other healthcare barriers,harmful,aclu,Advancing,Senate second read,2026-01-14,,,2
2026,AL,H.B.23,HB23,Curriculum censorship | Free speech & expression bans | Other expression restrictions | Other school restrictions | Restricting student & educator rights,harmful,aclu,Advancing,House first read and referred to committee,2026-01-13,,,2
2026,FL,H.B. 347,H0347,Free speech & expression bans | Other expression restrictions | Other school restrictions | Restricting student & educator rights,harmful,aclu,Advancing,House first read,2026-01-13,,,2
2026,WA,H.B. 1699,HB1699,Restricting student & educator rights | School sports bans,harmful,aclu,Advancing,"By resolution, reintroduced and retained in present status.",2026-01-12,,,2
2026,IL,H.B.4241,HB4241,Other school restrictions | Restricting student & educator rights,harmful,aclu,Advancing,House first read and referred to committee,2026-01-14,,,2
2026,IN,H.B.1427,HB1427,Healthcare restrictions | Other healthcare barriers,harmful,aclu,Advancing,First read and referred to committee,2026-01-08,,,2
2026,IA,H.F.2121,HF2121,Curriculum censorship | Restricting student & educator rights,harmful,aclu,Advancing,House subcommittee hearing,2026-01-27,,,2
2026,IL,H.B.4482,HB4482,Healthcare age restrictions | Healthcare restrictions |,harmful,aclu,Advancing,House first read and referred to committee,2026-01-20,,,2
2026,DE,S.B. 215,SB215,Restricting student & educator rights | School sports bans,harmful,aclu,Advancing,Referred to Senate committee,2026-01-08,,,2
2026,WV,H.B.4083,HB4083,Healthcare restrictions | Other healthcare barriers,harmful,aclu,Advancing,Referred to House committee,2026-01-14,,,2
2026,WV,H.B.4143,HB4143,Other anti-LGBTQ bills | Other civil rights restrictions | Re-definition of sex | Weakening Civil Rights Laws,harmful,aclu,Advancing,Referred to House committee,2026-01-14,,,2
2026,WV,H.B.4356,HB4356,Healthcare restrictions | Other healthcare barriers,harmful,aclu,Advancing,Referred to House committee,2026-01-15,,,2
2026,WA,S.B. 6191,SB6191,Healthcare age restrictions | Healthcare restrictions |,harmful,aclu,Advancing,House first read and referred to committee,2026-01-16,,,2
2026,VA,H.B. 532,HB532,Forced outing in schools | Healthcare restrictions | Other healthcare barriers | Other school restrictions | Restricting student & educator rights,harmful,aclu,Advancing,Referred to House committee,2026-01-15,,,2
2026,UT,H.B.183,HB183,Barriers to accurate IDs | Healthcare restrictions | Other anti-LGBTQ bills | Other civil rights restrictions | Other healthcare barriers | Re-definition of sex | Restricting student & educator rights | School facilities bans | Weakening Civil Rights Laws,harmful,aclu,Introduced,Pre-filed,2026-01-20,,,1
2026,UT,H.B.95,HB95,Other school restrictions | Religious exemptions | Restricting student & educator rights | Weakening Civil Rights Laws,harmful,aclu,Introduced,Pre-filed,2026-01-20,,,1
2026,TN,H.B.1474,HB1474,Free speech & expression bans | Other expression restrictions,harmful,aclu,Advancing,Passed on second consideration and assigned to House subcommittee,2026-01-14,,,2
2026,SC,S.B.0733,S733,Drag bans | Free speech & expression bans |,harmful,aclu,Advancing,Senate first read and referred to committee,2026-01-13,,,2
2026,PA,H.B.1956,HB1956,Other civil rights restrictions | Weakening Civil Rights Laws,harmful,aclu,Introduced,Carried over,2026-01-06,,,1
2026,OK,S.B.1866,SB1866,Curriculum censorship | Restricting student & educator rights,harmful,aclu,Advancing,"Pre-filed, first reading scheduled",2026-02-02,,,2
2026,OK,S.B.1793,SB1793,Healthcare funding restrictions | Healthcare restrictions |,harmful,aclu,Advancing,"Pre-filed, first reading scheduled",2026-02-02,,,2
2026,MS,H.B. 1072,HB1072,Healthcare restrictions | Other healthcare barriers,harmful,aclu,Advancing,Reported favorably by House committee,2026-01-22,,,2
2026,MS,H.B. 1309,HB1309,Forced outing in schools | Other school restrictions | Restricting student & educator rights,harmful,aclu,Advancing,Referred to House committee,2026-01-19,,,2
2026,MS,H.B. 1659,HB1659,Curriculum censorship | Other school restrictions | Restricting student & educator rights,harmful,aclu,Advancing,Referred to House committee,2026-01-19,,,2
2026,MS,S.B. 2525,SB2525,Curriculum censorship | Restricting student & educator rights,harmful,aclu,Advancing,Referred to House committee,2026-01-19,,,2
2026,HI,H.B.2513,HB2513,Healthcare age restrictions | Healthcare restrictions |,harmful,aclu,Advancing,House first read,2026-01-28,,,2
2026,MD,H.B.0063,HB63,Restricting student & educator rights | School facilities bans | School sports bans,harmful,aclu,Advancing,House hearing,2026-02-05,,,2
2026,KY,H.B.334,HB334,Other civil rights restrictions | Re-definition of sex | Weakening Civil Rights Laws,harmful,aclu,Advancing,Referred to House committee,2026-01-21,,,2
2026,IA,S.F.2003,SF2003,Curriculum censorship | Restricting student & educator rights,harmful,aclu,Advancing,Reported favorably by Senate subcommittee,2026-01-21,,,2
2026,FL,H.B. 743,H0743,Healthcare age restrictions | Healthcare restrictions |,harmful,aclu,Advancing,House first read as substituted and referred to subcommittee,2026-01-21,,,2
2026,AZ,H.C.R.2003,HCR2003,Restricting student & educator rights | School facilities bans | School sports bans,harmful,aclu,Advancing,Reported favorably by House committee,2026-01-20,,,2
2026,AZ,H.B.2589,HB2589,Drag bans | Free speech & expression bans |,harmful,aclu,Advancing,House second read,2026-01-21,,,2
2026,OK,H.B.3130,HB3130,Healthcare age restrictions | Healthcare funding restrictions | Healthcare restrictions | Other healthcare barriers,harmful,aclu,Advancing,"Pre-filed, first reading scheduled",2026-02-02,,,2
2026,AZ,S.B.1177,SB1177,Healthcare funding restrictions | Healthcare restrictions |,harmful,aclu,Advancing,Senate second read,2026-01-21,,,2
2026,WV,H.B.4171,HB4171,Barriers to accurate IDs |,harmful,aclu,Advancing,Referred to House committee,2026-01-14,,,2
2026,UT,S.B.174,SB174,Healthcare restrictions | Other healthcare barriers | Religious exemptions | Weakening Civil Rights Laws,harmful,aclu,Advancing,Senate first read and referred to committee,2026-01-06,,,2
2026,SC,S.B.0840,S840,Curriculum censorship | Forced outing in schools | Restricting student & educator rights,harmful,aclu,Advancing,Senate first read and referred to committee,2026-01-21,,,2
2026,MS,H.B. 1200,HB1200,Restricting student & educator rights | School facilities bans,harmful,aclu,Advancing,Referred to House committee,2026-01-19,,,2
2026,MS,S.B. 2602,SB2602,Curriculum censorship | Other school restrictions | Restricting student & educator rights,harmful,aclu,Advancing,Referred to House committee,2026-01-19,,,2
2026,MS,S.B. 2345,SB2345,Restricting student & educator rights | School facilities bans,harmful,aclu,Advancing,Referred to House committee,2026-01-19,,,2
2026,AZ,H.B.2085,HB2085,Healthcare age restrictions | Healthcare restrictions |,harmful,aclu,Advancing,Reported favorably by House committee,2026-01-22,,,2
2026,IN,H.B.1362,HB1362,Other anti-LGBTQ bills | Public accommodation bans | Restricting student & educator rights | School facilities bans,harmful,aclu,Advancing,House first read and referred to committee,2026-01-08,,,2
2026,OK,H.B.3136,HB3136,Healthcare restrictions | Other healthcare barriers | Religious exemptions | Weakening Civil Rights Laws,harmful,aclu,Advancing,"Pre-filed, first reading scheduled",2026-02-02,,,2
2026,OK,H.B.3242,HB3242,Public accommodation bans | Restricting student & educator rights | School facilities bans,harmful,aclu,Advancing,"Pre-filed, first reading scheduled",2026-02-02,,,2
2026,MO,H.B. 2407,HB2407,Drag bans | Free speech & expression bans |,harmful,aclu,Advancing,House second read,2026-01-08,,,2
2026,MO,H.B. 1779,HB1779,Re-definition of sex | Weakening Civil Rights Laws,harmful,aclu,Advancing,Senate second read,2026-01-08,,,2
2026,MO,H.B. 2565,HB2565,Restricting student & educator rights | School sports bans,harmful,aclu,Advancing,House second read,2026-01-08,,,2
2026,MO,H.B. 2548,HB2548,Other anti-LGBTQ bills,harmful,aclu,Advancing,House second read,2026-01-08,,,2
2026,MO,H.B. 2536,HB2536,Other school restrictions | Public accommodation bans | Restricting student & educator rights | School facilities bans | School sports bans,harmful,aclu,Advancing,House referred to committee,2026-01-15,,,2
2026,MO,S.B. 1010,SB1010,Healthcare restrictions | Other healthcare barriers,harmful,aclu,Advancing,Senate second read and referred to committee,2026-01-08,,,2
2026,MO,H.B. 2580,HB2580,Curriculum censorship | Forced outing in schools | Other school restrictions | Restricting student & educator rights | School facilities bans | School sports bans,harmful,aclu,Advancing,House second read and referred to committee,2026-01-08,,,2
2026,MO,H.B. 2075,HB2075,Public accommodation bans | Restricting student & educator rights | School facilities bans,harmful,aclu,Advancing,House second read and referred to committee,2026-01-08,,,2
2026,MO,H.B. 1702,HB1702,Drag bans | Free speech & expression bans |,harmful,aclu,Advancing,House second read,2026-01-08,,,2
2026,MS,H.B. 866,HB866,Healthcare restrictions | Other healthcare barriers,harmful,aclu,Advancing,House referred to committee,2026-01-16,,,2
2026,KY,H.B.170,HB170,Religious exemptions | Weakening Civil Rights Laws,harmful,aclu,Advancing,Referred to House committee,2026-01-14,,,2
2026,KS,H.B.2426,HB2426,Barriers to accurate IDs | Other anti-LGBTQ bills | Re-definition of sex | Weakening Civil Rights Laws,harmful,aclu,Advancing,House committee meeting,2026-01-13,,,2
2026,IN,S.B.0215,SB215,Barriers to accurate IDs | Curriculum censorship | Other anti-LGBTQ bills | Other school restrictions | Public accommodation bans | Re-definition of sex | Restricting student & educator rights | School facilities bans | Weakening Civil Rights Laws,harmful,aclu,Advancing,Senate first read and referred to committee,2026-01-08,,,2
2026,IN,S.B.0174,SB174,Healthcare restrictions | Other healthcare barriers | Religious exemptions | Weakening Civil Rights Laws,harmful,aclu,Advancing,First read and referred to committee,2026-01-12,,,2
2026,IN,H.B.1316,HB1316,Religious exemptions | Weakening Civil Rights Laws,harmful,aclu,Advancing,First read and referred to committee,2026-01-06,,,2
2026,MO,S.B. 1141,SB1141,Religious exemptions | Weakening Civil Rights Laws,harmful,aclu,Advancing,Senate second read and referred to committee,2026-01-15,,,2
2026,MO,S.B. 1476,SB1476,Drag bans | Free speech & expression bans |,harmful,aclu,Advancing,Senate first read,2026-01-07,,,2
2026,MO,S.B. 1028,SB1028,Re-definition of sex | Restricting student & educator rights | School sports bans | Weakening Civil Rights Laws,harmful,aclu,Advancing,Senate second read and referred to committee,2026-01-15,,,2
2026,MO,S.B. 1085,SB1085,Curriculum censorship | Forced outing in schools | Other school restrictions | Restricting student & educator rights | School facilities bans | School sports bans,harmful,aclu,Advancing,Senate second read and referred to committee,2026-01-15,,,2
2026,OK,H.B.3586,HB3586,Healthcare restrictions | Other healthcare barriers,harmful,aclu,Advancing,"Pre-filed, first reading scheduled",2026-02-02,,,2
2026,OK,H.B.3502,HB3502,Healthcare restrictions | Other healthcare barriers,harmful,aclu,,,,,,0
2026,OK,H.B.3798,HB3798,Healthcare funding restrictions | Healthcare restrictions |,harmful,aclu,Advancing,"Pre-filed, first reading scheduled",2026-02-02,,,2
2026,OK,H.B.3132,HB3132,Other school restrictions | Restricting student & educator rights,harmful,aclu,Advancing,"Pre-filed, first reading scheduled",2026-02-02,,,2
2026,NJ,S.856,S856,Restricting student & educator rights | School sports bans,harmful,aclu,Advancing,Referred to Senate committee,2026-01-13,,,2
2026,NH,S.B.459,SB459,Other anti-LGBTQ bills | Restricting student & educator rights | School facilities bans | School sports bans,harmful,aclu,Advancing,Referred to Senate committee,2026-01-07,,,2
2026,NH,S.B.552,SB552,Other civil rights restrictions | Weakening Civil Rights Laws,harmful,aclu,Advancing,Referred to Senate committee,2026-01-07,,,2
2026,OK,H.B.3138,HB3138,Other school restrictions | Restricting student & educator rights,harmful,aclu,Advancing,"Pre-filed, first reading scheduled",2026-02-02,,,2
2026,NH,H.B.1299,HB1299,Other civil rights restrictions | Weakening Civil Rights Laws,harmful,aclu,Advancing,Referred to House committee,2026-01-07,,,2
2026,NH,H.B.1376,HB1376,Healthcare restrictions | Other anti-LGBTQ bills | Other healthcare barriers,harmful,aclu,Advancing,House referred to committee,2026-01-07,,,2
2026,NH,H.B.1442,HB1442,Other anti-LGBTQ bills | Other civil rights restrictions | Public accommodation bans | Re-definition of sex | Restricting student & educator rights | School facilities bans | Weakening Civil Rights Laws,harmful,aclu,Advancing,House referred to committee,2025-12-04,,,2
2026,NH,H.B.1447,HB1447,Other anti-LGBTQ bills | Other civil rights restrictions | Public accommodation bans | Re-definition of sex | Restricting student & educator rights | School facilities bans | Weakening Civil Rights Laws,harmful,aclu,Advancing,Referred to House committee,2026-01-07,,,2
2026,NH,H.B.1564,HB1564,Other civil rights restrictions | Weakening Civil Rights Laws,harmful,aclu,Advancing,House referred to committee,2026-01-07,,,2
2026,NE,L.B.731,LB731,Healthcare restrictions | Other healthcare barriers,harmful,aclu,Advancing,Senate committee hearing,2026-01-29,,,2
2026,MO,H.B. 2076,HB2076,Barriers to accurate IDs |,harmful,aclu,Advancing,House second read,2026-01-08,,,2
2026,MO,H.B. 2973,HB2973,Restricting student & educator rights | School facilities bans | School sports bans,harmful,aclu,Advancing,House second read,2026-01-15,,,2
2026,NH,H.B.1217,HB1217,Other civil rights restrictions | Weakening Civil Rights Laws,harmful,aclu,,,,,,0
2026,KS,S.B.244,SB244,Barriers to accurate IDs | Public accommodation bans | Re-definition of sex | Restricting student & educator rights | School facilities bans | Weakening Civil Rights Laws,harmful,aclu,Advancing,House passed substitute bill as amended; Senate concurred,2026-01-28,,,2
2026,MI,H.B.5491,HB5491,Other anti-LGBTQ bills,harmful,aclu,Advancing,House first read and referred to committee,2026-01-29,,,2
2026,MS,S.B. 2735,SB2735,Healthcare funding restrictions | Healthcare restrictions |,harmful,aclu,Advancing,Referred to Senate committee,2026-01-19,,,2
2026,MS,S.B. 2342,SB2342,Public accommodation bans | Restricting student & educator rights | School facilities bans,harmful,aclu,Advancing,Referred to Senate committee,2026-01-19,,,2
2025,TX,H.B. 976,HB976,Curriculum censorship | Restricting student & educator rights,harmful,aclu,Defeated,Legislative session ended,2025-06-02,,,6
2025,TX,H.B. 938,HB938,Drag bans | Free speech & expression bans |,harmful,aclu,Defeated,Legislative session ended,2025-06-02,,,6
2025,TX,H.B. 973,HB973,Other school restrictions | Restricting student & educator rights,harmful,aclu,Defeated,Legislative session ended,2025-06-02,,,6
2025,TX,S.B. 1393,SB1393,Other anti-LGBTQ bills,harmful,aclu,Defeated,Legislative session ended,2025-06-02,,,6
2025,TX,H.B. 1015,HB1015,Restricting student & educator rights | School facilities bans,harmful,aclu,Defeated,Legislative session ended,2025-06-02,,,6
2025,TX,H.B. 1123,HB1123,Restricting student & educator rights | School sports bans,harmful,aclu,Defeated,Legislative session ended,2025-06-02,,,6
2025,TX,H.B. 1016,HB1016,Restricting student & educator rights | School facilities bans,harmful,aclu,Defeated,Legislative session ended,2025-06-02,,,6
2025,TX,H.B. 1075,HB1075,Drag bans | Free speech & expression bans |,harmful,aclu,Defeated,Legislative session ended,2025-06-02,,,6
2025,TX,H.B. 1014,HB1014,Restricting student & educator rights | School facilities bans,harmful,aclu,Defeated,Legislative session ended,2025-06-02,,,6
2025,RI,S.B.270,S270,Healthcare age restrictions | Healthcare restrictions |,harmful,aclu,Defeated,Legislative session adjourned,2025-06-20,,,6
2025,MO,H.B. 113,HB113,Restricting student & educator rights | School sports bans,harmful,aclu,Advancing,Reported favorably by committee,2025-02-27,,,2
2025,MO,S.B. 493,SB493,Healthcare age restrictions | Healthcare restrictions |,harmful,aclu,Advancing,Second read and referred to committee,2025-02-27,,,2
2025,MO,H.B. 35,HB35,Healthcare age restrictions | Healthcare restrictions | Other healthcare barriers,harmful,aclu,Advancing,Reported favorably by committee,2025-02-27,,,2
2025,KY,S.B.60,SB60,Religious exemptions | Weakening Civil Rights Laws,harmful,aclu,Defeated,Legislative session ended,2025-03-28,,,6
2025,IA,H.F.583,HF583,Barriers to accurate IDs | Curriculum censorship | Other civil rights restrictions | Other school restrictions | Re-definition of sex | Restricting student & educator rights | Weakening Civil Rights Laws,harmful,aclu,Advancing,SF 418 substituted; withdrawn,2025-02-27,,,2
2025,TX,H.B. 980,HB980,Re-definition of sex | Weakening Civil Rights Laws,harmful,aclu,Defeated,Legislative session ended,2025-06-02,,,6
2025,TX,H.B. 847,HB847,Healthcare funding restrictions | Healthcare restrictions |,harmful,aclu,Defeated,Legislative session ended,2025-06-02,,,6
2025,TX,H.B. 843,HB843,Re-definition of sex | Weakening Civil Rights Laws,harmful,aclu,Defeated,Legislative session ended,2025-06-02,,,6
2025,TX,H.B. 403,HB403,Other anti-LGBTQ bills,harmful,aclu,Defeated,Legislative session ended,2025-06-02,,,6
2025,CO,HB25-1253,HB1253,Forced outing in schools | Healthcare age restrictions | Healthcare restrictions | Other healthcare barriers | Restricting student & educator rights,harmful,aclu,Defeated,Legislative session ended,2025-05-07,,,6
2025,WY,S.F.0077,SF77,Other anti-LGBTQ bills | Other school restrictions | Restricting student & educator rights,harmful,aclu,Passed into Law,Became law without signature,2025-02-27,,,4
2025,WY,H.B.0060,HB60,Restricting student & educator rights | School sports bans,harmful,aclu,Defeated,Died in committee,2025-03-03,,,6
2025,WY,S.F.0062,SF62,Restricting student & educator rights | School facilities bans,harmful,aclu,Passed into Law,Governor signed,2025-03-03,,,4
2025,WY,H.B.0072,HB72,Public accommodation bans | Restricting student & educator rights | School facilities bans,harmful,aclu,Passed into Law,Governor signed,2025-03-03,,,4
2025,WY,H.B.0149,HB149,Religious exemptions | Weakening Civil Rights Laws,harmful,aclu,Defeated,Died in committee,2025-03-03,,,6
2025,WY,H.B.0200,HB200,Forced outing in schools | Other school restrictions | Restricting student & educator rights,harmful,aclu,Defeated,Died in committee,2025-03-03,,,6
2025,IA,S.F.418,SF418,Barriers to accurate IDs | Curriculum censorship | Other civil rights restrictions | Other school restrictions | Re-definition of sex | Restricting student & educator rights | Weakening Civil Rights Laws,harmful,aclu,Passed into Law,Governor signed,2025-02-28,,,4
2025,WY,H.B.0222,HB222,Religious exemptions | Weakening Civil Rights Laws,harmful,aclu,Defeated,Died in committee,2025-03-03,,,6
2025,WY,H.B.0207,HB207,Religious exemptions | Weakening Civil Rights Laws,harmful,aclu,Passed into Law,Governor signed,2025-03-06,,,4
2025,UT,H.B.487,HB487,Other anti-LGBTQ bills,harmful,aclu,Advancing,Strike enacting clause,2025-03-07,,,2
2025,UT,H.B.521,HB521,Healthcare funding restrictions | Healthcare restrictions |,harmful,aclu,Defeated,Legislative session ended,2025-03-07,,,6
2025,TX,H.B. 239,HB239,Public accommodation bans,harmful,aclu,Defeated,Legislative session ended,2025-06-02,,,6
2025,TX,H.B. 167,HB167,Other anti-LGBTQ bills,harmful,aclu,Defeated,Legislative session ended,2025-06-02,,,6
2025,TX,H.B. 477,HB477,Barriers to accurate IDs |,harmful,aclu,Defeated,Legislative session ended,2025-06-02,,,6
2025,TX,H.B. 344,HB344,Curriculum censorship | Restricting student & educator rights,harmful,aclu,Defeated,Legislative session ended,2025-06-02,,,6
2025,WY,S.F.0103,SF103,Other anti-LGBTQ bills,harmful,aclu,Defeated,Vetoed by Governor,2025-03-04,,,6
2025,KY,S.B.132,SB132,Healthcare restrictions | Other healthcare barriers | Religious exemptions | Weakening Civil Rights Laws,harmful,aclu,Defeated,Legislative session ended,2025-03-28,,,6
2025,CO,HB25-1255,HB1255,Healthcare restrictions | Other healthcare barriers | Religious exemptions | Weakening Civil Rights Laws,harmful,aclu,Defeated,Legislative session ended,2025-05-07,,,6
2025,AL,S.B.228,SB228,Other anti-LGBTQ bills,harmful,aclu,Defeated,Legislative session ended,2025-05-14,,,6
2025,NM,S.B. 500,SB500,Healthcare age restrictions | Healthcare restrictions | Other healthcare barriers,harmful,aclu,Defeated,Legislative session ended,2025-03-22,,,6
2025,NM,S.B. 459,SB459,Restricting student & educator rights | School sports bans,harmful,aclu,Defeated,Legislative session ended,2025-03-22,,,6
2025,NM,H.B. 501,HB501,Forced outing in schools | Restricting student & educator rights,harmful,aclu,Defeated,Legislative session ended,2025-03-22,,,6
2025,ID,H.328,H328,Healthcare funding restrictions | Healthcare restrictions |,harmful,aclu,Defeated,Legislative session ended,2025-04-04,,,6
2025,ID,H.292,H292,Curriculum censorship | Restricting student & educator rights,harmful,aclu,Defeated,Legislative session ended,2025-04-04,,,6
2025,ID,H.49,H49,Other anti-LGBTQ bills | Public accommodation bans | Restricting student & educator rights | School facilities bans,harmful,aclu,Defeated,Legislative session ended,2025-04-04,,,6
2025,WY,H.B.0274,HB274,Restricting student & educator rights | School sports bans,harmful,aclu,Defeated,Legislative session ended,2025-03-06,,,6
2025,TX,S.B. 949,SB949,Other anti-LGBTQ bills,harmful,aclu,Defeated,Legislative session adjourned,2025-06-02,,,6
2025,SD,H.B.1201,HB1201,Forced outing in schools | Other school restrictions | Restricting student & educator rights,harmful,aclu,Defeated,Legislative session ended,2025-03-31,,,6
2025,MO,H.B. 624,HB624,Restricting student & educator rights | School sports bans,harmful,aclu,Advancing,Reported favorably by committee,2025-02-11,,,2
2025,MO,H.B. 36,HB36,Restricting student & educator rights | School sports bans,harmful,aclu,Advancing,Reported favorably by committee,2025-02-11,,,2
2025,MO,H.B. 1038,HB1038,Healthcare age restrictions | Healthcare restrictions |,harmful,aclu,Advancing,Reported favorably by committee,2025-02-11,,,2
2025,MO,H.B. 1081,HB1081,Healthcare age restrictions | Healthcare restrictions | Other healthcare barriers,harmful,aclu,Advancing,Reported favorably by committee,2025-02-11,,,2
2025,MO,H.B. 1016,HB1016,Healthcare age restrictions | Healthcare restrictions |,harmful,aclu,Advancing,Reported favorably by committee,2025-02-11,,,2
2025,MO,S.B. 26,SB26,Other anti-LGBTQ bills,harmful,aclu,Advancing,Reported favorably by committee,2025-02-13,,,2
2025,NM,H.B. 559,HB559,Healthcare restrictions | Other healthcare barriers,harmful,aclu,Defeated,Legislative session ended,2025-03-22,,,6
2025,NM,H.B. 466,HB466,Healthcare age restrictions | Healthcare restrictions | Other healthcare barriers,harmful,aclu,Defeated,Legislative session ended,2025-03-22,,,6
2025,CO,HB25-1254,HB1254,Healthcare restrictions | Other healthcare barriers,harmful,aclu,Defeated,Legislative session ended,2025-05-07,,,6
2025,ID,H.138,H138,Healthcare funding restrictions | Healthcare restrictions | Other healthcare barriers,harmful,aclu,Defeated,Legislative session ended,2025-04-04,,,6
2025,AL,H.B.418,HB418,Other anti-LGBTQ bills,harmful,aclu,Defeated,Legislative session ended,2025-05-14,,,6
2025,UT,H.B.269,HB269,Other anti-LGBTQ bills | Public accommodation bans | Restricting student & educator rights | School facilities bans | School sports bans,harmful,aclu,Passed into Law,Governor signed,2025-02-14,,,4
2025,TX,S.B. 1068,SB1068,Restricting student & educator rights | School sports bans,harmful,aclu,Defeated,Legislative session ended,2025-06-02,,,6
2025,TX,S.B. 1127,SB1127,Other anti-LGBTQ bills,harmful,aclu,Defeated,Legislative session ended,2025-06-02,,,6
2025,TX,H.R. 144,HR144,Other anti-LGBTQ bills,harmful,aclu,Defeated,Legislative session adjourned,2025-06-02,,,6
2025,SD,H.B.1177,HB1177,Other school restrictions | Restricting student & educator rights,harmful,aclu,Defeated,Legislative session ended,2025-03-31,,,6
2025,SD,H.B.1260,HB1260,Barriers to accurate IDs |,harmful,aclu,Defeated,Legislative session ended,2025-03-31,,,6
2025,NJ,A.5419,A5419,Healthcare age restrictions | Healthcare restrictions |,harmful,aclu,Advancing,Referred to committee,2025-03-06,,,2
2025,ND,S.B. 2392,SB2392,Other anti-LGBTQ bills,harmful,aclu,Defeated,Legislative session ended,2025-05-03,,,6
2025,MO,S.B. 249,SB249,Healthcare age restrictions | Healthcare restrictions |,harmful,aclu,Advancing,Second read and referred to committee,2025-02-13,,,2
2025,MO,S.B. 390,SB390,Other anti-LGBTQ bills,harmful,aclu,Advancing,Second read and referred to committee,2025-02-17,,,2
2025,MO,S.B. 115,SB115,Restricting student & educator rights | School sports bans,harmful,aclu,Advancing,Reported favorably by committee,2025-02-18,,,2
2025,KY,H.B.5,HB5,Healthcare restrictions | Other anti-LGBTQ bills | Prison healthcare restrictions,harmful,aclu,Defeated,Legislative session ended,2025-03-28,,,6
2025,KS,S.B.63,SB63,Healthcare age restrictions | Healthcare restrictions |,harmful,aclu,Passed into Law,Senate and House override of Governor's veto,2025-02-18,,,4
2025,ID,H.190,H190,Other anti-LGBTQ bills,harmful,aclu,Defeated,Legislative session ended,2025-04-04,,,6
2025,ID,H.230,H230,Drag bans | Free speech & expression bans |,harmful,aclu,Defeated,Legislative session ended,2025-04-04,,,6
2025,MO,S.B. 212,SB212,Restricting student & educator rights | School facilities bans,harmful,aclu,Advancing,Reported favorably by committee,2025-02-25,,,2
2025,MO,S.B. 76,SB76,Other civil rights restrictions | Weakening Civil Rights Laws,harmful,aclu,Advancing,Reported favorably by committee,2025-02-13,,,2
2025,MS,H.B. 188,HB188,Other anti-LGBTQ bills,harmful,aclu,Passed into Law,Signed by Governor,2025-03-18,,,4
2025,MO,S.B. 595,SB595,Restricting student & educator rights | School sports bans,harmful,aclu,Advancing,Second read and referred to committee,2025-03-13,,,2
2025,TX,H.B. 3075,HB3075,Other anti-LGBTQ bills,harmful,aclu,Defeated,Legislative session ended,2025-06-02,,,6
2025,TX,H.B. 3186,HB3186,Restricting student & educator rights | School sports bans,harmful,aclu,Defeated,Legislative session ended,2025-06-02,,,6
2025,TX,H.B. 3431,HB3431,Healthcare age restrictions | Healthcare restrictions |,harmful,aclu,Defeated,Legislative session ended,2025-06-02,,,6
2025,TX,H.B. 3427,HB3427,Other anti-LGBTQ bills,harmful,aclu,Defeated,Legislative session ended,2025-06-02,,,6
2025,TX,H.B. 3399,HB3399,Healthcare funding restrictions | Healthcare restrictions | Total healthcare bans,harmful,aclu,Defeated,Legislative session ended,2025-06-02,,,6
2025,TX,H.B. 3411,HB3411,Curriculum censorship | Other school restrictions | Restricting student & educator rights,harmful,aclu,Defeated,Legislative session ended,2025-06-02,,,6
2025,TX,H.B. 3478,HB3478,Healthcare age restrictions | Healthcare restrictions | Other healthcare barriers,harmful,aclu,Defeated,Legislative session ended,2025-06-02,,,6
2025,TX,H.B. 3548,HB3548,Curriculum censorship | Restricting student & educator rights,harmful,aclu,Defeated,Legislative session ended,2025-06-02,,,6
2025,TX,S.B. 2149,SB2149,Other anti-LGBTQ bills,harmful,aclu,Defeated,Legislative session ended,2025-06-02,,,6
2025,TX,H.B. 3616,HB3616,Forced outing in schools | Other school restrictions | Restricting student & educator rights,harmful,aclu,Defeated,Legislative session ended,2025-06-02,,,6
2025,TX,H.B. 3817,HB3817,Other anti-LGBTQ bills,harmful,aclu,Defeated,Legislative session ended,2025-06-02,,,6
2025,TX,H.B. 3842,HB3842,Free speech & expression bans | Other expression restrictions | Other school restrictions | Restricting student & educator rights,harmful,aclu,Defeated,Legislative session ended,2025-06-02,,,6
2025,TX,H.B. 3742,HB3742,Other school restrictions | Restricting student & educator rights,harmful,aclu,Defeated,Legislative session ended,2025-06-02,,,6
2025,TX,H.B. 4002,HB4002,Curriculum censorship | Forced outing in schools | Other school restrictions | Restricting student & educator rights,harmful,aclu,Defeated,Legislative session ended,2025-06-02,,,6
2025,TX,H.B. 4001,HB4001,Barriers to accurate IDs | Re-definition of sex | Weakening Civil Rights Laws,harmful,aclu,Defeated,Legislative session ended,2025-06-02,,,6
2025,TX,H.B. 2816,HB2816,Healthcare restrictions | Other healthcare barriers | Religious exemptions | Weakening Civil Rights Laws,harmful,aclu,Defeated,Legislative session ended,2025-06-02,,,6
2025,TX,H.B. 2846,HB2846,Curriculum censorship | Forced outing in schools | Other school restrictions | Restricting student & educator rights,harmful,aclu,Defeated,Legislative session ended,2025-06-02,,,6
2025,TX,H.B. 2704,HB2704,Other anti-LGBTQ bills | Restricting student & educator rights | School facilities bans,harmful,aclu,Defeated,Legislative session ended,2025-06-02,,,6
2025,TX,S.B. 1953,SB1953,Barriers to accurate IDs |,harmful,aclu,Defeated,Legislative session ended,2025-06-02,,,6
2025,WY,H.B.0032,HB32,Re-definition of sex | Weakening Civil Rights Laws,harmful,aclu,Passed into Law,Became law without Governor's signature,2025-03-14,,,4
2025,WY,H.B.0164,HB164,Healthcare age restrictions | Healthcare restrictions |,harmful,aclu,Passed into Law,Governor signed,2025-03-19,,,4
2025,UT,H.B.283,HB283,Healthcare age restrictions | Healthcare restrictions | Other anti-LGBTQ bills,harmful,aclu,Passed into Law,Governor signed,2025-03-19,,,4
2025,UT,H.B.252,HB252,Healthcare restrictions | Other anti-LGBTQ bills | Prison healthcare restrictions,harmful,aclu,Passed into Law,Governor signed,2025-03-19,,,4
2025,UT,S.B.74,SB74,Barriers to accurate IDs |,harmful,aclu,Passed into Law,Governor signed,2025-03-25,,,4
2025,UT,H.B.77,HB77,Free speech & expression bans | Other expression restrictions | Other school restrictions | Restricting student & educator rights,harmful,aclu,Passed into Law,Became law without Governor's signature,2025-03-27,,,4
2025,TX,S.B. 1565,SB1565,Other anti-LGBTQ bills | Other school restrictions | Restricting student & educator rights,harmful,aclu,Defeated,Legislative session ended,2025-06-02,,,6
2025,TX,H.B. 4333,HB4333,Other anti-LGBTQ bills,harmful,aclu,Defeated,Legislative session ended,2025-06-02,,,6
2025,TX,H.B. 436,HB436,Other anti-LGBTQ bills,harmful,aclu,Defeated,Legislative session ended,2025-06-02,,,6
2025,TX,H.B. 2291,HB2291,Barriers to accurate IDs |,harmful,aclu,Defeated,Legislative session ended,2025-06-02,,,6
2025,TX,H.B. 2342,HB2342,Other school restrictions | Restricting student & educator rights,harmful,aclu,Defeated,Legislative session ended,2025-06-02,,,6
2025,TX,H.B. 2258,HB2258,Healthcare age restrictions | Healthcare restrictions |,harmful,aclu,Defeated,Legislative session ended,2025-06-02,,,6
2025,TX,H.B. 2062,HB2062,Public accommodation bans | Restricting student & educator rights | School facilities bans,harmful,aclu,Defeated,Legislative session ended,2025-06-02,,,6
2025,TX,S.B. 810,SB810,Other school restrictions | Restricting student & educator rights,harmful,aclu,Defeated,Legislative session ended,2025-06-02,,,6
2025,TX,H.B. 2549,HB2549,Barriers to accurate IDs |,harmful,aclu,Defeated,Legislative session ended,2025-06-02,,,6
2025,TX,H.B. 2548,HB2548,Curriculum censorship | Restricting student & educator rights,harmful,aclu,Defeated,Legislative session ended,2025-06-02,,,6
2025,TX,H.B. 1704,HB1704,Forced outing in schools | Restricting student & educator rights,harmful,aclu,Defeated,Legislative session ended,2025-06-02,,,6
2025,MS,S.B. 2515,SB2515,Other anti-LGBTQ bills,harmful,aclu,Defeated,Died on calendar,2025-03-12,,,6
2025,TX,H.B. 4311,HB4311,Other anti-LGBTQ bills,harmful,aclu,Defeated,Legislative session ended,2025-06-02,,,6
2025,TX,H.B. 4710,HB4710,Healthcare age restrictions | Healthcare restrictions |,harmful,aclu,Defeated,Legislative session ended,2025-06-02,,,6
2025,AR,H.B.1668,HB1668,Healthcare age restrictions | Healthcare restrictions | Other healthcare barriers,harmful,aclu,Defeated,Legislative session ended,2025-04-16,,,6
2025,AZ,H.B.2062,HB2062,Re-definition of sex | Weakening Civil Rights Laws,harmful,aclu,Defeated,Legislative session ended,2025-06-27,,,6
2025,TX,S.B. 2714,SB2714,Curriculum censorship | Restricting student & educator rights,harmful,aclu,Defeated,Legislative session ended,2025-06-02,,,6
2025,KY,H.B.495,HB495,Healthcare funding restrictions | Healthcare restrictions |,harmful,aclu,Passed into Law,House and Senate override of Governor's veto,2025-03-27,,,4
2025,CT,S.B.1509,SB01509,Other anti-LGBTQ bills,harmful,aclu,Defeated,Legislative session adjourned,2025-06-04,,,6
2025,WY,S.F.0044,SF44,Restricting student & educator rights | School sports bans,harmful,aclu,Passed into Law,Governor signed,2025-03-13,,,4
2025,UT,S.B.320,SB320,Healthcare restrictions | Other healthcare barriers | Religious exemptions | Weakening Civil Rights Laws,harmful,aclu,Defeated,Legislative session ended,2025-03-07,,,6
2025,UT,H.B.413,HB413,Healthcare restrictions | Other healthcare barriers,harmful,aclu,Defeated,Legislative session ended,2025-03-07,,,6
2025,UT,H.B.250,HB250,Other school restrictions | Religious exemptions | Restricting student & educator rights | Weakening Civil Rights Laws,harmful,aclu,Defeated,Legislative session ended,2025-03-07,,,6
2025,UT,H.B.401,HB401,Drag bans | Free speech & expression bans |,harmful,aclu,Defeated,Legislative session ended,2025-03-07,,,6
2025,TX,S.B. 1696,SB1696,Barriers to accurate IDs |,harmful,aclu,Defeated,Legislative session ended,2025-06-02,,,6
2025,TX,H.B. 1521,HB1521,Other anti-LGBTQ bills,harmful,aclu,Defeated,Legislative session ended,2025-06-02,,,6
2025,MO,S.B. 588,SB588,Other anti-LGBTQ bills,harmful,aclu,Advancing,Second read and referred to committee,2025-03-13,,,2
2025,MO,S.B. 632,SB632,Public accommodation bans,harmful,aclu,Advancing,Second read and referred to committee,2025-03-13,,,2
2025,MO,S.B. 597,SB597,Public accommodation bans | Restricting student & educator rights | School facilities bans,harmful,aclu,Advancing,Second read and referred to committee,2025-03-13,,,2
2025,AR,H.B.1307,HB1307,Other anti-LGBTQ bills,harmful,aclu,Passed into Law,Governor signed,2025-03-18,,,4
2025,FL,S.B. 100,S0100,Free speech & expression bans | Other expression restrictions | Other school restrictions | Restricting student & educator rights,harmful,aclu,Defeated,Legislative session adjourned,2025-06-16,,,6
2025,ID,H.41,H41,Free speech & expression bans | Other expression restrictions | Other school restrictions | Restricting student & educator rights,harmful,aclu,Passed into Law,Governor signed,2025-03-20,,,4
2025,ID,H.59,H59,Healthcare restrictions | Other healthcare barriers | Religious exemptions | Weakening Civil Rights Laws,harmful,aclu,Passed into Law,Governor signed,2025-03-20,,,4
2025,TX,H.B. 2339,HB2339,Curriculum censorship | Other school restrictions | Restricting student & educator rights,harmful,aclu,Defeated,Legislative session ended,2025-06-02,,,6
2025,SD,H.B.1259,HB1259,Public accommodation bans | Restricting student & educator rights | School facilities bans,harmful,aclu,Passed into Law,Signed by Governor,2025-03-31,,,4
2025,ND,S.B. 2244,SB2244,Curriculum censorship | Forced outing in schools | Other school restrictions | Restricting student & educator rights,harmful,aclu,Defeated,Legislative session ended,2025-05-02,,,6
2025,NJ,S.419,S419,Other school restrictions | Restricting student & educator rights,harmful,aclu,Introduced,Carried over,2025-01-14,,,1
2025,NJ,A.2720,A2720,Other school restrictions | Restricting student & educator rights,harmful,aclu,Introduced,Carried over,2025-01-14,,,1
2025,MT,H.B. 300,HB300,Restricting student & educator rights | School facilities bans | School sports bans,harmful,aclu,Passed into Law,Signed by Governor,2025-03-27,,,4
2025,MO,S.B. 704,SB704,Healthcare restrictions | Other healthcare barriers,harmful,aclu,Advancing,Second read and referred to committee,2025-03-24,,,2
2025,TX,H.B. 4425,HB4425,Free speech & expression bans | Other anti-LGBTQ bills | Other expression restrictions,harmful,aclu,Defeated,Legislative session ended,2025-06-02,,,6
2025,MO,S.B. 764,SB764,Drag bans | Free speech & expression bans |,harmful,aclu,Advancing,Second read and referred to committee,2025-03-27,,,2
2025,MO,S.B. 272,SB272,Other anti-LGBTQ bills,harmful,aclu,Advancing,Reported favorably by committee,2025-04-02,,,2
2025,MS,H.B. 1609,HB1609,Other anti-LGBTQ bills,harmful,aclu,Defeated,Died in committee,2025-02-04,,,6
2025,MS,H.B. 1416,HB1416,Other anti-LGBTQ bills,harmful,aclu,Defeated,Died in committee,2025-02-04,,,6
2025,MS,S.B. 2223,SB2223,Other anti-LGBTQ bills,harmful,aclu,Defeated,Died in committee,2025-02-04,,,6
2025,MS,S.B. 2867,SB2867,Healthcare funding restrictions | Healthcare restrictions |,harmful,aclu,Advancing,Governor's veto referred to committee,2025-03-28,,,2
2025,KY,S.B.2,SB2,Healthcare restrictions | Prison healthcare restrictions,harmful,aclu,Passed into Law,Became law without Governor's signature,2025-03-27,,,4
2025,ID,H.264,H264,Other anti-LGBTQ bills | Restricting student & educator rights | School facilities bans,harmful,aclu,Passed into Law,Governor signed,2025-04-02,,,4
2025,MO,S.B. 769,SB769,Other anti-LGBTQ bills,harmful,aclu,Advancing,Second read and referred to committee,2025-03-27,,,2
2025,MO,S.B. 75,SB75,Healthcare age restrictions | Healthcare restrictions | Other healthcare barriers,harmful,aclu,Advancing,Reported favorably by committee,2025-02-13,,,2
2025,MO,S.B. 298,SB298,Barriers to accurate IDs |,harmful,aclu,Advancing,Second read and referred to committee,2025-02-13,,,2
2025,KY,S.B.116,SB116,Re-definition of sex | Weakening Civil Rights Laws,harmful,aclu,Defeated,Legislative session ended,2025-03-28,,,6
2026,OK,S.B.1905,SB1905,Healthcare funding restrictions | Healthcare restrictions | Total healthcare bans,harmful,aclu,Advancing,Senate second read and referred to committee,2026-02-03,,,2
2026,NH,H.B.1778,HB1778,Curriculum censorship | Restricting student & educator rights,harmful,aclu,Advancing,Public hearing,2026-02-02,,,2
2026,NE,L.B.732,LB732,Healthcare age restrictions | Healthcare restrictions |,harmful,aclu,Advancing,"Motion to indefinitely postpone, bracket, and recommit to committee filed",2026-01-30,,,2
2026,MO,H.B. 1973,HB1973,Restricting student & educator rights | School sports bans,harmful,aclu,Advancing,Reported favorably by House committee,2026-01-28,,,2
2026,MO,S.B. 861,SB861,Healthcare age restrictions | Healthcare restrictions |,harmful,aclu,Advancing,Senate committee hearing conducted,2026-01-28,,,2
2026,MO,H.B. 1607,HB1607,Restricting student & educator rights | School sports bans,harmful,aclu,Advancing,Reported favorably by House committee,2026-01-28,,,2
2026,MO,H.B. 1672,HB1672,Healthcare age restrictions | Healthcare restrictions |,harmful,aclu,Advancing,Reported favorably by House committee,2026-01-28,,,2
2026,MO,H.B. 1854,HB1854,Healthcare age restrictions | Healthcare restrictions |,harmful,aclu,Advancing,Reported favorably by House committee,2026-01-28,,,2
2026,MO,H.B. 1608,HB1608,Healthcare age restrictions | Healthcare restrictions |,harmful,aclu,Advancing,Reported favorably by House committee,2026-01-28,,,2
2026,MO,S.B. 1389,SB1389,Public accommodation bans,harmful,aclu,Advancing,Second read and referred to committee,2026-01-27,,,2
2026,MO,S.B. 1204,SB1204,Other civil rights restrictions | Weakening Civil Rights Laws,harmful,aclu,Advancing,Senate second read and referred to committee,2026-01-27,,,2
2026,MO,S.B. 1200,SB1200,Healthcare age restrictions | Healthcare restrictions |,harmful,aclu,Advancing,Senate second read and referred to committee,2026-01-27,,,2
2026,MO,S.B. 1334,SB1334,Forced outing in schools | Other school restrictions | Restricting student & educator rights,harmful,aclu,Advancing,Senate second read and referred to committee,2026-01-27,,,2
2026,MO,S.B. 1278,SB1278,Restricting student & educator rights | School sports bans,harmful,aclu,Advancing,Senate second read and referred to committee,2026-01-27,,,2
2026,OK,S.B.1736,SB1736,Curriculum censorship | Restricting student & educator rights,harmful,aclu,Advancing,Senate second read and referred to committee,2026-02-03,,,2
2026,OK,S.B.1912,SB1912,Healthcare age restrictions | Healthcare restrictions | Other healthcare barriers,harmful,aclu,Advancing,Senate second read and referred to committee,2026-02-03,,,2
2026,OK,S.B.2003,SB2003,Public accommodation bans | Restricting student & educator rights | School facilities bans,harmful,aclu,Advancing,Senate second read and referred to committee,2026-02-03,,,2
2026,SC,H.B.4756,H4756,Restricting student & educator rights | School facilities bans,harmful,aclu,Advancing,House second read and passed as amended,2026-01-29,,,2
2025,VA,S.B. 37,SB37,Forced outing in schools | Other anti-LGBTQ bills | Restricting student & educator rights,harmful,aclu,Defeated,Legislative session ended,2025-02-22,,,6
2026,VA,H.B. 158,HB158,Healthcare restrictions | Other healthcare barriers,harmful,aclu,Advancing,House referred to committee,2026-01-06,,,2
2026,VA,S.B. 411,SB411,Healthcare age restrictions | Healthcare funding restrictions | Healthcare restrictions |,harmful,aclu,Advancing,Assigned to Senate subcommittee,2026-01-30,,,2
2026,VA,S.B. 561,SB561,Restricting student & educator rights | School facilities bans,harmful,aclu,Advancing,Passed by indefinitely in Senate committee,2026-01-29,,,2
2026,MO,S.B. 1333,SB1333,Other anti-LGBTQ bills,harmful,aclu,Advancing,Second read and referred to committee,2026-01-27,,,2
2026,VA,S.B. 703,SB703,Restricting student & educator rights | School sports bans,harmful,aclu,Advancing,Passed by indefinitely in Senate committee,2026-01-29,,,2
2026,VA,S.B. 560,SB560,Restricting student & educator rights | School sports bans,harmful,aclu,Advancing,Passed by indefinitely in Senate committee,2026-01-29,,,2
2026,VA,S.B. 295,SB295,Restricting student & educator rights | School sports bans,harmful,aclu,Advancing,Passed by indefinitely in Senate committee,2026-01-29,,,2
2026,UT,H.B.174,HB174,Healthcare age restrictions | Healthcare restrictions |,harmful,aclu,Advancing,House second read as amended,2026-01-28,,,2
2026,UT,H.B.193,HB193,Healthcare funding restrictions | Healthcare restrictions |,harmful,aclu,Advancing,House second read as substituted,2026-01-28,,,2
2026,TN,H.B.1666,HB1666,Other school restrictions | Restricting student & educator rights,harmful,aclu,Advancing,Senate passed on second consideration and referred to subcommittee,2026-01-21,,,2
2026,TN,S.B.1665,SB1665,Other school restrictions | Restricting student & educator rights,harmful,aclu,Advancing,Senate passed on second consideration and referred to committee,2026-01-21,,,2
2026,VA,H.B. 1242,HB1242,Restricting student & educator rights | School sports bans,harmful,aclu,Advancing,House committee Referral Pending,2026-01-14,,,2
2025,VA,H.J. 86,HJ86,Re-definition of sex | Weakening Civil Rights Laws,harmful,aclu,Defeated,Legislative session ended,2025-02-22,,,6
2026,MO,S.B. 1264,SB1264,Healthcare age restrictions | Healthcare restrictions |,harmful,aclu,Advancing,Senate second read and referred to committee,2026-01-27,,,2
2026,MO,H.B. 2033,HB2033,Healthcare age restrictions | Healthcare restrictions |,harmful,aclu,Advancing,Reported favorably and re-referred to committee,2026-01-29,,,2
2026,AZ,S.C.R.1006,SCR1006,Other school restrictions | Religious exemptions | Restricting student & educator rights | School facilities bans | Weakening Civil Rights Laws,harmful,aclu,Advancing,Reported favorably by Senate committee,2026-01-28,,,2
2026,AZ,S.B.1095,SB1095,Healthcare age restrictions | Healthcare restrictions |,harmful,aclu,Advancing,Reported favorably by Senate committee,2026-01-28,,,2
2026,WV,S.B.590,SB590,Drag bans | Free speech & expression bans |,harmful,aclu,Advancing,Referred to Senate committee,2026-01-23,,,2
2026,WV,S.B.629,SB629,Healthcare age restrictions | Healthcare funding restrictions | Healthcare restrictions | Other healthcare barriers | Other school restrictions | Restricting student & educator rights,harmful,aclu,Advancing,Referred to Senate committee,2026-01-27,,,2
2026,UT,S.B.212,SB212,Religious exemptions | Weakening Civil Rights Laws,harmful,aclu,Advancing,Referred to Senate committee,2026-01-30,,,2
2026,TN,S.B.2118,SB2118,Healthcare funding restrictions | Healthcare restrictions |,harmful,aclu,Introduced,,2026-01-22,,,1
2026,SD,H.B.1153,HB1153,Healthcare restrictions | Other healthcare barriers | Religious exemptions | Weakening Civil Rights Laws,harmful,aclu,Advancing,House first read and referred to committee,2026-01-27,,,2
2026,SD,S.B.190,SB190,Curriculum censorship | Forced outing in schools | Other school restrictions | Restricting student & educator rights,harmful,aclu,Advancing,Senate first read and referred to committee,2026-01-29,,,2
2026,RI,S.B.2293,S2293,Restricting student & educator rights | School sports bans,harmful,aclu,Advancing,Referred to Senate committee,2026-01-23,,,2
2026,NM,H.B. 233,HB233,Restricting student & educator rights | School sports bans,harmful,aclu,Introduced,,2026-01-29,,,1
2026,NJ,A.1847,A1847,Healthcare age restrictions | Healthcare restrictions |,harmful,aclu,Advancing,Referred to Assembly committee,2026-01-13,,,2
2026,NJ,A.673,A673,Restricting student & educator rights | School sports bans,harmful,aclu,Advancing,Referred to Assembly committee,2026-01-13,,,2
2026,NJ,A.1605,A1605,Curriculum censorship | Restricting student & educator rights,harmful,aclu,Advancing,Referred to Assembly committee,2026-01-13,,,2
2026,NJ,A.3021,A3021,Curriculum censorship | Restricting student & educator rights,harmful,aclu,Advancing,Referred to Assembly committee,2026-01-13,,,2
2026,MS,S.B. 2719,SB2719,Drag bans | Free speech & expression bans |,harmful,aclu,Advancing,Referred to Senate committee,2026-01-19,,,2
2026,AZ,H.B.2249,HB2249,Forced outing in schools | Restricting student & educator rights,harmful,aclu,Advancing,House consent by Minority and Majority Caucus,2026-01-27,,,2
2026,AZ,S.B.1015,SB1015,Healthcare restrictions | Other healthcare barriers,harmful,aclu,Advancing,Senate consent by Minority and Majority Caucus,2026-01-27,,,2
2026,AZ,H.C.R.2044,HCR2044,Other school restrictions | Restricting student & educator rights,harmful,aclu,Advancing,House second read,2026-01-26,,,2
2026,FL,S.B. 1444,S1444,Religious exemptions | Weakening Civil Rights Laws,harmful,aclu,Advancing,Reported favorably and re-referred to Senate committee,2026-01-28,,,2
2026,MO,H.B. 1663,HB1663,Restricting student & educator rights | School sports bans,harmful,aclu,Advancing,Reported favorably and re-referred to committee,2026-01-29,,,2
2026,MD,H.B.0356,HB356,Religious exemptions | Weakening Civil Rights Laws,harmful,aclu,Advancing,House hearing,2026-02-17,,,2
2026,MD,S.B.0050,SB50,Restricting student & educator rights | School sports bans,harmful,aclu,Advancing,Senate hearing,2026-02-18,,,2
2026,IA,H.S.B.542,HSB542,Other anti-LGBTQ bills,harmful,aclu,Advancing,House subcommittee reassigned,2026-01-20,,,2
2026,IA,H.S.B.537,HSB537,Other anti-LGBTQ bills,harmful,aclu,Advancing,House subcommittee reassigned,2026-01-20,,,2
2026,IA,S.F.2063,SF2063,Other school restrictions | Restricting student & educator rights,harmful,aclu,Advancing,Reported favorably by Senate subcommittee,2026-01-29,,,2
2026,MO,S.B. 1190,SB1190,Healthcare restrictions | Other healthcare barriers,harmful,aclu,Advancing,Senate second read and referred to committee,2026-01-27,,,2
2026,IN,S.B.0182,SB182,Barriers to accurate IDs | Other anti-LGBTQ bills | Re-definition of sex | Weakening Civil Rights Laws,harmful,aclu,Advancing,Senate passed; House first read and referred to committee,2026-01-29,,,2
2026,ID,H.516,H516,Curriculum censorship | Restricting student & educator rights,harmful,aclu,Advancing,Referred to House committee,2026-01-23,,,2
2026,FL,S.B. 1134,S1134,Other anti-LGBTQ bills,harmful,aclu,Advancing,On Senate committee agenda,2026-02-03,,,2
2026,FL,S.B. 1566,S1566,Other anti-LGBTQ bills,harmful,aclu,Advancing,Senate referred to committee,2026-01-16,,,2
2026,FL,S.B. 1642,S1642,Other anti-LGBTQ bills | Religious exemptions | Weakening Civil Rights Laws,harmful,aclu,Advancing,On Senate committee agenda,2026-02-02,,,2
2026,IN,H.B.1389,HB1389,Religious exemptions | Weakening Civil Rights Laws,harmful,aclu,Advancing,"House second read, engrossed, and amendment failed",2026-01-29,,,2
2025,VA,H.B. 1120,HB1120,Restricting student & educator rights | School sports bans,harmful,aclu,Defeated,Legislative session ended,2025-02-22,,,6
2025,VA,H.B. 670,HB670,Forced outing in schools | Other anti-LGBTQ bills | Restricting student & educator rights,harmful,aclu,Defeated,Legislative session ended,2025-02-22,,,6
2025,VA,S.B. 671,SB671,Healthcare age restrictions | Healthcare restrictions |,harmful,aclu,Defeated,Legislative session ended,2025-02-22,,,6
2025,TX,S.B. 753,SB753,Healthcare age restrictions | Healthcare restrictions | Other healthcare barriers,harmful,aclu,Defeated,Legislative session adjourned,2025-06-02,,,6
2025,MS,S.B. 2364,SB2364,Other anti-LGBTQ bills,harmful,aclu,Defeated,Died in committee,2025-02-04,,,6
2025,MS,S.B. 2870,SB2870,Curriculum censorship | Forced outing in schools | Other school restrictions | Restricting student & educator rights,harmful,aclu,Defeated,Died in committee,2025-02-04,,,6
2025,MS,H.B. 1516,HB1516,Curriculum censorship | Forced outing in schools | Other school restrictions | Restricting student & educator rights,harmful,aclu,Defeated,Died in committee,2025-02-04,,,6
2025,MS,S.B. 2516,SB2516,Restricting student & educator rights | School facilities bans,harmful,aclu,Defeated,Died in committee,2025-02-04,,,6
2025,MS,S.B. 2468,SB2468,Other school restrictions | Restricting student & educator rights,harmful,aclu,Defeated,Died in committee,2025-02-04,,,6
2025,MS,H.B. 1385,HB1385,Curriculum censorship | Other school restrictions | Restricting student & educator rights,harmful,aclu,Defeated,Died in committee,2025-02-04,,,6
2025,MS,H.B. 1060,HB1060,Forced outing in schools | Other school restrictions | Restricting student & educator rights,harmful,aclu,Defeated,Died in committee,2025-02-04,,,6
2025,MS,H.B. 1246,HB1246,Other anti-LGBTQ bills,harmful,aclu,Defeated,Died in committee,2025-02-04,,,6
2025,MS,H.B. 1542,HB1542,Curriculum censorship | Other anti-LGBTQ bills | Restricting student & educator rights,harmful,aclu,Defeated,Died in committee,2025-02-04,,,6
2025,MS,H.B. 1605,HB1605,Restricting student & educator rights | School facilities bans,harmful,aclu,Defeated,Died in committee,2025-02-04,,,6
2025,MS,S.B. 2218,SB2218,Restricting student & educator rights | School facilities bans,harmful,aclu,Defeated,Died in committee,2025-02-04,,,6
2025,MS,H.B. 1422,HB1422,Religious exemptions | Weakening Civil Rights Laws,harmful,aclu,Defeated,Died in committee,2025-02-04,,,6
2025,MS,S.B. 2896,SB2896,Curriculum censorship | Forced outing in schools | Restricting student & educator rights,harmful,aclu,Defeated,Died in committee,2025-02-04,,,6
2025,MS,S.B. 2370,SB2370,Other anti-LGBTQ bills,harmful,aclu,Defeated,Died in committee,2025-02-04,,,6
2025,TX,S.B. 84,SB84,Barriers to accurate IDs | Re-definition of sex | Weakening Civil Rights Laws,harmful,aclu,Defeated,Legislative session adjourned,2025-06-02,,,6
2025,TX,S.B. 115,SB115,Healthcare funding restrictions | Healthcare restrictions | Other healthcare barriers,harmful,aclu,Defeated,Legislative session adjourned,2025-06-02,,,6
2025,TX,S.B. 116,SB116,Healthcare restrictions | Other healthcare barriers,harmful,aclu,Defeated,Legislative session adjourned,2025-06-02,,,6
2025,VA,H.B. 8,HB8,Healthcare restrictions | Other healthcare barriers | Religious exemptions | Weakening Civil Rights Laws,harmful,aclu,Defeated,Legislative session ended,2025-02-22,,,6
2025,IN,S.B.0235,SB235,Other anti-LGBTQ bills,harmful,aclu,Defeated,Legislative session ended,2025-04-24,,,6
2025,CO,HB25-1145,HB1145,Healthcare age restrictions | Healthcare restrictions | Other healthcare barriers,harmful,aclu,Defeated,Legislative session ended,2025-05-07,,,6
2025,AZ,S.B.1687,SB1687,Healthcare age restrictions | Healthcare funding restrictions | Healthcare restrictions | Other healthcare barriers | Prison healthcare restrictions,harmful,aclu,Defeated,Legislative session ended,2025-06-27,,,6
2025,AL,S.B.79,SB79,Other anti-LGBTQ bills | Restricting student & educator rights | School facilities bans,harmful,aclu,Passed into Law,Governor signed,2025-02-13,,,4
2025,RI,S.B.304,S304,Restricting student & educator rights | School sports bans,harmful,aclu,Defeated,Legislative session adjourned,2025-06-20,,,6
2025,NM,H.B. 380,HB380,Other anti-LGBTQ bills | Restricting student & educator rights | School facilities bans,harmful,aclu,Defeated,Legislative session ended,2025-03-22,,,6
2025,MD,H.B.1385,HB1385,Curriculum censorship | Forced outing in schools | Other school restrictions | Restricting student & educator rights,harmful,aclu,Defeated,Legislative session ended,2025-04-07,,,6
2025,MD,S.B.0588,SB588,Restricting student & educator rights | School sports bans,harmful,aclu,Defeated,Legislative session ended,2025-04-07,,,6
2025,MD,H.B.1399,HB1399,Healthcare age restrictions | Healthcare restrictions |,harmful,aclu,Defeated,Legislative session ended,2025-04-07,,,6
2025,WY,H.B.0115,HB115,Healthcare restrictions | Other healthcare barriers | Religious exemptions | Weakening Civil Rights Laws,harmful,aclu,Defeated,Legislative session ended,2025-03-06,,,6
2025,VA,H.B. 2405,HB2405,Healthcare age restrictions | Healthcare restrictions |,harmful,aclu,Defeated,Legislative session ended,2025-02-22,,,6
2025,VA,H.B. 1809,HB1809,Restricting student & educator rights | School sports bans,harmful,aclu,Defeated,Legislative session ended,2025-02-22,,,6
2025,VA,H.B. 2146,HB2146,Healthcare restrictions | Other healthcare barriers,harmful,aclu,Defeated,Legislative session ended,2025-02-22,,,6
2025,VA,H.B. 2182,HB2182,Forced outing in schools | Other anti-LGBTQ bills | Other school restrictions | Restricting student & educator rights,harmful,aclu,Defeated,Legislative session ended,2025-02-22,,,6
2025,VA,H.B. 2605,HB2605,Religious exemptions | Weakening Civil Rights Laws,harmful,aclu,Defeated,Legislative session ended,2025-02-22,,,6
2025,VA,H.B. 1229,HB1229,Public accommodation bans | Restricting student & educator rights | School facilities bans | School sports bans,harmful,aclu,Defeated,Legislative session ended,2025-02-22,,,6
2025,ID,H.179,H179,Curriculum censorship | Restricting student & educator rights,harmful,aclu,Defeated,Legislative session ended,2025-04-04,,,6
2025,MD,H.B.0156,HB156,Restricting student & educator rights | School sports bans,harmful,aclu,Defeated,Legislative session ended,2025-04-07,,,6
2025,KY,H.B.154,HB154,Healthcare funding restrictions | Healthcare restrictions |,harmful,aclu,Defeated,Legislative session ended,2025-03-28,,,6
2025,KY,H.B.177,HB177,Religious exemptions | Weakening Civil Rights Laws,harmful,aclu,Defeated,Legislative session ended,2025-03-28,,,6
2025,IN,S.B.0239,SB239,Religious exemptions | Weakening Civil Rights Laws,harmful,aclu,Defeated,Legislative session ended,2025-04-24,,,6
2025,IN,H.B.1528,HB1528,Other anti-LGBTQ bills,harmful,aclu,Defeated,Legislative session ended,2025-04-24,,,6
2025,IN,H.B.1428,HB1428,Religious exemptions | Weakening Civil Rights Laws,harmful,aclu,Defeated,Legislative session ended,2025-04-24,,,6
2025,IN,H.B.1456,HB1456,Other anti-LGBTQ bills,harmful,aclu,Defeated,Legislative session ended,2025-04-24,,,6
2025,CT,S.B.592,SB00592,Restricting student & educator rights | School sports bans,harmful,aclu,Defeated,Legislative session adjourned,2025-06-04,,,6
2025,CT,H.B.5336,HB05336,Healthcare age restrictions | Healthcare restrictions | Other healthcare barriers,harmful,aclu,Defeated,Legislative session adjourned,2025-06-04,,,6
2025,CT,H.B.5370,HB05370,Healthcare age restrictions | Healthcare restrictions |,harmful,aclu,Defeated,Legislative session adjourned,2025-06-04,,,6
2025,CT,H.B.5789,HB05789,Restricting student & educator rights | School sports bans,harmful,aclu,Defeated,Legislative session adjourned,2025-06-04,,,6
2025,IN,S.B.0479,SB479,Healthcare restrictions | Other healthcare barriers,harmful,aclu,Defeated,Legislative session ended,2025-04-24,,,6
2025,NJ,A.531,A531,Curriculum censorship | Restricting student & educator rights,harmful,aclu,Introduced,Carried over,2025-01-14,,,1
2025,NJ,A.410,A410,Other school restrictions | Restricting student & educator rights,harmful,aclu,Introduced,Carried over,2025-01-14,,,1
2025,NJ,S.1329,S1329,Other school restrictions | Restricting student & educator rights,harmful,aclu,Introduced,Carried over,2025-01-14,,,1
2025,CT,S.B.36,SB00036,Curriculum censorship | Restricting student & educator rights,harmful,aclu,Defeated,Legislative session adjourned,2025-06-04,,,6
2025,IN,S.B.0441,SB441,Barriers to accurate IDs | Re-definition of sex | Weakening Civil Rights Laws,harmful,aclu,Advancing,Legislative session ended,2025-04-24,,,2
2025,VA,S.B. 723,SB723,Restricting student & educator rights | School sports bans,harmful,aclu,Defeated,Legislative session ended,2025-02-22,,,6
2025,VA,S.B. 68,SB68,Restricting student & educator rights | School sports bans,harmful,aclu,Defeated,Legislative session ended,2025-02-22,,,6
2025,NJ,A.2580,A2580,Curriculum censorship | Restricting student & educator rights,harmful,aclu,Introduced,Carried over,2025-01-14,,,1
2024,KS,S.B.409,SB409,Other civil rights restrictions | Weakening Civil Rights Laws,harmful,aclu,Defeated,Legislative session ended,2024-04-30,,,6
2025,MO,H.B. 135,HB135,Barriers to accurate IDs |,harmful,aclu,Advancing,Referred to committee,2025-01-16,,,2
2025,CT,H.B.6201,HB06201,Restricting student & educator rights | School sports bans,harmful,aclu,Defeated,Legislative session adjourned,2025-06-04,,,6
2025,KY,H.B.163,HB163,Other anti-LGBTQ bills,harmful,aclu,Defeated,Legislative session ended,2025-03-28,,,6
2025,ID,S.1048,S1048,Other anti-LGBTQ bills,harmful,aclu,Defeated,Legislative session ended,2025-04-04,,,6
2025,SD,H.B.1269,HB1269,Free speech & expression bans | Other expression restrictions,harmful,aclu,Defeated,Legislative session ended,2025-03-31,,,6
2025,SD,H.B.1211,HB1211,Other anti-LGBTQ bills,harmful,aclu,Defeated,Legislative session ended,2025-03-31,,,6
2025,MD,H.B.1019,HB1019,Religious exemptions | Weakening Civil Rights Laws,harmful,aclu,Defeated,Legislative session ended,2025-04-07,,,6
2025,MD,S.B.0948,SB948,Curriculum censorship | Forced outing in schools | Other school restrictions | Restricting student & educator rights,harmful,aclu,Defeated,Legislative session ended,2025-04-07,,,6
2025,KY,H.B.314,HB314,Other anti-LGBTQ bills,harmful,aclu,Defeated,Legislative session ended,2025-03-28,,,6
2025,CT,H.B.6609,HB06609,Healthcare age restrictions | Healthcare restrictions |,harmful,aclu,Defeated,Legislative session adjourned,2025-06-04,,,6
2025,AL,H.B.107,HB107,Re-definition of sex | Weakening Civil Rights Laws,harmful,aclu,Defeated,Legislative session ended,2025-05-14,,,6
2025,VA,S.B. 749,SB749,Restricting student & educator rights | School sports bans,harmful,aclu,Defeated,Legislative session ended,2025-02-22,,,6
2025,VA,S.B. 1079,SB1079,Restricting student & educator rights | School sports bans,harmful,aclu,Defeated,Legislative session ended,2025-02-22,,,6
2025,VA,S.B. 1074,SB1074,Forced outing in schools | Healthcare age restrictions | Healthcare funding restrictions | Healthcare restrictions | Restricting student & educator rights,harmful,aclu,Defeated,Legislative session ended,2025-02-22,,,6
2025,MO,S.B. 117,SB117,Forced outing in schools | Other school restrictions | Religious exemptions | Restricting student & educator rights | Weakening Civil Rights Laws,harmful,aclu,Advancing,Second read and referred to committee,2025-01-23,,,2
2025,ID,H.10,H10,Free speech & expression bans | Other expression restrictions | Other school restrictions | Restricting student & educator rights,harmful,aclu,Defeated,Legislative session ended,2025-04-04,,,6
2025,CT,S.B.1045,SB01045,Healthcare age restrictions | Healthcare restrictions |,harmful,aclu,Defeated,Legislative session adjourned,2025-06-04,,,6
2025,CT,H.B.6178,HB06178,Other anti-LGBTQ bills,harmful,aclu,Defeated,Legislative session adjourned,2025-06-04,,,6
2025,NM,H.B. 185,HB185,Restricting student & educator rights | School sports bans,harmful,aclu,Defeated,Legislative session ended,2025-03-22,,,6
2024,MN,S.F.3848,SF3848,Religious exemptions | Weakening Civil Rights Laws,harmful,aclu,Defeated,Legislative session ended,2024-05-20,,,6
2024,AZ,S.B.1167,SB1167,Other anti-LGBTQ bills,harmful,aclu,Defeated,Legislative session ended,2024-06-15,,,6
2022,SC,HB 4801,H4801,Protections in healthcare,supportive,aclu,Dead,,2022-05-12,,,6
2022,VT,H 659,H659,Protections in healthcare,supportive,aclu,Dead,,2022-05-12,,,6
2022,WA,SB 5688,SB5688,Protections in healthcare,supportive,aclu,Dead,,2022-03-10,,,6
2022,WA,HB 1809,HB1809,Protections in healthcare,supportive,aclu,Dead,,2022-03-10,,,6
2022,AZ,HB 1186,HB1186,Allowing updated gender markers on ID,supportive,aclu,Dead,,2022-06-25,,,6
2022,IL,HB 9,HB9,Allowing updated gender markers on ID,supportive,aclu,Dead,,2022-04-09,,,6
2022,IL,HB 4444,HB4444,Allowing updated gender markers on ID,supportive,aclu,Dead,,2022-04-09,,,6
2022,MA,HD 153,HD153,Allowing updated gender markers on ID,supportive,aclu,Dead,,2022-08-01,,,6
2022,NJ,A 1171,A1171,Allowing updated gender markers on ID,supportive,aclu,Introduced and Referred to Committee,,2022-01-11,,,1
2022,NY,S 607A,S607A,Allowing updated gender markers on ID,supportive,aclu,Dead,,2022-06-04,,,6
2022,VT,H 628,H628,Allowing updated gender markers on ID,supportive,aclu,Signed by Governor,,2022-04-08,,,4
2022,VT,S 273,S273,Allowing updated gender markers on ID,supportive,aclu,Dead,,2022-04-20,,,6
2022,CA,SB 357,SB357,Sex work discriminalization bills,supportive,aclu,Signed by Governor,,2022-07-01,,,4
2022,HI,SB 2557,SB2557,Sex work discriminalization bills,supportive,aclu,Dead,,2022-05-05,,,6
2022,HI,HB 2265,HB2265,Sex work discriminalization bills,supportive,aclu,Dead,,2022-05-05,,,6
2022,IL,SB 2978,SB2978,Protections in healthcare,supportive,aclu,Dead,,2022-04-09,,,6
2022,HI,SB 752,SB752,Protections in healthcare,supportive,aclu,Dead,,2022-05-05,,,6
2022,WV,HB 3272,HB3272,Nondiscrimination protections,supportive,aclu,Dead,,2022-03-12,,,6
2022,WV,HB 2697,HB2697,Nondiscrimination protections,supportive,aclu,Dead,,2022-03-12,,,6
2022,FL,HB 1597,H1597,Nondiscrimination protections,supportive,aclu,Died in committee,,2022-03-14,,,6
2022,ID,H 440,H440,Nondiscrimination protections,supportive,aclu,Dead,,2022-03-31,,,6
2022,MI,HB 5349,HB5349,Nondiscrimination protections,supportive,aclu,Active,,2022-01-12,,,1
2022,MO,HB 1760,HB1760,Nondiscrimination protections,supportive,aclu,Dead,,2022-05-13,,,6
2022,MO,HB 1737,HB1737,Nondiscrimination protections,supportive,aclu,Dead,,2022-05-13,,,6
2022,NE,LB 120,LB120,Nondiscrimination protections,supportive,aclu,Dead,,2022-04-20,,,6
2022,NE,LB 1136,LB1136,Nondiscrimination protections,supportive,aclu,Dead,,2022-04-20,,,6
2022,MO,HB 2338,HB2338,Sex work discriminalization bills,supportive,aclu,Dead,,2022-05-13,,,6
2022,NE,LB 1211,LB1211,Nondiscrimination protections,supportive,aclu,Dead,,2022-04-20,,,6
2022,OK,HB 3001,HB3001,Nondiscrimination protections,supportive,aclu,Dead,,2022-05-27,,,6
2022,PA,SB 1010,SB1010,Nondiscrimination protections,supportive,aclu,Dead,,2022-11-30,,,6
2022,RI,H 6655,H6655,Nondiscrimination protections,supportive,aclu,Dead,,2022-06-23,,,6
2022,RI,H 7117,H7117,Nondiscrimination protections,supportive,aclu,Dead,,2022-06-23,,,6
2022,SC,HB 3183,H3183,Nondiscrimination protections,supportive,aclu,Dead,,2022-05-12,,,6
2022,WV,HB 2538,HB2538,Nondiscrimination protections,supportive,aclu,Dead,,2022-03-12,,,6
2022,WV,SB 156,SB156,Nondiscrimination protections,supportive,aclu,Dead,,2022-03-12,,,6
2022,NJ,A 1846,A1846,Nondiscrimination protections,supportive,aclu,Introduced and Referred to Committee,,2022-01-11,,,1
2022,AZ,HB 2630,HB2630,Nondiscrimination protections,supportive,aclu,Dead,,2022-06-25,,,6
2022,NH,HB 1176,HB1176,Sex work discriminalization bills,supportive,aclu,Dead,,2022-05-26,,,6
2022,NY,S 3075,S3075,Sex work discriminalization bills,supportive,aclu,Dead,,2022-06-04,,,6
2022,WA,SB 5859,SB5859,Other good bills,supportive,aclu,Dead,,2022-03-10,,,6
2022,WV,SB 167,SB167,Other good bills,supportive,aclu,Dead,,2022-03-12,,,6
2022,WV,HB 2362,HB2362,Other good bills,supportive,aclu,Dead,,2022-03-12,,,6
2023,PA,HB 216,HB216,Restricting student & educator rights | School sports bans,harmful,aclu,Advancing,Referred to committee,2023-03-08,,,2
2023,PA,HB 138,HB138,Healthcare restrictions | Other healthcare barriers,harmful,aclu,Advancing,Referred to committee,2023-03-08,,,2
2023,PA,HB 319,HB319,Curriculum censorship | Restricting student & educator rights,harmful,aclu,Advancing,Referred to committee,2023-03-13,,,2
2023,OH,HB 8,HB8,Forced outing in schools | Restricting student & educator rights,harmful,aclu,,,,,,0
2023,TN,SB 596,SB596,Religious exemptions | Weakening Civil Rights Laws,harmful,aclu,Advancing,Committee action deferred to,2024-01-23,,,2
2023,NH,HB 619,HB619,Curriculum censorship | Healthcare age restrictions | Healthcare restrictions | Restricting student & educator rights | School facilities bans | School sports bans,harmful,aclu,Passed into Law,Signed by Governor,2024-07-19,,,4
2023,OK,HB 1466,HB1466,Healthcare age restrictions | Healthcare restrictions |,harmful,aclu,Defeated,Failed to meet House deadline,2024-02-29,,,6
2023,OK,SB 887,SB887,Religious exemptions | Weakening Civil Rights Laws,harmful,aclu,Defeated,Failed to meet Senate deadline,2024-02-29,,,6
2023,OK,SB 788,SB788,Healthcare age restrictions | Healthcare restrictions |,harmful,aclu,Defeated,Failed to meet Senate deadline,2024-02-29,,,6
2023,OK,SB 937,SB937,Curriculum censorship | Drag bans | Free speech & expression bans | Other school restrictions | Restricting student & educator rights | School sports bans,harmful,aclu,Defeated,Failed to meet Senate deadline,2024-02-29,,,6
2023,OK,HB 1377,HB1377,Healthcare age restrictions | Healthcare restrictions | Other healthcare barriers,harmful,aclu,Defeated,Failed to meet House deadline,2024-02-29,,,6
2023,OK,SB 252,SB252,Healthcare age restrictions | Healthcare restrictions |,harmful,aclu,Defeated,Failed to meet Senate deadline,2024-02-29,,,6
2022,WA,HB 1956,HB1956,Other good bills,supportive,aclu,Signed by Governor,,2022-03-31,,,4
2022,OR,HB 4099,HB4099,Other good bills,supportive,aclu,Dead,,2022-03-04,,,6
2022,OR,HB 4073,HB4073,Other good bills,supportive,aclu,Dead,,2022-03-04,,,6
2022,NY,A 7001-A,A7001,Other good bills,supportive,aclu,Dead,,2022-06-04,,,6
2022,NY,S 2878,S2878,Sex work discriminalization bills,supportive,aclu,Dead,,2022-06-04,,,6
2022,WA,HB 1816,HB1816,Sex work discriminalization bills,supportive,aclu,Dead,,2022-03-10,,,6
2022,WA,SB 5693,SB5693,Sex work discriminalization bills,supportive,aclu,Partially vetoed by Governor,,2022-03-31,,,5
2022,CA,AB 1041,AB1041,Other good bills,supportive,aclu,Approved by Governor,,2022-09-29,,,4
2022,CA,SB 225,SB225,Other good bills,supportive,aclu,Approved by Governor,,2022-09-27,,,4
2022,CA,SB 379,SB379,Other good bills,supportive,aclu,Approved by Governor,,2022-09-16,,,4
2022,HI,SB 618,SB618,Other good bills,supportive,aclu,Dead,,2022-05-05,,,6
2022,NY,A 849,A849,Sex work discriminalization bills,supportive,aclu,Dead,,2022-06-04,,,6
2022,IL,HB 4626,HB4626,Other good bills,supportive,aclu,Dead,,2022-04-09,,,6
2022,IN,HB 1047,HB1047,Other good bills,supportive,aclu,Dead,,2022-03-14,,,6
2022,IN,HB 1158,HB1158,Other good bills,supportive,aclu,Dead,,2022-03-14,,,6
2022,KY,HB 16,HB16,Other good bills,supportive,aclu,Dead,,2022-04-14,,,6
2022,MD,HB 0453,HB453,Other good bills,supportive,aclu,Dead,,2022-04-11,,,6
2022,MD,SB 550,SB550,Other good bills,supportive,aclu,Dead,,2022-04-11,,,6
2022,MN,SF 3130,SF3130,Other good bills,supportive,aclu,Dead,,2022-03-12,,,6
2022,NJ,A 1751,A1751,Other good bills,supportive,aclu,Introduced and Referred to Committee,,2022-01-11,,,1
2022,IL,SB 3961,SB3961,Other good bills,supportive,aclu,Dead,,2022-04-09,,,6
2023,OK,SB 787,SB787,Healthcare age restrictions | Healthcare restrictions |,harmful,aclu,Defeated,Failed to meet Senate deadline,2024-02-29,,,6
2022,AK,SB 149,SB149,Nondiscrimination protections,supportive,aclu,Dead,,2022-05-18,,,6
2022,WI,SB 31,SB31,Other Anti-LGBTQ Bills,harmful,aclu,Failed to pass,,2022-03-15,,,6
2022,MS,SB 2881,SB2881,Other school or curriculum restrictions,harmful,aclu,Died in committee,,2022-02-01,,,6
2022,MO,HB 1755,HB1755,Other school or curriculum restrictions,harmful,aclu,Dead,,2022-05-13,,,6
2022,MO,SB 645,SB645,Other school or curriculum restrictions,harmful,aclu,Dead,,2022-05-13,,,6
2022,MO,HB 2189,HB2189,Other school or curriculum restrictions,harmful,aclu,Dead,,2022-05-13,,,6
2022,NJ,A 1418,A1418,Other school or curriculum restrictions,harmful,aclu,Introduced and Referred to Committee,,2022-01-11,,,1
2022,NJ,S 585,S585,Other school or curriculum restrictions,harmful,aclu,Introduced and Referred to Committee,,2022-01-11,,,1
2022,NC,H 755,H755,Other school or curriculum restrictions,harmful,aclu,Dead,,2022-07-01,,,6
2022,OK,SB 1142,SB1142,Other school or curriculum restrictions,harmful,aclu,Dead,,2022-05-27,,,6
2022,OK,SB 1654,SB1654,Other school or curriculum restrictions,harmful,aclu,Dead,,2022-05-27,,,6
2022,OK,HB 1888,HB1888,Other school or curriculum restrictions,harmful,aclu,Dead,,2022-05-27,,,6
2022,OK,SB 627,SB627,Other school or curriculum restrictions,harmful,aclu,Dead,,2022-05-27,,,6
2022,PA,HB 2813,HB2813,Other school or curriculum restrictions,harmful,aclu,Dead,,2022-11-30,,,6
2022,PA,SB 1278,SB1278,Other school or curriculum restrictions,harmful,aclu,Dead,,2022-11-30,,,6
2022,RI,H 7138,H7138,Other school or curriculum restrictions,harmful,aclu,Dead,,2022-06-23,,,6
2022,RI,H 7539,H7539,Other school or curriculum restrictions,harmful,aclu,Dead,,2022-06-23,,,6
2022,MI,HB 6306,HB6306,Other school or curriculum restrictions,harmful,aclu,"Introduced, read for the first time, and referred to committee",,2022-06-30,,,1
2022,MI,HB 6503,HB6503,Other school or curriculum restrictions,harmful,aclu,"Introduced, read for the first time, and referred to committee",,2022-11-29,,,1
2022,KY,HB 14,HB14,Other school or curriculum restrictions,harmful,aclu,Dead,,2022-04-14,,,6
2022,IN,HB 1231,HB1231,Other school or curriculum restrictions,harmful,aclu,Dead,,2022-03-14,,,6
2022,WV,HB 2734,HB2734,Excluding transgender youth from athletics,harmful,aclu,Dead,,2022-03-12,,,6
2022,WV,SB 341,SB341,Excluding transgender youth from athletics,harmful,aclu,Dead,,2022-03-12,,,6
2022,WY,SF 0051,SF51,Excluding transgender youth from athletics,harmful,aclu,Dead,,2022-03-11,,,6
2022,AZ,HB 2011,HB2011,Other school or curriculum restrictions,harmful,aclu,Dead,,2022-06-25,,,6
2022,AZ,HB 2161,HB2161,Other school or curriculum restrictions,harmful,aclu,Signed by Governor,,2022-04-29,,,4
2022,AZ,HB 2285,HB2285,Other school or curriculum restrictions,harmful,aclu,Dead,,2022-06-25,,,6
2022,FL,SB 1834,S1834,Other school or curriculum restrictions,harmful,aclu,Dead,,2022-03-14,,,6
2022,RI,S 2516,S2516,Other school or curriculum restrictions,harmful,aclu,Dead,,2022-06-23,,,6
2022,FL,HB 1557,H1557,Other school or curriculum restrictions,harmful,aclu,Signed by Governor,,2022-04-29,,,4
2022,GA,HB 1158,HB1158,Other school or curriculum restrictions,harmful,aclu,Dead,,2022-04-04,,,6
2024,KY,H.B.652,HB652,Other school restrictions | Restricting student & educator rights,harmful,aclu,Defeated,Legislative session ended,2024-04-15,,,6
2022,IA,HF 2054,HF2054,Other school or curriculum restrictions,harmful,aclu,Dead,,2022-05-24,,,6
2022,IA,HF 2053,HF2053,Other school or curriculum restrictions,harmful,aclu,Dead,,2022-05-24,,,6
2022,IL,HB 5505,HB5505,Other school or curriculum restrictions,harmful,aclu,Dead,,2022-04-09,,,6
2022,IN,HB 1040,HB1040,Other school or curriculum restrictions,harmful,aclu,Dead,,2022-03-14,,,6
2022,IN,HB 1228,HB1228,Other school or curriculum restrictions,harmful,aclu,Dead,,2022-03-14,,,6
2022,FL,HB 7,H0007,Other school or curriculum restrictions,harmful,aclu,Signed by Governor,,2022-04-22,,,4
2022,AK,HB 17,HB17,Nondiscrimination protections,supportive,aclu,Dead,,2022-05-18,,,6
2022,SC,SB 900,S900,Other school or curriculum restrictions,harmful,aclu,Dead,,2022-05-12,,,6
2022,TN,SB 2777,SB2777,Other school or curriculum restrictions,harmful,aclu,Dead,,2022-04-28,,,6
2022,FL,HB 747,H0747,Religious Exemptions in Healthcare Implicating LGBTQ People,harmful,aclu,Died in committee,,2022-03-14,,,6
2022,SC,HB 3518,H3518,Religious Exemptions in Healthcare Implicating LGBTQ People,harmful,aclu,Dead,,2022-05-12,,,6
2022,SC,S 811,S811,Religious Exemptions in Healthcare Implicating LGBTQ People,harmful,aclu,Dead,,2022-05-12,,,6
2022,SC,H 4776,H4776,Religious Exemptions in Healthcare Implicating LGBTQ People,harmful,aclu,Signed by Governor,,2022-06-17,,,4
2022,AZ,SB 1399,SB1399,Religious Exemptions in Adoption & Foster Care,harmful,aclu,Signed by Governor,,2022-04-06,,,4
2022,IN,HB 1338,HB1338,Religious Exemptions in Adoption & Foster Care,harmful,aclu,Dead,,2022-03-14,,,6
2022,KY,HB 1,HB1,Religious Exemptions in Adoption & Foster Care,harmful,aclu,Delivered to Governor,,2022-03-30,,,2
2022,SC,H 3878,H3878,Religious Exemptions in Adoption & Foster Care,harmful,aclu,Dead,,2022-05-12,,,6
2022,WV,SB 13,SB13,Religious Exemptions in Adoption & Foster Care,harmful,aclu,Dead,,2022-03-12,,,6
2022,MA,H 1536,H1536,Other Religious Exemption Bills,harmful,aclu,Dead,,2022-08-01,,,6
2022,VA,HB 1137,HB1137,Other Religious Exemption Bills,harmful,aclu,Died in subcommittee,,2022-02-10,,,6
2022,SC,HB 5150,H5150,Other Anti-LGBTQ Bills,harmful,aclu,,,,,,0
2022,TN,SB 1208,SB1208,Other Anti-LGBTQ Bills,harmful,aclu,Dead,,2022-04-28,,,6
2022,WI,AB 14,AB14,Other Anti-LGBTQ Bills,harmful,aclu,Failed to pass,,2022-03-15,,,6
2022,WY,HB 0154,HB154,Religious Freedom Restoration Acts (RFRAs),harmful,aclu,Dead,,2022-03-11,,,6
2022,WV,HB 2545,HB2545,Religious Freedom Restoration Acts (RFRAs),harmful,aclu,Dead,,2022-03-12,,,6
2022,NJ,A 328,A328,Religious Freedom Restoration Acts (RFRAs),harmful,aclu,Introduced and Referred to Committee,,2022-01-11,,,1
2022,IA,SF 436,SF436,Religious Freedom Restoration Acts (RFRAs),harmful,aclu,Dead,,2022-05-24,,,6
2022,TN,HB 2633,HB2633,Other school or curriculum restrictions,harmful,aclu,Dead,,2022-04-28,,,6
2022,TN,HB 0800,HB800,Other school or curriculum restrictions,harmful,aclu,Dead,,2022-04-28,,,6
2022,TN,SB 1216,SB1216,Other school or curriculum restrictions,harmful,aclu,Dead,,2022-04-28,,,6
2022,VA,SB 20,SB20,Other school or curriculum restrictions,harmful,aclu,Passed by indefinitely in committee,,2022-02-03,,,6
2022,VA,HB 988,HB988,Other school or curriculum restrictions,harmful,aclu,Died in committee,,2022-02-07,,,6
2022,WV,SB 498,SB498,Other school or curriculum restrictions,harmful,aclu,Dead,,2022-03-12,,,6
2022,WV,HB 4016,HB4016,Other school or curriculum restrictions,harmful,aclu,Dead,,2022-03-12,,,6
2022,SC,HB 4605,H4605,Other school or curriculum restrictions,harmful,aclu,Dead,,2022-05-12,,,6
2022,MS,SB 2356,SB2356,Restrictions on accessing accurate ID,harmful,aclu,Dead,,2022-02-10,,,6
2022,OK,SB 1100,SB1100,Restrictions on accessing accurate ID,harmful,aclu,Signed by Governor,,2022-04-26,,,4
2022,IA,SF 167,SF167,Other anti-trans bills,harmful,aclu,Dead,,2022-05-24,,,6
2022,IA,HF 272,HF272,Other anti-trans bills,harmful,aclu,Dead,,2022-05-24,,,6
2022,IA,HF 326,HF326,Other anti-trans bills,harmful,aclu,Dead,,2022-05-24,,,6
2022,IN,SB 402,SB402,Other anti-trans bills,harmful,aclu,Dead,,2022-03-14,,,6
2022,NH,HB 1180,HB1180,Other anti-trans bills,harmful,aclu,Dead,,2022-05-26,,,6
2022,IA,HF 170,HF170,Religious Freedom Restoration Acts (RFRAs),harmful,aclu,Dead,,2022-05-24,,,6
2022,MS,HB 1099,HB1099,Restrictions on accessing accurate ID,harmful,aclu,Died on calendar,,2022-03-09,,,6
2022,WV,HB 2676,HB2676,Excluding transgender youth from athletics,harmful,aclu,Dead,,2022-03-12,,,6
2023,OK,SB 935,SB935,Other school restrictions | Restricting student & educator rights,harmful,aclu,Defeated,Failed to meet Senate deadline,2024-02-29,,,6
2023,OK,SB 786,SB786,Healthcare age restrictions | Healthcare restrictions |,harmful,aclu,Defeated,Failed to meet Senate deadline,2024-02-29,,,6
2023,NH,HB 417,HB417,Healthcare restrictions |,harmful,aclu,Defeated,Legislative session ended,2024-06-13,,,6
2023,NH,SB 272,SB272,Restricting student & educator rights,harmful,aclu,Defeated,Legislative session ended,2024-06-13,,,6
2023,WI,SB 704,SB704,Healthcare restrictions |,harmful,aclu,Defeated,Legislative session ended,2024-03-12,,,6
2023,WI,AB 729,AB729,Healthcare restrictions |,harmful,aclu,Defeated,Legislative session ended,2024-03-12,,,6
2023,OK,SB 345,SB345,Healthcare age restrictions | Healthcare restrictions |,harmful,aclu,Defeated,Failed to meet Senate deadline,2024-02-29,,,6
2023,WV,SB 692,SB692,Healthcare restrictions | Restricting student & educator rights,harmful,aclu,Defeated,Legislative session ended,2024-03-09,,,6
2023,OK,SB 131,SB131,Curriculum censorship | Restricting student & educator rights,harmful,aclu,Defeated,Failed to meet Senate deadline,2024-02-29,,,6
2023,WI,AB 377,AB377,Restricting student & educator rights | School sports bans,harmful,aclu,Defeated,Vetoed by Governor; Assembly failed to override veto,2024-05-15,,,6
2023,MI,HB 4510,HB4510,Restricting student & educator rights | School facilities bans,harmful,aclu,Advancing,First read and referred to committee,2023-05-04,,,2
2023,SC,SB 627,S627,Healthcare age restrictions | Healthcare funding restrictions | Healthcare restrictions |,harmful,aclu,Defeated,Legislative session ended,2024-05-09,,,6
2023,KS,HB 2427,HB2427,Restricting student & educator rights | School facilities bans,harmful,aclu,Defeated,Legislative session ended,2024-04-30,,,6
2023,NH,HB 396,HB396,Barriers to accurate IDs |,harmful,aclu,,,,,,0
2023,OK,HB 1449,HB1449,Other anti-LGBTQ bills,harmful,aclu,Passed into Law,Governor signed,2024-05-31,,,4
2023,MA,H 509,H509,Curriculum censorship | Restricting student & educator rights,harmful,aclu,Advancing,Joint hearing scheduled,2023-10-11,,,2
2023,SC,HB 3728,H3728,Curriculum censorship | Other school restrictions | Restricting student & educator rights,harmful,aclu,,,,,,0
2023,OH,HB 245,HB245,Drag bans | Free speech & expression bans |,harmful,aclu,,,,,,0
2023,MA,H 458,H458,Curriculum censorship | Restricting student & educator rights,harmful,aclu,Advancing,Joint hearing,2023-07-17,,,2
2023,WI,AB 465,AB465,Healthcare age restrictions | Healthcare restrictions |,harmful,aclu,Defeated,Vetoed by Governor; Assembly failed to override veto,2024-05-15,,,6
2023,WI,AB 510,AB510,Curriculum censorship | Other school restrictions | Restricting student & educator rights,harmful,aclu,Defeated,Vetoed by Governor; Assembly failed to override veto,2024-05-15,,,6
2023,AK,H.B. 183,HB183,Restricting student & educator rights | School sports bans,harmful,aclu,Defeated,Legislative session ended,2024-05-15,,,6
2023,AK,HB 174,HB174,Other anti-LGBTQ bills,harmful,aclu,Defeated,Legislative session ended,2024-05-15,,,6
2023,OK,SB 1007,SB1007,Restricting student & educator rights | School sports bans,harmful,aclu,Defeated,Failed to meet Senate deadline,2024-02-29,,,6
2023,OK,SB 878,SB878,Healthcare age restrictions | Healthcare restrictions |,harmful,aclu,Defeated,Failed to meet Senate deadline,2024-02-29,,,6
2023,OK,SB 250,SB250,Healthcare funding restrictions | Healthcare restrictions |,harmful,aclu,Advancing,Second read and referred to committee,2023-02-07,,,2
2023,OK,SB 30,SB30,Curriculum censorship | Forced outing in schools | Other school restrictions | Restricting student & educator rights,harmful,aclu,Advancing,Second read and referred to committee,2023-02-07,,,2
2023,OK,SB 614,SB614,Healthcare age restrictions | Healthcare restrictions |,harmful,aclu,Defeated,Failed to meet Senate deadline,2024-02-29,,,6
2023,OK,HB 2736,HB2736,Drag bans | Free speech & expression bans |,harmful,aclu,Defeated,Failed to meet House deadline,2024-02-29,,,6
2023,OK,HB 1780,HB1780,Curriculum censorship | Restricting student & educator rights,harmful,aclu,Defeated,Failed to meet House deadline,2024-02-29,,,6
2023,OK,HB 2186,HB2186,Drag bans | Free speech & expression bans |,harmful,aclu,Defeated,Failed to meet House deadline,2024-02-29,,,6
2023,OK,SB 129,SB129,Healthcare age restrictions | Healthcare restrictions | Other healthcare barriers,harmful,aclu,Defeated,Failed to meet House deadline,2024-02-29,,,6
2023,OK,HB 2177,HB2177,Healthcare age restrictions | Healthcare restrictions | Other healthcare barriers,harmful,aclu,Defeated,Failed to meet House deadline,2024-02-29,,,6
2023,OK,SB 408,SB408,Other anti-LGBTQ bills,harmful,aclu,Defeated,Failed to meet House deadline,2024-02-29,,,6
2023,AK,H.B. 105,HB105,Curriculum censorship | Other school restrictions | Restricting student & educator rights | School facilities bans,harmful,aclu,Defeated,Legislative session ended,2024-05-15,,,6
2023,OK,SB 932,SB932,Other school restrictions | Restricting student & educator rights,harmful,aclu,Defeated,Failed to meet House deadline,2024-02-29,,,6
2023,OK,HB 1781,HB1781,Curriculum censorship | Restricting student & educator rights,harmful,aclu,Defeated,Failed to meet House deadline,2024-02-29,,,6
2023,OK,HB 1011,HB1011,Healthcare age restrictions | Healthcare restrictions | Other healthcare barriers,harmful,aclu,Defeated,Failed to meet House deadline,2024-02-29,,,6
2023,OK,SB 789,SB789,Healthcare age restrictions | Healthcare restrictions |,harmful,aclu,Defeated,Failed to meet Senate deadline,2024-02-29,,,6
2023,OK,SB 943,SB943,Other school restrictions | Restricting student & educator rights,harmful,aclu,Defeated,Failed to meet Senate deadline,2024-02-29,,,6
2023,OK,SB 933,SB933,Drag bans | Free speech & expression bans |,harmful,aclu,Defeated,Failed to meet Senate deadline,2024-02-29,,,6
2023,OK,SB 1004,SB1004,Other anti-LGBTQ bills,harmful,aclu,Defeated,Failed to meet Senate deadline,2024-02-29,,,6
2023,OK,SB 1017,SB1017,Other school restrictions | Restricting student & educator rights,harmful,aclu,Defeated,Failed to meet Senate deadline,2024-02-29,,,6
2023,OK,SB 973,SB973,Curriculum censorship | Restricting student & educator rights,harmful,aclu,Defeated,Failed to meet Senate deadline,2024-02-29,,,6
2023,KS,HB 2436,HB2436,Other anti-LGBTQ bills,harmful,aclu,,,,,,0
2023,WI,SB 377,SB377,Restricting student & educator rights | School sports bans,harmful,aclu,Defeated,Legislative session ended,2024-05-12,,,6
2023,WV,SB 517,SB517,Weakening Civil Rights Laws,harmful,aclu,Defeated,Legislative session ended,2024-03-09,,,6
2023,WV,SB 103,SB103,Free speech & expression bans |,harmful,aclu,Defeated,Legislative session ended,2024-03-09,,,6
2023,WV,SB 253,SB253,Free speech & expression bans |,harmful,aclu,Defeated,Legislative session ended,2024-03-09,,,6
2023,WV,HB 3001,HB3001,Restricting student & educator rights,harmful,aclu,Defeated,Legislative session ended,2024-03-09,,,6
2023,WV,HB 3097,HB3097,Healthcare restrictions |,harmful,aclu,Defeated,Legislative session ended,2024-03-09,,,6
2023,WV,HB 3183,HB3183,Healthcare restrictions | Other anti-LGBTQ bills | Restricting student & educator rights,harmful,aclu,Defeated,Legislative session ended,2024-03-09,,,6
2023,WV,HB 3176,HB3176,Free speech & expression bans | Restricting student & educator rights,harmful,aclu,Defeated,Legislative session ended,2024-03-09,,,6
2023,WV,HB 3503,HB3503,Other anti-LGBTQ bills,harmful,aclu,Defeated,Legislative session ended,2024-03-09,,,6
2023,WV,SB 697,SB697,Healthcare restrictions |,harmful,aclu,Defeated,Legislative session ended,2024-03-09,,,6
2023,GA,SB 180,SB180,Religious exemptions | Weakening Civil Rights Laws,harmful,aclu,Defeated,Legislative session ended,2024-03-28,,,6
2023,WI,SB 489,SB489,Curriculum censorship | Other school restrictions | Restricting student & educator rights,harmful,aclu,Defeated,Companion bill vetoed by Governor; Assembly failed to override veto,2024-05-15,,,6
2023,WI,SB 378,SB378,Restricting student & educator rights | School sports bans,harmful,aclu,Defeated,Legislative session ended,2024-03-12,,,6
2023,ME,LD 678,LD678,Other school restrictions | Restricting student & educator rights,harmful,aclu,,,,,,0
2023,ME,LD 930,LD930,Restricting student & educator rights | School sports bans,harmful,aclu,,,,,,0
2023,WI,SB 479,SB479,Healthcare restrictions | Other healthcare barriers,harmful,aclu,Defeated,Legislative session ended,2024-03-12,,,6
2023,WI,SB 438,SB438,Other anti-LGBTQ bills,harmful,aclu,Defeated,Legislative session ended,2024-03-12,,,6
2023,WI,SB 480,SB480,Healthcare age restrictions | Healthcare restrictions |,harmful,aclu,Defeated,Companion bill vetoed by Governor; Assembly failed to override veto,2024-05-15,,,6
2023,KS,SB 233,SB233,Healthcare age restrictions | Healthcare restrictions |,harmful,aclu,Defeated,House Motion to override veto failed; Veto sustained,2024-04-29,,,6
2023,WI,AB 447,AB447,Other anti-LGBTQ bills,harmful,aclu,Defeated,Legislative session ended,2024-03-12,,,6
2023,WI,AB 502,AB502,Healthcare age restrictions | Healthcare restrictions | Other healthcare barriers,harmful,aclu,Defeated,Legislative session ended,2024-03-12,,,6
2023,WI,AB 378,AB378,Restricting student & educator rights | School sports bans,harmful,aclu,Defeated,Legislative session ended,2024-03-12,,,6
2023,OH,HB 183,HB183,Restricting student & educator rights | School facilities bans,harmful,aclu,,,,,,0
2023,NE,LB 575,LB575,Restricting student & educator rights | School facilities bans | School sports bans,harmful,aclu,,,,,,0
2023,TN,HB 1386,HB1386,Other anti-LGBTQ bills,harmful,aclu,Defeated,Legislative session ended,2024-04-25,,,6
2023,TN,HB 878,HB878,Religious exemptions | Weakening Civil Rights Laws,harmful,aclu,Passed into Law,Signed by Governor,2024-02-21,,,4
2023,TN,SB 1110,SB1110,Other anti-LGBTQ bills,harmful,aclu,Defeated,Legislative session ended,2024-04-25,,,6
2023,WI,AB 609,AB609,Healthcare restrictions | Other healthcare barriers,harmful,aclu,Defeated,Legislative session ended,2024-03-12,,,6
2022,WV,HB 2141,HB2141,Excluding transgender youth from athletics,harmful,aclu,Dead,,2022-03-12,,,6
2022,WI,SB 322,SB322,Excluding transgender youth from athletics,harmful,aclu,Failed to pass,,2022-03-15,,,6
2022,WI,AB 196,AB196,Excluding transgender youth from athletics,harmful,aclu,Failed to concur,,2022-03-15,,,6
2021,TN,SB 657,SB657,Anti-Trans bills | Prohibiting heathcare for transgender youth,harmful,aclu,Introduced,Referred to committee,2021-02-11,,,1
2021,TN,HB 578,HB578,Anti-Trans bills | Prohibiting heathcare for transgender youth,harmful,aclu,Introduced,Deferred to 2022,,,,1
2021,TN,HB 3,HB3,Anti-Trans bills | Prohibiting heathcare for transgender youth,harmful,aclu,Introduced,Became SB 228; Signed by Governor,2021-03-26,,,1
2021,TN,SB 228,SB228,Anti-Trans bills | Prohibiting heathcare for transgender youth,harmful,aclu,Introduced,Signed by Governor,2021-03-26,,,1
2021,TN,HB 1223,HB1223,Anti-Trans bills | Single-Sex Facility Restrictions,harmful,aclu,Introduced,Signed by Governor,2021-05-14,,,1
2021,TN,HB 1367,HB1367,Anti-Trans bills | Single-Sex Facility Restrictions,harmful,aclu,Introduced,Substituted for companion House bill,2021-04-29,,,1
2021,TN,HB 1182,HB1182,Anti-Trans bills | Single-Sex Facility Restrictions,harmful,aclu,Introduced,Signed by Governor,2021-05-17,,,1
2021,TN,SB 1224,SB1224,Anti-Trans bills | Single-Sex Facility Restrictions,harmful,aclu,Introduced,Companion bill substituted,2021-04-29,,,1
2021,TN,SB 1229,SB1229,Other Anti-LGBTQ Bills,harmful,aclu,Introduced,Signed by Governor,2021-05-03,,,1
2021,TN,HB 529,HB529,Other Anti-LGBTQ Bills,harmful,aclu,Introduced,Comparable Senate bill substituted,2021-04-14,,,1
2021,TX,HB 68,HB68,Anti-Trans bills | Prohibiting heathcare for transgender youth,harmful,aclu,Introduced,Referred to committee,2021-02-25,,,1
2021,TX,HB 1399,HB1399,Anti-Trans bills | Prohibiting heathcare for transgender youth,harmful,aclu,Introduced,Placed on general state calendar,2021-05-12,,,1
2021,SC,HB 4608,H4608,Anti-Trans bills | Excluding transgender youth from athletics,harmful,aclu,Introduced,Prefiled; referred to committee,2021-11-17,,,1
2021,NC,SB 515,S515,Religious exemptions | Religious Exemptions in Healthcare Implicating LGBTQ People,harmful,aclu,Introduced,Referred to committee,2021-04-06,,,1
2021,OH,HB 454,HB454,Anti-Trans bills | Prohibiting heathcare for transgender youth,harmful,aclu,Introduced,,2021-10-19,,,1
2021,OH,HB 61,HB61,Anti-Trans bills | Excluding transgender youth from athletics,harmful,aclu,Introduced,Referred to committee,2021-02-04,,,1
2021,OH,SB132,SB132,Anti-Trans bills | Excluding transgender youth from athletics,harmful,aclu,Introduced,Referred to committee,2021-03-17,,,1
2021,OH,SB 187,SB187,Anti-Trans bills | Excluding transgender youth from athletics,harmful,aclu,Introduced,Passed with Amendments,2021-06-24,,,1
2021,OK,SB 583,SB583,Anti-Trans bills | Prohibiting heathcare for transgender youth,harmful,aclu,Introduced,Read for second time; referred to committee,2021-02-02,,,1
2021,OK,SB 676,SB676,Anti-Trans bills | Prohibiting heathcare for transgender youth,harmful,aclu,Introduced,Read for second time; referred to committee,2021-02-02,,,1
2021,TX,SB 1646,SB1646,Anti-Trans bills | Prohibiting heathcare for transgender youth,harmful,aclu,Introduced,Referred to committee in House,2021-05-03,,,1
2021,OK,SB 331,SB331,Anti-Trans bills | Excluding transgender youth from athletics,harmful,aclu,Introduced,Read for second time; referred to committee,2021-02-02,,,1
2021,OK,SB 615,SB615,Other Anti-LGBTQ Bills,harmful,aclu,Introduced,Read for second time; referred to committee,2021-02-02,,,1
2021,OK,HB 1004,HB1004,Other anti-LGBTQ bills,harmful,aclu,Introduced,Read for second time: Referred to committee,2021-02-13,,,1
2021,OK,HB 2108,HB2108,LGBTQ Equality Bills | Allowing updated gender markers on ID,supportive,aclu,Introduced,Referred for second reading,2021-02-02,,,1
2021,SC,HB 3477,H3477,Anti-Trans bills | Prohibiting heathcare for transgender youth,harmful,aclu,Introduced,Read for first time: Referred to committee,2021-01-12,,,1
2021,SC,HB 4047,H4047,Anti-Trans bills | Prohibiting heathcare for transgender youth,harmful,aclu,Introduced,Referred to committee,2021-03-09,,,1
2021,SC,SB 531,S531,Anti-Trans bills | Excluding transgender youth from athletics,harmful,aclu,Introduced,Referred to committee,2021-02-09,,,1
2021,OK,SB 2,SB2,Anti-Trans bills | Excluding transgender youth from athletics,harmful,aclu,Introduced,Passed in House,2021-04-20,,,1
2021,NC,SB 514,S514,Anti-Trans bills | Prohibiting heathcare for transgender youth,harmful,aclu,Introduced,Read for first time: Referred to committee,2021-04-06,,,1
2021,TX,HB 1251,HB1251,Anti-Trans bills | Excluding transgender youth from athletics,harmful,aclu,Introduced,Died in committee,2020-03-12,,,1
2021,TX,SB 373,SB373,Anti-Trans bills | Excluding transgender youth from athletics,harmful,aclu,Introduced,Referred to committee,2021-03-09,,,1
2021,WV,HB 3292,HB3292,Anti-Trans bills | Excluding transgender youth from athletics,harmful,aclu,Introduced,Signed by Governor,2021-04-28,,,1
2021,CT,SB 324,SB00324,Anti-Trans bills | Excluding transgender youth from athletics,harmful,aclu,Introduced,Referred to committee,2021-01-25,,,1
2021,CT,HB 6128,HB06128,Anti-Trans bills | Excluding transgender youth from athletics,harmful,aclu,Introduced,Referred to committee,2021-01-29,,,1
2021,CT,HB 5934,HB05934,LGBTQ Equality Bills | Sex work decriminalization bills,supportive,aclu,Introduced,Referred to committee,2021-01-28,,,1
2021,HI,HB 1304,HB1304,Anti-Trans bills | Excluding transgender youth from athletics,harmful,aclu,Introduced,Referred to committee,2021-02-02,,,1
2021,ME,HP 682,HP682,Anti-Trans bills | Excluding transgender youth from athletics,harmful,aclu,Introduced,Died,2021-07-19,,,1
2021,MI,SB 218,SB218,Anti-Trans bills | Excluding transgender youth from athletics,harmful,aclu,Introduced,Referred to committee,2021-03-10,,,1
2021,WV,HB 2171,HB2171,Anti-Trans bills | Prohibiting heathcare for transgender youth,harmful,aclu,Introduced,Referred to committee,2021-02-10,,,1
2021,UT,HB 11,HB11,Anti-Trans bills | Excluding transgender youth from athletics,harmful,aclu,Introduced,Prefiled,2021-12-13,,,1
2021,UT,HB 302,HB302,Anti-Trans bills | Excluding transgender youth from athletics,harmful,aclu,Introduced,Died,2021-03-05,,,1
2021,TX,HB 1458,HB1458,Anti-Trans bills | Excluding transgender youth from athletics,harmful,aclu,Introduced,Referred to committee,2021-03-05,,,1
2021,TX,HB 3455,HB3455,Anti-Trans bills | Excluding transgender youth from athletics,harmful,aclu,Introduced,Referred to committee,2021-03-22,,,1
2021,TX,HB 4042,HB4042,Anti-Trans bills | Excluding transgender youth from athletics,harmful,aclu,Introduced,Left pending in committee,2021-04-20,,,1
2021,TX,HB 4043,HB4043,Anti-Trans bills | Excluding transgender youth from athletics,harmful,aclu,Introduced,Referred to committee,2021-03-29,,,1
2021,TX,HB 90,HB90,Anti-Trans bills | Excluding transgender youth from athletics,harmful,aclu,Introduced,Filed 1st Special Session; died,2021-08-06,,,1
2021,TX,HB 10,HB10,Anti-Trans bills | Excluding transgender youth from athletics,harmful,aclu,Introduced,Filed 3rd Special Session; referred to committee,2021-09-27,,,1
2021,TX,HB 25,HB25,Anti-Trans bills | Excluding transgender youth from athletics,harmful,aclu,Introduced,Signed by Governor,2021-10-25,,,1
2021,TX,SB 29,SB29,Anti-Trans bills | Excluding transgender youth from athletics,harmful,aclu,Introduced,Read for the second time in House,2021-05-25,,,1
2021,TX,HB 1424,HB1424,Religious exemptions | Religious Exemptions in Healthcare Implicating LGBTQ People,harmful,aclu,Introduced,Placed on general state calendar,2021-05-13,,,1
2021,TX,SB 17,SB17,Religious exemptions | Religious Exemptions in Healthcare Implicating LGBTQ People,harmful,aclu,Introduced,Introduced 1st special session,2021-07-07,,,1
2021,TX,SB 233,SB233,LGBTQ Equality Bills | Nondiscrimination protections,supportive,aclu,Introduced,Referred to committee,2021-03-03,,,1
2021,TX,HB 188,HB188,LGBTQ Equality Bills | Nondiscrimination protections,supportive,aclu,Introduced,Referred to committee,2021-02-25,,,1
2021,TX,HB 191,HB191,LGBTQ Equality Bills | Nondiscrimination protections,supportive,aclu,Introduced,Placed on general state calendar,2021-05-13,,,1
2021,TX,SB 210,SB210,LGBTQ Equality Bills | Allowing updated gender markers on ID,supportive,aclu,Introduced,Read for first time; Referred to committee,2021-03-03,,,1
2021,TX,HB 338,HB338,LGBTQ Equality Bills | Allowing updated gender markers on ID,supportive,aclu,Introduced,Read for first time; Referred to committee,2021-02-25,,,1
2021,UT,HB 92,HB92,Anti-Trans bills | Prohibiting heathcare for transgender youth,harmful,aclu,Introduced,Died,2021-03-05,,,1
2021,TX,SB 1674,SB1674,Religious exemptions | Religious Exemptions in Healthcare Implicating LGBTQ People,harmful,aclu,Introduced,Referred to committee,2021-03-24,,,1
2021,MN,HF 350,HF350,Anti-Trans bills | Excluding transgender youth from athletics,harmful,aclu,Introduced,Referred to committee,2021-01-28,,,1
2021,MT,SB 245,SB245,Religious exemptions | Religious Exemptions in Healthcare Implicating LGBTQ People,harmful,aclu,Introduced,Died in process,2021-04-29,,,1
2021,MT,SB 215,SB215,Religious exemptions |  Religious Freedom Restoration Acts (RFRAs),harmful,aclu,Introduced,Signed by Governor,2021-04-22,,,1
2021,AZ,HB 2652,HB2652,LGBTQ Equality Bills | Other good bills,supportive,aclu,Introduced,Read for the first time,2021-05-24,,,1
2021,FL,HB 935,H0935,Anti-Trans bills | Prohibiting heathcare for transgender youth,harmful,aclu,Introduced,Died in subcommittee,2021-04-30,,,1
2021,FL,HB 211,H0211,Anti-Trans bills | Prohibiting heathcare for transgender youth,harmful,aclu,Introduced,Prefiled for 2022; referred to committee,2021-10-06,,,1
2021,FL,HB 1475,H1475,Anti-Trans bills | Excluding transgender youth from athletics,harmful,aclu,Introduced,Died in committee,2021-04-30,,,1
2021,FL,SB 2012,S2012,Anti-Trans bills | Excluding transgender youth from athletics,harmful,aclu,Introduced,Died in committee,2021-04-30,,,1
2021,GA,HB 401,HB401,Anti-Trans bills | Prohibiting heathcare for transgender youth,harmful,aclu,Introduced,Read for the second time,2021-02-16,,,1
2021,GA,HB 276,HB276,Anti-Trans bills | Excluding transgender youth from athletics,harmful,aclu,Introduced,Read for the second time,2021-02-08,,,1
2021,GA,HB 372,HB372,Anti-Trans bills | Excluding transgender youth from athletics,harmful,aclu,Introduced,Read for the second time,2021-02-22,,,1
2021,GA,SB 266,SB266,Anti-Trans bills | Excluding transgender youth from athletics,harmful,aclu,Introduced,Read for the second time,2021-03-05,,,1
2021,IA,HF 193,HF193,Anti-Trans bills | Prohibiting heathcare for transgender youth,harmful,aclu,Introduced,Referred to committee,2021-01-22,,,1
2021,IA,HF 183,HF183,Anti-Trans bills | Excluding transgender youth from athletics,harmful,aclu,Introduced,Referred to committee,2021-01-22,,,1
2021,AZ,SB 1163,SB1163,LGBTQ Equality Bills | Allowing updated gender markers on ID,supportive,aclu,Introduced,Read second time,2021-01-19,,,1
2021,AZ,HB 2710,HB2710,Other Anti-Trans Bills,harmful,aclu,Introduced,Died,2021-10-15,,,1
2021,AZ,SB 1637,SB1637,Anti-Trans bills | Excluding transgender youth from athletics,harmful,aclu,Introduced,Read for the first time,2021-06-30,,,1
2021,AL,HB 1,HB1,Anti-Trans bills | Prohibiting heathcare for transgender youth,harmful,aclu,Introduced,Indefinitely postponed,2021-05-06,,,1
2021,AL,SB 5,SB5,Anti-Trans bills | Prohibiting heathcare for transgender youth,harmful,aclu,Introduced,Prefiled for 2022,2022-01-11,,,1
2021,AL,HB 391,HB391,Anti-Trans bills | Excluding transgender youth from athletics,harmful,aclu,Introduced,Signed by Governor,,,,1
2021,AR,SB 347,SB347,Anti-Trans bills | Prohibiting heathcare for transgender youth,harmful,aclu,Introduced,Died in committee,2021-10-15,,,1
2021,AR,HB 1570,HB1570,Anti-Trans bills | Prohibiting heathcare for transgender youth,harmful,aclu,Introduced,Signed into law,2021-04-13,,,1
2021,AR,HB 1882,HB1882,Anti-Trans bills | Single-Sex Facility Restrictions,harmful,aclu,Introduced,Died,2021-10-15,,,1
2021,AR,HB 1905,HB1905,Anti-Trans bills | Single-Sex Facility Restrictions,harmful,aclu,Introduced,Referred to committee,2021-04-12,,,1
2021,AR,SJR 16,SJR16,Anti-Trans bills | Excluding transgender youth from athletics,harmful,aclu,Introduced,Died,2021-10-15,,,1
2021,AR,SB 450,SB450,Anti-Trans bills | Excluding transgender youth from athletics,harmful,aclu,Introduced,Signed by Governor,2021-04-29,,,1
2021,AR,HB 1749,HB1749,Other Anti-Trans Bills,harmful,aclu,Introduced,Died,2021-10-15,,,1
2021,AR,HJR 1024,HJR1024,Religious exemptions |  Religious Freedom Restoration Acts (RFRAs),harmful,aclu,Introduced,Postponed indefinitely by committee,2021-10-15,,,1
2021,AR,SJR 14,SJR14,Religious exemptions |  Religious Freedom Restoration Acts (RFRAs),harmful,aclu,Introduced,Reviewed by Governor,2021-04-30,,,1
2021,AR,SB 289,SB289,Religious exemptions | Religious Exemptions in Healthcare Implicating LGBTQ People,harmful,aclu,Introduced,Signed by Governor,2021-03-29,,,1
2021,AR,SB 389,SB389,Other Anti-LGBTQ Bills,harmful,aclu,Introduced,Delivered to Governor,2021-04-01,,,1
2021,AZ,SB 1511,SB1511,Anti-Trans bills | Prohibiting heathcare for transgender youth,harmful,aclu,Introduced,Read second time,2021-02-20,,,1
2021,AR,SB 354,SB354,Anti-Trans bills | Excluding transgender youth from athletics,harmful,aclu,Introduced,Signed by Governor,2021-03-29,,,1
2021,MT,HB 112,HB112,Anti-Trans bills | Excluding transgender youth from athletics,harmful,aclu,Introduced,Signed by Governor,2021-05-07,,,1
2021,IN,SB 224,SB224,Anti-Trans bills | Prohibiting heathcare for transgender youth,harmful,aclu,Introduced,Died in committee,2021-02-23,,,1
2021,IN,SB 288,SB288,Other anti-LGBTQ bills,harmful,aclu,Introduced,Read for the second time,2021-02-22,,,1
2021,MO,SB 740,SB740,Anti-Trans bills | Excluding transgender youth from athletics,harmful,aclu,Introduced,Prefiled,2021-12-01,,,1
2021,MO,HB 645,HB645,Anti-Trans bills | other school or curriculum restrictions,harmful,aclu,Introduced,Prefiled,2021-12-01,,,1
2021,MO,SB 332,SB332,Religious exemptions |  Religious Exemptions in Schools and Student Organizations,harmful,aclu,Introduced,Read for second time; referred to committee,2021-02-04,,,1
2021,MO,HB 786,HB786,Other anti-LGBTQ bills,harmful,aclu,Introduced,Referred to committee,2021-03-04,,,1
2021,MO,HB 1693,HB1693,Other anti-LGBTQ bills,harmful,aclu,Introduced,Prefiled,2021-12-01,,,1
2021,MS,SB 2171,SB2171,Anti-Trans bills | Prohibiting heathcare for transgender youth,harmful,aclu,Introduced,Died in committee,2021-02-02,,,1
2021,MS,SB 2089,SB2089,LGBTQ Equality Bills | Nondiscrimination protections,supportive,aclu,Introduced,Died in committee,2021-02-02,,,1
2021,MS,HB 806,HB806,LGBTQ Equality Bills | Nondiscrimination protections,supportive,aclu,Introduced,Died in committee,2021-02-02,,,1
2021,MS,HB 807,HB807,LGBTQ Equality Bills | Nondiscrimination protections,supportive,aclu,Introduced,Died in committee,2021-02-02,,,1
2021,MS,SB 2536,SB2536,Anti-Trans bills | Excluding transgender youth from athletics,harmful,aclu,Introduced,Approved by Governor,2021-03-11,,,1
2021,MT,HB 113,HB113,Anti-Trans bills | Prohibiting heathcare for transgender youth,harmful,aclu,Introduced,Died,2021-04-29,,,1
2021,MT,LC 2997/ SB 280,LC2997,Anti-Trans bills | Restrictions on Identification Documents,harmful,aclu,Introduced,Signed by Governor,2021-04-30,,,1
2021,MO,SB 9,SB9,Anti-Trans bills | Excluding transgender youth from athletics,harmful,aclu,Introduced,Read for second time; referred to committee,2021-06-26,,,1
2021,MO,SB 503,SB503,Anti-Trans bills | Excluding transgender youth from athletics,harmful,aclu,Introduced,Read for second time; referred to committee,2021-03-04,,,1
2021,MO,HJR 56,HJR56,Anti-Trans bills | Excluding transgender youth from athletics,harmful,aclu,Introduced,Referred to committee,2021-02-18,,,1
2021,MO,HB 1077,HB1077,Anti-Trans bills | Excluding transgender youth from athletics,harmful,aclu,Introduced,Referred to committee,2021-02-18,,,1
2021,IN,SB 289,SB289,Other anti-LGBTQ bills,harmful,aclu,Introduced,Referred to committee,2021-01-11,,,1
2021,KS,HB 2210,HB2210,Anti-Trans bills | Prohibiting heathcare for transgender youth,harmful,aclu,Introduced,Referred to committee,2021-02-03,,,1
2021,KS,SB 208,SB208,Anti-Trans bills | Excluding transgender youth from athletics,harmful,aclu,Introduced,Postponed until 2022,,,,1
2021,KY,HB 336,HB336,Anti-Trans bills | Prohibiting heathcare for transgender youth,harmful,aclu,Introduced,Died,2021-04-02,,,1
2021,KY,HB 477,HB477,Anti-Trans bills | Prohibiting heathcare for transgender youth,harmful,aclu,Introduced,Died,2021-04-02,,,1
2021,KY,SB 83,SB83,Religious exemptions | Religious Exemptions in Healthcare Implicating LGBTQ People,harmful,aclu,Introduced,Died,2021-04-02,,,1
2021,KY,HB 524,HB524,Religious exemptions | Religious Exemptions in Adoption & Foster Care,harmful,aclu,Introduced,Died,2021-04-02,,,1
2021,IN,HB 1503,HB1503,Religious exemptions |  Religious Freedom Restoration Acts (RFRAs),harmful,aclu,Introduced,Died in committee,2021-02-23,,,1
2021,KY,SB 106,SB106,Anti-Trans bills | Excluding transgender youth from athletics,harmful,aclu,Defeated,Died,2021-04-02,,,6
2021,KY,HB 130,HB130,LGBTQ Equality Bills | Nondiscrimination protections,supportive,aclu,Defeated,Died,2021-04-02,,,6
2021,KY,HB 116,HB116,LGBTQ Equality Bills | Nondiscrimination protections,supportive,aclu,Defeated,Died,2021-04-02,,,6
2021,LA,HB 575,HB575,Anti-Trans bills | Prohibiting heathcare for transgender youth,harmful,aclu,Defeated,Referred to committee,2021-04-12,,,6
2021,LA,SB 104,SB104,Anti-Trans bills | Prohibiting heathcare for transgender youth,harmful,aclu,Introduced,Referred to committee,2021-04-12,,,1
2021,LA,HB 542,HB542,Anti-Trans bills | Excluding transgender youth from athletics,harmful,aclu,Introduced,Referred to committee,2021-04-12,,,1
2021,LA,SB 156,SB156,Anti-Trans bills | Excluding transgender youth from athletics,harmful,aclu,Introduced,House failed to override the Governor’s veto,2021-07-21,,,1
2021,MO,HB 33,HB33,Anti-Trans bills | Prohibiting heathcare for transgender youth,harmful,aclu,Introduced,Motion to pass failed,2021-05-12,,,1
2021,KY,HB 471,HB471,Anti-Trans bills | Excluding transgender youth from athletics,harmful,aclu,Defeated,Died,2021-04-02,,,6
2021,MN,HF 352,HF352,Anti-Trans bills | Excluding transgender youth from athletics,harmful,aclu,Introduced,Referred to committee,2021-01-28,,,1
2021,MN,HF 1657,HF1657,Anti-Trans bills | Excluding transgender youth from athletics,harmful,aclu,Introduced,Referred to committee,2021-02-25,,,1
2021,ND,HB 1298,HB1298,Anti-Trans bills | Excluding transgender youth from athletics,harmful,aclu,Introduced,Filed with Secretary of State,2021-04-27,,,1
2022,GA,SB 435,SB435,Excluding transgender youth from athletics,harmful,aclu,Dead,,2022-04-04,,,6
2022,IA,HF 184,HF184,Excluding transgender youth from athletics,harmful,aclu,Dead,,2022-05-24,,,6
2022,IA,HF 2309,HF2309,Excluding transgender youth from athletics,harmful,aclu,Withdrawn,,2022-02-21,,,6
2022,IA,HF 2416,HF2416,Excluding transgender youth from athletics,harmful,aclu,Signed by Governor,,2022-03-03,,,4
2022,KS,SB 484,SB484,Excluding transgender youth from athletics,harmful,aclu,Died in committee,,2022-05-23,,,6
2022,KY,HB 23,HB23,Excluding transgender youth from athletics,harmful,aclu,Dead,,2022-04-14,,,6
2022,KY,HB 247,HB247,Excluding transgender youth from athletics,harmful,aclu,Dead,,2022-04-14,,,6
2022,LA,SB 44,SB44,Excluding transgender youth from athletics,harmful,aclu,Became an act without Governor's signature,,2022-06-06,,,4
2022,MD,HB 0757,HB757,Excluding transgender youth from athletics,harmful,aclu,Dead,,2022-04-11,,,6
2022,DE,SB 346,SB346,Excluding transgender youth from athletics,harmful,aclu,Dead,,2022-07-25,,,6
2022,WI,SB 915,SB915,Anti-Trans,harmful,aclu,Failed to pass,,2022-03-15,,,6
2022,WI,AB 977,AB977,Anti-Trans,harmful,aclu,Failed to pass,,2022-03-15,,,6
2022,AL,HB 322,HB322,Single-Sex Facility Restrictions,harmful,aclu,Delievered to Governor,,2022-04-07,,,2
2022,AL,HR 83,HR83,Single-Sex Facility Restrictions,harmful,aclu,Motion to adopt adopted,,2022-02-22,,,4
2022,MN,HF 3843,HF3843,Single-Sex Facility Restrictions,harmful,aclu,Dead,,2022-05-23,,,6
2022,MS,SB 2679,SB2679,Single-Sex Facility Restrictions,harmful,aclu,Died in committee,,2022-02-01,,,6
2022,OK,SB 1164,SB1164,Single-Sex Facility Restrictions,harmful,aclu,Dead,,2022-05-27,,,6
2022,SD,HB 1005,HB1005,Single-Sex Facility Restrictions,harmful,aclu,Dead,,2022-03-28,,,6
2022,VA,HB 1126,HB1126,Single-Sex Facility Restrictions,harmful,aclu,Dead,,2022-03-12,,,6
2022,AK,HB 230,HB230,Excluding transgender youth from athletics,harmful,aclu,Dead,,2022-05-18,,,6
2022,AZ,SB 1046,SB1046,Excluding transgender youth from athletics,harmful,aclu,Dead,,2022-06-25,,,6
2022,AZ,SB 1165,SB1165,Excluding transgender youth from athletics,harmful,aclu,Signed by Governor,,2022-03-30,,,4
2022,DE,SB 227,SB227,Excluding transgender youth from athletics,harmful,aclu,Dead,,2022-06-30,,,6
2022,OK,SB 1249,SB1249,Single-Sex Facility Restrictions,harmful,aclu,Dead,,2022-05-27,,,6
2022,UT,HB 0127,HB127,Anti-Trans,harmful,aclu,Dead,,2022-03-04,,,6
2022,SD,HB 1006,HB1006,Excluding transgender youth from athletics,harmful,aclu,Withdrawn,,2022-02-07,,,6
2022,SD,SB 46,SB46,Excluding transgender youth from athletics,harmful,aclu,Signed by Governor,,2022-02-03,,,4
2022,TN,HB 1894,HB1894,Excluding transgender youth from athletics,harmful,aclu,Withdrawn from subcomittee,,2022-01-31,,,6
2022,TN,SB 1862,SB1862,Excluding transgender youth from athletics,harmful,aclu,Dead,,2022-04-28,,,6
2022,TN,SB 2153,SB2153,Excluding transgender youth from athletics,harmful,aclu,Signed by Governor,,2022-05-06,,,4
2022,TN,HB 2316,HB2316,Excluding transgender youth from athletics,harmful,aclu,Companion bill substituted,,2022-04-25,,,6
2022,TN,HB 1895,HB1895,Excluding transgender youth from athletics,harmful,aclu,Signed by Governor,,2022-04-22,,,4
2022,TN,SB 1861,SB1861,Excluding transgender youth from athletics,harmful,aclu,Companion house bill substitued,,2022-04-11,,,6
2022,UT,HB 3002,HB3002,Excluding transgender youth from athletics,harmful,aclu,Dead,,2022-03-04,,,6
2022,VA,SB 766,SB766,Excluding transgender youth from athletics,harmful,aclu,Dead,,2022-03-12,,,6
2022,WI,AB 195,AB195,Excluding transgender youth from athletics,harmful,aclu,Failed to concur,,2022-03-15,,,6
2022,WI,SB 323,SB323,Excluding transgender youth from athletics,harmful,aclu,Failed to pass,,2022-03-15,,,6
2022,RI,S 2501,S2501,Excluding transgender youth from athletics,harmful,aclu,Dead,,2022-06-23,,,6
2022,PA,HB 972,HB972,Excluding transgender youth from athletics,harmful,aclu,Vetoed by Governor,,2022-07-08,,,5
2022,OK,HB 4245,HB4245,Excluding transgender youth from athletics,harmful,aclu,Dead,,2022-05-27,,,6
2022,MO,HB 2461,HB2461,Excluding transgender youth from athletics,harmful,aclu,Dead,,2022-05-13,,,6
2022,MO,HB 2735,HB2735,Excluding transgender youth from athletics,harmful,aclu,Dead,,2022-05-13,,,6
2022,MO,HB 2734,HB2734,Excluding transgender youth from athletics,harmful,aclu,Dead,,2022-05-13,,,6
2022,MO,HB 2140,HB2140,Excluding transgender youth from athletics,harmful,aclu,Dead,,2022-05-13,,,6
2022,MO,SB 781,SB781,Excluding transgender youth from athletics,harmful,aclu,Dead,,2022-05-13,,,6
2022,MS,SB 2111,SB2111,Excluding transgender youth from athletics,harmful,aclu,Died in committee,,2022-02-01,,,6
2022,MN,HF 4282,HF4282,Excluding transgender youth from athletics,harmful,aclu,Dead,,2022-03-12,,,6
2022,MS,SB 2310,SB2310,Excluding transgender youth from athletics,harmful,aclu,Died in committee,,2022-02-01,,,6
2022,NJ,A 1630,A1630,Excluding transgender youth from athletics,harmful,aclu,Introduced and Referred to Committee,,2022-01-11,,,1
2022,NJ,S 589,S589,Excluding transgender youth from athletics,harmful,aclu,Introduced and Referred to Committee,,2022-01-11,,,1
2022,NH,HB 198,HB198,Excluding transgender youth from athletics,harmful,aclu,Dead,,2022-05-26,,,6
2022,TN,SB 2696,SB2696,Anti-Trans,harmful,aclu,Dead,,2022-04-28,,,6
2022,TN,HB 2835,HB2835,Anti-Trans,harmful,aclu,Dead,,2022-04-28,,,6
2021,WY,HB 264,HB264,Religious exemptions |  Religious Freedom Restoration Acts (RFRAs),harmful,aclu,Introduced,Did not consider for introduction,2021-03-08,,,1
2021,MD,HD 3468,HD3468,Other religious exemption bills,harmful,aclu,Introduced,Referred to committee in House; concurred in Senate,2021-03-29,,,1
2021,ID,SB 1030,S1030,LGBTQ Equality Bills | Nondiscrimination protections,supportive,aclu,Introduced,Referred to committee,2021-01-25,,,1
2021,WA,SB 5313,SB5313,LGBTQ Equality Bills | Protections in healthcare,supportive,aclu,Introduced,Signed by Governor,2021-01-27,,,1
2021,CA,AB 218,AB218,LGBTQ Equality Bills | Allowing updated gender markers on ID,supportive,aclu,Introduced,Enrolled and presented to Governor,2021-09-17,,,1
2021,CA,AB 439,AB439,LGBTQ Equality Bills | Allowing updated gender markers on ID,supportive,aclu,Introduced,Approved by Governor,2021-07-09,,,1
2021,CA,AB 1094,AB1094,LGBTQ Equality Bills | Other good bills,supportive,aclu,Introduced,Approved by the governor,2021-09-16,,,1
2021,NY,A 691,A691,LGBTQ Equality Bills | Other good bills,supportive,aclu,Introduced,Referred to committee,2021-01-06,,,1
2021,ND,HB 1476,HB1476,Other Anti-Trans Bills,harmful,aclu,Introduced,Withdrawn from further consideration,2021-01-21,,,1
2021,NH,HB 440,HB440,Religious exemptions |  Religious Freedom Restoration Acts (RFRAs),harmful,aclu,Introduced,Referred to committee,2021-05-25,,,1
2021,NH,HB 295,HB295,LGBTQ Equality Bills | Allowing updated gender markers on ID,supportive,aclu,Introduced,Heard on floor,2021-04-07,,,1
2021,NJ,S 3540,S3540,Anti-Trans bills | Excluding transgender youth from athletics,harmful,aclu,Introduced,Referred to committee,2021-03-11,,,1
2021,NM,HB 304,HB304,Anti-Trans bills | Excluding transgender youth from athletics,harmful,aclu,Introduced,Referred to committee,2021-02-18,,,1
2021,NM,SB 323,SB323,Religious exemptions | Religious Exemptions in Healthcare Implicating LGBTQ People,harmful,aclu,Introduced,Referred to committee,2021-02-01,,,1
2021,NY,S 28778,S28778,LGBTQ Equality Bills | Sex work decriminalization bills,supportive,aclu,Introduced,Referred to committee,2021-01-26,,,1
2021,NE,LB 231,LB231,LGBTQ Equality Bills | Other good bills,supportive,aclu,Introduced,Active,2022-01-05,,,1
2021,SD,HB 1217,HB1217,Anti-Trans bills | Excluding transgender youth from athletics,harmful,aclu,Introduced,Veto override failed,2021-03-29,,,1
2021,SD,HB 1076,HB1076,Anti-Trans bills | Restrictions on Identification Documents,harmful,aclu,Introduced,Died in committee,2021-02-05,,,1
2021,SD,HB 1247,HB1247,Religious exemptions | Religious Exemptions in Healthcare Implicating LGBTQ People,harmful,aclu,Introduced,Committee vote failed,2021-02-24,,,1
2021,SD,SB 124,SB124,Religious exemptions |  Religious Freedom Restoration Acts (RFRAs),harmful,aclu,Introduced,Signed by Governor,2021-03-10,,,1
2021,NY,S 4402,S4402,LGBTQ Equality Bills | Allowing updated gender markers on ID,supportive,aclu,Introduced,Signed by Governor,2021-06-25,,,1
2021,MA,HB 153,H153,LGBTQ Equality Bills | Allowing updated gender markers on ID,supportive,aclu,Introduced,Concurred in Senate,2021-03-29,,,1
2022,MI,HB 6454,HB6454,Anti-Trans,harmful,aclu,Introduced and Referred to Committee,,2022-10-11,,,1
2022,MO,HB 2649,HB2649,Anti-Trans,harmful,aclu,Dead,,2022-05-13,,,6
2022,MO,SB 22,SB22,Anti-Trans,harmful,aclu,Dead,,2022-10-04,,,6
2022,MO,SB 843,SB843,Anti-Trans,harmful,aclu,Dead,,2022-05-13,,,6
2022,MS,SB 2728,SB2728,Anti-Trans,harmful,aclu,Died in committee,,2022-02-01,,,6
2022,MS,HB 1147,HB1147,Anti-Trans,harmful,aclu,Died in committee,,2022-02-01,,,6
2022,LA,HR 158,HR158,Anti-Trans,harmful,aclu,Dead,,2022-06-06,,,6
2022,NJ,S 3076,S3076,Anti-Trans,harmful,aclu,Introduced and Referred to Committee,,2022-09-29,,,1
2022,OH,HB 616,HB616,Anti-Trans,harmful,aclu,Referred to committee,,2022-05-17,,,1
2022,OK,HB 3240,HB3240,Anti-Trans,harmful,aclu,Dead,,2022-05-27,,,6
2022,NH,HB 1651,HB1651,Anti-Trans,harmful,aclu,Dead,,2022-05-26,,,6
2022,LA,HB 570,HB570,Anti-Trans,harmful,aclu,Dead,,2022-06-06,,,6
2022,KY,HB 253,HB253,Anti-Trans,harmful,aclu,Dead,,2022-04-14,,,6
2022,AL,HB 150,HB150,Anti-Trans,harmful,aclu,Dead,,2022-04-07,,,6
2022,AL,SB 184,SB184,Anti-Trans,harmful,aclu,Delivered to Governor,,2022-04-07,,,2
2022,AL,HB 266,HB266,Anti-Trans,harmful,aclu,Dead,,2022-04-07,,,6
2022,AZ,SB 1045,SB1045,Anti-Trans,harmful,aclu,Dead,,2022-06-25,,,6
2022,AZ,HB 2608,HB2608,Anti-Trans,harmful,aclu,Dead,,2022-06-25,,,6
2022,AZ,SB 1138,SB1138,Anti-Trans,harmful,aclu,Signed by Governor,,2022-03-30,,,4
2022,KY,SB 84,SB84,Anti-Trans,harmful,aclu,Dead,,2022-04-14,,,6
2022,AZ,SB 1130,SB1130,Anti-Trans,harmful,aclu,Dead,,2022-06-25,,,6
2022,ID,H 675,H675,Anti-Trans,harmful,aclu,Dead,,2022-03-31,,,6
2022,IN,HB 1121,HB1121,Anti-Trans,harmful,aclu,Dead,,2022-03-14,,,6
2022,IN,SB 34,SB34,Anti-Trans,harmful,aclu,Dead,,2022-03-14,,,6
2022,KS,SB 214,SB214,Anti-Trans,harmful,aclu,Dead,,2022-05-23,,,6
2022,IA,SF 2024,SF2024,Other school or curriculum restrictions,harmful,aclu,Dead,,2022-05-24,,,6
2024,NH,H.B.1356,HB1356,Forced outing in schools | Other school restrictions | Religious exemptions | Restricting student & educator rights | Weakening Civil Rights Laws,harmful,aclu,Defeated,Inexpedient to legislate,2024-03-07,,,6
2024,NH,H.B.1312,HB1312,Other anti-LGBTQ bills,harmful,aclu,Passed into Law,Governor signed,2024-07-19,,,4
2024,NH,H.B.1205,HB1205,Restricting student & educator rights | School sports bans,harmful,aclu,Passed into Law,Governor signed,2024-07-19,,,4
2024,ID,H.567,H567,Curriculum censorship | Restricting student & educator rights,harmful,aclu,Defeated,Legislative session ended,2024-04-10,,,6
2024,MS,S.B. 2722,SB2722,Restricting student & educator rights | School facilities bans,harmful,aclu,Defeated,Died in committee,2024-03-05,,,6
2024,MS,H.B. 1521,HB1521,Restricting student & educator rights | School facilities bans,harmful,aclu,Defeated,Died in committee,2024-03-05,,,6
2024,NH,S.B.524,SB524,Restricting student & educator rights | School sports bans,harmful,aclu,Defeated,Legislative session ended,2024-06-13,,,6
2024,NH,S.B.341,SB341,Forced outing in schools | Restricting student & educator rights,harmful,aclu,Defeated,Legislative session ended,2024-06-13,,,6
2024,LA,H.B.122,HB122,Curriculum censorship | Other school restrictions | Restricting student & educator rights,harmful,aclu,Passed into Law,Governor signed,2024-06-19,,,4
2024,LA,H.B.121,HB121,Other school restrictions | Religious exemptions | Restricting student & educator rights | Weakening Civil Rights Laws,harmful,aclu,Passed into Law,Governor signed,2024-06-19,,,4
2024,MI,H.B.5831,HB5831,Other anti-LGBTQ bills,harmful,aclu,Defeated,Legislative session ended,2024-12-31,,,6
2024,DE,S.B. 191,SB191,Restricting student & educator rights | School sports bans,harmful,aclu,Defeated,Legislative session ended,2024-06-30,,,6
2024,OK,S.B.202,SB202,Other civil rights restrictions | Re-definition of sex | Weakening Civil Rights Laws,harmful,aclu,Defeated,Failed to meet Senate deadline,2024-02-29,,,6
2024,WV,S.B.197,SB197,Drag bans | Free speech & expression bans |,harmful,aclu,Defeated,Legislative session ended,2024-03-09,,,6
2024,WV,S.B.195,SB195,Drag bans | Free speech & expression bans |,harmful,aclu,Defeated,Legislative session ended,2024-03-09,,,6
2024,WA,H.B. 1601,HB1601,Other school restrictions | Restricting student & educator rights,harmful,aclu,Defeated,Legislative session ended,2024-03-07,,,6
2024,MO,H.B. 2300,HB2300,Drag bans | Free speech & expression bans |,harmful,aclu,Advancing,Referred to committee,2024-05-17,,,2
2024,MO,H.B. 1981,HB1981,Restricting student & educator rights | School sports bans,harmful,aclu,Advancing,Referred to committee,2024-05-17,,,2
2024,TN,H.B.2619,HB2619,Healthcare restrictions | Prison healthcare restrictions,harmful,aclu,Passed into Law,Companion bill passed into law,2024-04-29,,,4
2024,MS,H.B. 1647,HB1647,Other anti-LGBTQ bills,harmful,aclu,Passed into Law,Became act without Governor's signature,2024-05-14,,,4
2024,TN,H.B.2165,HB2165,Forced outing in schools | Restricting student & educator rights,harmful,aclu,Passed into Law,Companion bill passed into law,2024-05-09,,,4
2024,TN,S.B.2861,SB2861,Healthcare restrictions | Prison healthcare restrictions,harmful,aclu,Passed into Law,Governor signed,2024-04-29,,,4
2024,TN,S.B.1810,SB1810,Forced outing in schools | Restricting student & educator rights,harmful,aclu,Passed into Law,Governor signed,2024-05-01,,,4
2024,MO,H.B. 2619,HB2619,Other anti-LGBTQ bills,harmful,aclu,Defeated,Legislative session ended,2024-05-17,,,6
2024,IA,S.F.2435,SF2435,Other anti-LGBTQ bills,harmful,aclu,Passed into Law,Governor signed,2024-05-09,,,4
2024,AL,S.B.92,SB92,Re-definition of sex | Weakening Civil Rights Laws,harmful,aclu,Defeated,Legislative session ended,2024-05-09,,,6
2024,MO,H.B. 1405,HB1405,Forced outing in schools | Other school restrictions | Religious exemptions | Restricting student & educator rights | Weakening Civil Rights Laws,harmful,aclu,Advancing,Referred to committee,2024-05-17,,,2
2024,MO,H.B. 1849,HB1849,Drag bans | Free speech & expression bans |,harmful,aclu,Advancing,Referred to committee,2024-05-17,,,2
2024,MO,H.B. 1523,HB1523,Curriculum censorship | Forced outing in schools | Restricting student & educator rights,harmful,aclu,Advancing,Referred to committee,2024-05-17,,,2
2024,MO,H.B. 2885,HB2885,Other school restrictions | Restricting student & educator rights,harmful,aclu,Advancing,Referred to committee,2024-05-17,,,2
2024,WV,H.B.5616,HB5616,Healthcare restrictions | Other healthcare barriers,harmful,aclu,Defeated,Legislative session ended,2024-03-09,,,6
2024,WV,H.B.5615,HB5615,Healthcare restrictions | Other healthcare barriers,harmful,aclu,Defeated,Legislative session ended,2024-03-09,,,6
2024,MS,H.B. 1953,HB1953,Healthcare restrictions | Other healthcare barriers,harmful,aclu,Defeated,Died in committee,2024-04-16,,,6
2024,MO,H.B. 2830,HB2830,Healthcare restrictions | Other healthcare barriers,harmful,aclu,Defeated,Legislative session ended,2024-05-17,,,6
2024,TN,H.B.2936,HB2936,Forced outing in schools | Other anti-LGBTQ bills | Restricting student & educator rights,harmful,aclu,Passed into Law,Companion bill passed into law,2024-05-28,,,4
2024,TN,H.B.2310,HB2310,Healthcare age restrictions | Healthcare restrictions | Other healthcare barriers,harmful,aclu,Passed into Law,Companion bill passed into law,2024-05-28,,,4
2024,TN,S.B.2782,SB2782,Healthcare age restrictions | Healthcare restrictions | Other healthcare barriers,harmful,aclu,Passed into Law,Governor signed,2024-05-28,,,4
2024,AZ,S.B.1451,SB1451,Healthcare restrictions | Other healthcare barriers,harmful,aclu,Defeated,Legislative session ended,2024-06-15,,,6
2024,TN,S.B.2749,SB2749,Forced outing in schools | Other anti-LGBTQ bills | Restricting student & educator rights,harmful,aclu,Passed into Law,Governor signed,2024-05-28,,,4
2024,DE,S.B. 315,SB315,Healthcare age restrictions | Healthcare funding restrictions | Healthcare restrictions |,harmful,aclu,Defeated,Legislative session ended,2024-06-30,,,6
2024,LA,H.B.608,HB608,Other anti-LGBTQ bills | Re-definition of sex | Restricting student & educator rights | School facilities bans | Weakening Civil Rights Laws,harmful,aclu,Passed into Law,Governor signed,2024-06-03,,,4
2024,SC,H.B.4624,H4624,Forced outing in schools | Healthcare age restrictions | Healthcare funding restrictions | Healthcare restrictions | Restricting student & educator rights,harmful,aclu,Passed into Law,Governor signed,2024-05-21,,,4
2024,OK,S.B.1677,SB1677,Religious exemptions | Weakening Civil Rights Laws,harmful,aclu,Defeated,Legislative session ended,2024-05-30,,,6
2024,MO,H.B. 2145,HB2145,Restricting student & educator rights | School sports bans,harmful,aclu,Advancing,Referred to committee,2024-05-17,,,2
2024,MO,H.B. 1739,HB1739,Forced outing in schools | Other school restrictions | Restricting student & educator rights,harmful,aclu,Defeated,Legislative session ended,2024-05-29,,,6
2024,MO,H.B. 1789,HB1789,Other anti-LGBTQ bills,harmful,aclu,Advancing,Referred to committee,2024-05-17,,,2
2024,TN,H.B.1634,HB1634,Other school restrictions | Restricting student & educator rights,harmful,aclu,Passed into Law,Companion bill passed into law,2024-04-23,,,4
2023,MO,HB 463,HB463,Healthcare restrictions |,harmful,aclu,Defeated,Dead,2023-05-12,,,6
2023,MO,HB 540,HB540,Healthcare restrictions |,harmful,aclu,Defeated,Dead,2023-05-12,,,6
2023,MS,HB 1125,HB1125,Healthcare restrictions |,harmful,aclu,Passed into Law,Governor signed,2023-02-28,,,4
2023,MS,HB 1127,HB1127,Healthcare restrictions |,harmful,aclu,Defeated,Died in committee,2023-01-31,,,6
2023,MS,SB 2864,SB2864,Healthcare restrictions |,harmful,aclu,Defeated,Died in committee,2023-01-31,,,6
2024,FL,H.B. 1425,H1425,Other anti-LGBTQ bills,harmful,aclu,Passed into Law,Governor signed,2024-04-26,,,4
2023,MO,HB 419,HB419,Healthcare restrictions |,harmful,aclu,Defeated,Dead,2023-05-12,,,6
2023,MO,SB 236,SB236,Healthcare restrictions |,harmful,aclu,Defeated,Dead,2023-05-12,,,6
2023,MO,SB 164,SB164,Healthcare restrictions |,harmful,aclu,Defeated,Dead,2023-05-12,,,6
2023,MO,SB 49,SB49,Healthcare restrictions |,harmful,aclu,Passed into Law,Governor signed,2023-06-07,,,4
2023,OK,SB 613,SB613,Healthcare restrictions |,harmful,aclu,Passed into Law,Governor signed,2023-05-01,,,4
2023,MS,HB 576,HB576,Healthcare restrictions |,harmful,aclu,Defeated,Died in committee,2023-01-31,,,6
2023,MS,HB 456,HB456,Healthcare restrictions |,harmful,aclu,Defeated,Died in committee,2023-01-31,,,6
2023,SD,HB 1080,HB1080,Healthcare restrictions |,harmful,aclu,Passed into Law,Governor signed,2023-02-13,,,4
2023,UT,SB 100,SB100,Restricting student & educator rights,harmful,aclu,Passed into Law,Governor signed,2023-02-16,,,4
2023,UT,SB 93,SB93,Barriers to accurate IDs |,harmful,aclu,Passed into Law,Governor signed,2023-03-23,,,4
2023,NE,LB 574,LB574,Healthcare restrictions |,harmful,aclu,Passed into Law,Governor signed,2023-05-22,,,4
2023,TX,HB 319,HB319,Weakening Civil Rights Laws,harmful,aclu,Defeated,Dead,2023-05-29,,,6
2023,KY,HB 58,HB58,Weakening Civil Rights Laws,harmful,aclu,Defeated,Dead,2023-03-30,,,6
2023,TX,HB 1266,HB1266,Free speech & expression bans |,harmful,aclu,Defeated,Dead,2023-05-29,,,6
2023,AZ,SB 1026,SB1026,Free speech & expression bans |,harmful,aclu,Defeated,Governor vetoed,2023-06-16,,,6
2023,AZ,SB 1028,SB1028,Free speech & expression bans |,harmful,aclu,Defeated,Governor vetoed,2023-06-16,,,6
2023,MO,HB 192,HB192,Restricting student & educator rights | Weakening Civil Rights Laws,harmful,aclu,Defeated,Dead,2023-05-12,,,6
2023,TX,SB 393,SB393,Restricting student & educator rights,harmful,aclu,Defeated,Dead,2023-05-29,,,6
2023,KY,HB 120,HB120,Healthcare restrictions |,harmful,aclu,Defeated,Dead,2023-03-30,,,6
2023,OK,SB 404,SB404,Weakening Civil Rights Laws,harmful,aclu,Passed into Law,Governor signed,2023-05-02,,,4
2024,OK,S.B.455,SB455,Other anti-LGBTQ bills,harmful,aclu,Defeated,Failed to meet Senate deadline,2024-02-29,,,6
2024,OK,S.B.251,SB251,Re-definition of sex | Weakening Civil Rights Laws,harmful,aclu,Defeated,Failed to meet Senate deadline,2024-02-29,,,6
2024,NH,S.B.562,SB562,Other civil rights restrictions | Weakening Civil Rights Laws,harmful,aclu,Defeated,"Inexpedient to legislate, veto session",2024-10-10,,,6
2024,NH,H.B.1660,HB1660,Healthcare funding restrictions | Healthcare restrictions |,harmful,aclu,Defeated,"Inexpedient to legislate, veto session",2024-10-10,,,6
2024,PA,H.B.2157,HB2157,Healthcare restrictions | Other healthcare barriers,harmful,aclu,Defeated,Legislative session ended,2024-11-13,,,6
2024,PA,H.B.2421,HB2421,Healthcare age restrictions | Healthcare restrictions | Other healthcare barriers,harmful,aclu,Defeated,Legislative session ended,2024-11-13,,,6
2024,PA,H.B.2546,HB2546,Other anti-LGBTQ bills,harmful,aclu,Defeated,Legislative session ended,2024-11-13,,,6
2024,VA,S.J. 49,SJ49,Re-definition of sex | Weakening Civil Rights Laws,harmful,aclu,Defeated,Stricken in committee at request of Patron,2024-02-02,,,6
2024,OH,H.B.686,HB686,Other school restrictions | Restricting student & educator rights,harmful,aclu,Defeated,Legislative session ended,2024-12-19,,,6
2024,NH,H.B.1185,HB1185,Curriculum censorship | Restricting student & educator rights,harmful,aclu,Defeated,Executive Session Interim Study Report: Not Recommended for Future Legislation,2024-10-31,,,6
2024,NH,S.B.375,SB375,Restricting student & educator rights | School facilities bans | School sports bans,harmful,aclu,Defeated,Executive Session Interim Study Report: Not Recommended for Future Legislation,2024-10-31,,,6
2024,TN,S.B.2766,SB2766,Other school restrictions | Restricting student & educator rights,harmful,aclu,Passed into Law,Governor signed,2024-04-23,,,4
2024,WY,S.F.0009,SF9,Curriculum censorship | Restricting student & educator rights,harmful,aclu,Passed into Law,Governor signed,2024-03-05,,,4
2024,WV,S.B.601,SB601,Public accommodation bans | Re-definition of sex | Weakening Civil Rights Laws,harmful,aclu,Defeated,Legislative session ended,2024-03-09,,,6
2024,TN,H.B.2816,HB2816,Healthcare restrictions | Other healthcare barriers,harmful,aclu,Defeated,Legislative session ended,2024-04-25,,,6
2024,TN,S.B.2396,SB2396,Healthcare restrictions | Other healthcare barriers,harmful,aclu,Defeated,Legislative session ended,2024-04-25,,,6
2024,MS,S.B. 2118,SB2118,Other anti-LGBTQ bills,harmful,aclu,Defeated,Died in committee,2024-03-05,,,6
2024,MS,S.B. 2237,SB2237,Religious exemptions | Weakening Civil Rights Laws,harmful,aclu,Defeated,Died in committee,2024-03-05,,,6
2024,MS,H.B. 1358,HB1358,Re-definition of sex | Weakening Civil Rights Laws,harmful,aclu,Defeated,Died in committee,2024-03-05,,,6
2024,MS,S.B. 2553,SB2553,Forced outing in schools | Other school restrictions | Restricting student & educator rights,harmful,aclu,Defeated,Died in committee,2024-03-05,,,6
2024,MS,H.B. 1606,HB1606,Other anti-LGBTQ bills | Other school restrictions | Re-definition of sex | Restricting student & educator rights | Weakening Civil Rights Laws,harmful,aclu,Defeated,Died in committee,2024-03-05,,,6
2024,MS,S.B. 2080,SB2080,Healthcare age restrictions | Healthcare restrictions |,harmful,aclu,Defeated,Died in committee,2024-03-05,,,6
2024,MS,H.B. 1069,HB1069,Religious exemptions | Weakening Civil Rights Laws,harmful,aclu,Defeated,Died in committee,2024-03-05,,,6
2024,MS,S.B. 2814,SB2814,Re-definition of sex | Weakening Civil Rights Laws,harmful,aclu,Defeated,Died in committee,2024-03-05,,,6
2024,MS,S.B. 2812,SB2812,Re-definition of sex | Weakening Civil Rights Laws,harmful,aclu,Defeated,Died in committee,2024-03-05,,,6
2024,MS,H.B. 176,HB176,Forced outing in schools | Other school restrictions | Restricting student & educator rights,harmful,aclu,Defeated,Died in committee,2024-03-05,,,6
2024,WY,S.F.0130,SF130,Other anti-LGBTQ bills | Other school restrictions | Restricting student & educator rights,harmful,aclu,Defeated,Passed Senate; House did not consider for introduction and legislative session ended,2024-03-08,,,6
2024,WY,S.F.0094,SF94,Other anti-LGBTQ bills,harmful,aclu,Defeated,Senate passed; House did not consider for introduction and legislative session ended,2024-03-08,,,6
2024,WY,S.F.0098,SF98,Healthcare restrictions | Other healthcare barriers,harmful,aclu,Defeated,Senate passed; House did not consider for introduction and legislative session ended,2024-03-08,,,6
2024,IA,S.F.2263,SF2263,Other anti-LGBTQ bills,harmful,aclu,Defeated,Legislative session ended,2024-04-20,,,6
2024,KY,S.B.147,SB147,Drag bans | Free speech & expression bans |,harmful,aclu,Defeated,Legislative session ended,2024-04-15,,,6
2024,KY,H.B.47,HB47,Religious exemptions | Weakening Civil Rights Laws,harmful,aclu,Defeated,Legislative session ended,2024-04-15,,,6
2024,ID,H.578,H578,Religious exemptions | Weakening Civil Rights Laws,harmful,aclu,Passed into Law,Governor signed,2024-03-25,,,4
2024,ID,H.668,H668,Healthcare funding restrictions | Healthcare restrictions | Other healthcare barriers | Prison healthcare restrictions,harmful,aclu,Passed into Law,Governor signed,2024-03-27,,,4
2024,IA,S.F.2286,SF2286,Religious exemptions | Weakening Civil Rights Laws,harmful,aclu,Defeated,Legislative session ended,2024-04-20,,,6
2024,GA,H.B.1170,HB1170,Healthcare age restrictions | Healthcare restrictions |,harmful,aclu,Advancing,Passed House and Senate as substituted,2024-03-28,,,2
2024,AZ,S.B.1166,SB1166,Forced outing in schools | Religious exemptions | Restricting student & educator rights | Weakening Civil Rights Laws,harmful,aclu,Defeated,Legislative session ended,2024-06-15,,,6
2024,MS,S.B. 2029,SB2029,Healthcare funding restrictions | Healthcare restrictions |,harmful,aclu,Defeated,Died in committee,2024-03-05,,,6
2024,AL,S.B.129,SB129,Other anti-LGBTQ bills | Other school restrictions | Restricting student & educator rights,harmful,aclu,Passed into Law,Governor signed,2024-03-20,,,4
2024,MN,S.F.5144,SF5144,Re-definition of sex | Weakening Civil Rights Laws,harmful,aclu,Defeated,Legislative session ended,2024-05-20,,,6
2024,MN,H.F.5128,HF5128,Re-definition of sex | Weakening Civil Rights Laws,harmful,aclu,Defeated,Legislative session ended,2024-05-20,,,6
2024,GA,H.B.1104,HB1104,Curriculum censorship | Restricting student & educator rights | School facilities bans | School sports bans,harmful,aclu,Defeated,Legislative session ended,2024-03-28,,,6
2024,AZ,S.B.1005,SB1005,Other anti-LGBTQ bills,harmful,aclu,Defeated,Legislative session ended,2024-06-15,,,6
2024,OR,H.B.4054,HB4054,Restricting student & educator rights | School sports bans,harmful,aclu,Defeated,In committee upon adjournment,2024-03-07,,,6
2024,OR,H.B.4037,HB4037,Forced outing in schools | Healthcare age restrictions | Healthcare restrictions | Restricting student & educator rights,harmful,aclu,Defeated,In committee upon adjournment,2024-03-07,,,6
2024,OR,H.B.4143,HB4143,Other anti-LGBTQ bills | Public accommodation bans | Restricting student & educator rights | School facilities bans | School sports bans,harmful,aclu,Defeated,In committee upon adjournment,2024-03-07,,,6
2024,SC,S.B.1213,S1213,Restricting student & educator rights | School facilities bans,harmful,aclu,Defeated,Legislative session ended,2024-05-09,,,6
2024,KY,H.B.304,HB304,Curriculum censorship | Forced outing in schools | Other school restrictions | Restricting student & educator rights,harmful,aclu,Defeated,Legislative session ended,2024-04-15,,,6
2024,MS,H.B. 1428,HB1428,Public accommodation bans | Re-definition of sex | Restricting student & educator rights | School facilities bans | Weakening Civil Rights Laws,harmful,aclu,Defeated,Died in committee,2024-03-05,,,6
2024,MS,S.B. 2594,SB2594,Other anti-LGBTQ bills,harmful,aclu,Defeated,Died in committee,2024-03-05,,,6
2024,GA,S.B.532,SB532,Curriculum censorship | Restricting student & educator rights,harmful,aclu,Defeated,Legislative session ended,2024-02-29,,,6
2024,FL,S.B. 1352,S1352,Other anti-LGBTQ bills,harmful,aclu,Passed into Law,Companion bill passed into law,2024-04-26,,,4
2024,ID,H.672,H672,Religious exemptions | Weakening Civil Rights Laws,harmful,aclu,Defeated,Legislative session ended,2024-04-10,,,6
2024,WV,S.B.870,SB870,Other anti-LGBTQ bills | Other school restrictions | Restricting student & educator rights,harmful,aclu,Defeated,Legislative session ended,2024-03-09,,,6
2024,AZ,S.C.R.1013,SCR1013,Forced outing in schools | Religious exemptions | Restricting student & educator rights | School facilities bans | Weakening Civil Rights Laws,harmful,aclu,Defeated,Legislative session ended,2024-06-15,,,6
2024,MO,H.B. 2569,HB2569,Other anti-LGBTQ bills,harmful,aclu,Defeated,Legislative session ended,2024-05-17,,,6
2024,WV,H.B.5656,HB5656,Other anti-LGBTQ bills,harmful,aclu,Defeated,Legislative session ended,2024-03-09,,,6
2024,MO,H.B. 2567,HB2567,Other anti-LGBTQ bills,harmful,aclu,Defeated,Legislative session ended,2024-05-17,,,6
2024,ID,S.1357,S1357,Other anti-LGBTQ bills,harmful,aclu,Defeated,Legislative session ended,2024-04-10,,,6
2024,OK,H.B.3120,HB3120,Curriculum censorship | Forced outing in schools | Other school restrictions | Restricting student & educator rights,harmful,aclu,Defeated,Legislative session ended,2024-05-30,,,6
2024,MO,H.B. 2448,HB2448,Other anti-LGBTQ bills,harmful,aclu,Defeated,Legislative session ended,2024-05-17,,,6
2024,MO,H.B. 2365,HB2365,Other anti-LGBTQ bills,harmful,aclu,Defeated,Legislative session ended,2024-05-17,,,6
2024,KS,H.B.2792,HB2792,Healthcare age restrictions | Healthcare restrictions |,harmful,aclu,Defeated,Legislative session ended,2024-04-30,,,6
2024,IA,H.F.2454,HF2454,Religious exemptions | Weakening Civil Rights Laws,harmful,aclu,Passed into Law,Companion bill passed into law,2024-04-02,,,4
2024,ID,H.520,H520,Healthcare funding restrictions | Healthcare restrictions | Prison healthcare restrictions,harmful,aclu,Defeated,Legislative session ended,2024-04-10,,,6
2024,MO,S.B. 980,SB980,Other anti-LGBTQ bills,harmful,aclu,Defeated,Legislative session ended,2024-05-17,,,6
2024,WV,H.B.5297,HB5297,Healthcare age restrictions | Healthcare restrictions |,harmful,aclu,Defeated,Legislative session ended,2024-03-09,,,6
2024,ID,S.1362,S1362,Free speech & expression bans | Other expression restrictions | Other school restrictions | Restricting student & educator rights,harmful,aclu,Defeated,Legislative session ended,2024-04-10,,,6
2024,MN,H.F.4503,HF4503,Other school restrictions | Restricting student & educator rights,harmful,aclu,Defeated,Legislative session ended,2024-05-20,,,6
2024,MN,S.F.4616,SF4616,Other school restrictions | Restricting student & educator rights,harmful,aclu,Defeated,Legislative session ended,2024-05-20,,,6
2024,UT,H.B.253,HB253,Public accommodation bans | Restricting student & educator rights | School facilities bans,harmful,aclu,Defeated,Legislative session ended,2024-03-01,,,6
2024,UT,H.B.303,HB303,Free speech & expression bans | Other expression restrictions | Other school restrictions | Restricting student & educator rights,harmful,aclu,Defeated,Legislative session ended,2024-03-01,,,6
2024,UT,H.B.224,HB224,Healthcare age restrictions | Healthcare restrictions |,harmful,aclu,Defeated,Legislative session ended,2024-03-01,,,6
2024,MS,H.B. 725,HB725,Other anti-LGBTQ bills,harmful,aclu,Defeated,Died in committee,2024-03-05,,,6
2024,UT,H.B.527,HB527,Other school restrictions | Religious exemptions | Restricting student & educator rights | Weakening Civil Rights Laws,harmful,aclu,Defeated,Legislative session ended,2024-03-01,,,6
2024,MO,H.B. 2309,HB2309,Other anti-LGBTQ bills,harmful,aclu,Defeated,Legislative session ended,2024-05-17,,,6
2024,KY,S.B.336,SB336,Re-definition of sex | Weakening Civil Rights Laws,harmful,aclu,Defeated,Legislative session ended,2024-04-15,,,6
2024,ID,H.669,H669,Other anti-LGBTQ bills,harmful,aclu,Defeated,Legislative session ended,2024-04-10,,,6
2024,FL,H.B. 1639,H1639,Barriers to accurate IDs |,harmful,aclu,Defeated,Died in committee,2024-03-08,,,6
2024,RI,S.B.2703,S2703,Healthcare age restrictions | Healthcare funding restrictions | Healthcare restrictions | Other healthcare barriers,harmful,aclu,Defeated,Legislative session ended,2024-06-14,,,6
2024,RI,S.B.2660,S2660,Restricting student & educator rights | School sports bans,harmful,aclu,Defeated,Legislative session ended,2024-06-14,,,6
2024,OK,S.B.1530,SB1530,Re-definition of sex | Weakening Civil Rights Laws,harmful,aclu,Defeated,Legislative session ended,2024-05-30,,,6
2024,RI,S.B.2423,S2423,Religious exemptions | Weakening Civil Rights Laws,harmful,aclu,Defeated,Legislative session ended,2024-06-14,,,6
2024,MS,S.B. 2753,SB2753,Other school restrictions | Public accommodation bans | Re-definition of sex | Restricting student & educator rights | School facilities bans | Weakening Civil Rights Laws,harmful,aclu,Advancing,Senate and House signed enrolled bill; Due from Governor,2024-05-13,,,2
2024,KY,S.B.239,SB239,Religious exemptions | Weakening Civil Rights Laws,harmful,aclu,Defeated,Legislative session ended,2024-04-15,,,6
2024,OK,H.B.3022,HB3022,Other anti-LGBTQ bills,harmful,aclu,Defeated,Legislative session ended,2024-05-30,,,6
2024,FL,S.B. 1728,S1728,Other school restrictions | Restricting student & educator rights,harmful,aclu,Defeated,Died in committee,2024-03-08,,,6
2024,MO,H.B. 1520,HB1520,Healthcare age restrictions | Healthcare restrictions |,harmful,aclu,Defeated,Legislative session ended,2024-05-17,,,6
2024,IL,H.B.5830,HB5830,Re-definition of sex | Weakening Civil Rights Laws,harmful,aclu,Defeated,Legislative session ended,2024-05-29,,,6
2024,AL,H.B.130,HB130,Curriculum censorship | Restricting student & educator rights,harmful,aclu,Defeated,Legislative session ended,2024-05-09,,,6
2024,MN,S.F.5466,SF5466,Re-definition of sex | Weakening Civil Rights Laws,harmful,aclu,Defeated,Legislative session ended,2024-05-20,,,6
2024,TN,H.B.2169,HB2169,Religious exemptions | Weakening Civil Rights Laws,harmful,aclu,Advancing,Companion bill passed into law,2024-04-11,,,2
2024,MS,H.B. 1607,HB1607,Re-definition of sex | Weakening Civil Rights Laws,harmful,aclu,Defeated,Died in Conference,2024-04-29,,,6
2024,MN,H.F.3926,HF3926,Religious exemptions | Weakening Civil Rights Laws,harmful,aclu,Defeated,Legislative session ended,2024-05-20,,,6
2024,AK,H.B. 382,HB382,Forced outing in schools | Restricting student & educator rights | School facilities bans,harmful,aclu,Defeated,Legislative session ended,2024-05-15,,,6
2024,AZ,S.B.1182,SB1182,Restricting student & educator rights | School facilities bans,harmful,aclu,Defeated,Vetoed by Governor,2024-04-23,,,6
2024,AL,H.B.111,HB111,Re-definition of sex | Weakening Civil Rights Laws,harmful,aclu,Defeated,Legislative session ended,2024-05-09,,,6
2024,FL,H.B. 1027,H1027,Other school restrictions | Restricting student & educator rights,harmful,aclu,Defeated,Died in subcommittee,2024-03-08,,,6
2024,GA,H.B.936,HB936,Restricting student & educator rights | School facilities bans,harmful,aclu,Defeated,Legislative session ended,2024-03-28,,,6
2024,GA,H.B.836,HB836,Restricting student & educator rights | School facilities bans,harmful,aclu,Defeated,Legislative session ended,2024-03-28,,,6
2024,HI,H.B.291,HB291,Barriers to accurate IDs |,harmful,aclu,Defeated,Legislative session ended,2024-05-03,,,6
2024,TN,H.B.1995,HB1995,Other anti-LGBTQ bills,harmful,aclu,Defeated,Legislative session ended,2024-04-25,,,6
2024,TN,S.B.2780,SB2780,Other anti-LGBTQ bills,harmful,aclu,Defeated,Legislative session ended,2024-04-25,,,6
2024,WV,S.B.237,SB237,Drag bans | Free speech & expression bans |,harmful,aclu,Defeated,Legislative session ended,2024-03-09,,,6
2024,WV,H.B.5240,HB5240,Other anti-LGBTQ bills,harmful,aclu,Defeated,Legislative session ended,2024-03-09,,,6
2024,WA,H.B. 1214,HB1214,Healthcare age restrictions | Healthcare restrictions |,harmful,aclu,Defeated,Legislative session ended,2024-03-07,,,6
2024,TN,S.B.1722,SB1722,Free speech & expression bans | Other expression restrictions | Other school restrictions | Restricting student & educator rights,harmful,aclu,Defeated,Legislative session ended,2024-04-25,,,6
2024,TN,H.B.1605,HB1605,Free speech & expression bans | Other expression restrictions | Other school restrictions | Restricting student & educator rights,harmful,aclu,Defeated,Legislative session ended,2024-04-25,,,6
2024,SC,H.B.4691,H4691,Forced outing in schools | Other anti-LGBTQ bills | Restricting student & educator rights,harmful,aclu,Defeated,Legislative session ended,2024-05-09,,,6
2024,NH,H.B.1441,HB1441,Healthcare age restrictions | Healthcare restrictions |,harmful,aclu,Defeated,Legislative session ended,2024-06-13,,,6
2024,MS,S.B. 2813,SB2813,Barriers to accurate IDs | Re-definition of sex | Weakening Civil Rights Laws,harmful,aclu,Defeated,Died In Committee,2024-03-05,,,6
2024,MO,H.B. 1518,HB1518,Other civil rights restrictions | Weakening Civil Rights Laws,harmful,aclu,Defeated,Legislative session ended,2024-05-17,,,6
2024,MO,H.B. 1650,HB1650,Drag bans | Free speech & expression bans |,harmful,aclu,Defeated,Legislative session ended,2024-05-17,,,6
2024,KY,S.B.208,SB208,Healthcare restrictions | Other healthcare barriers,harmful,aclu,Defeated,Legislative session ended,2024-04-15,,,6
2024,ID,H.517,H517,Religious exemptions | Weakening Civil Rights Laws,harmful,aclu,Defeated,Legislative session ended,2024-04-10,,,6
2024,IA,H.F.2068,HF2068,Other school restrictions | Restricting student & educator rights,harmful,aclu,Defeated,Legislative session ended,2024-04-20,,,6
2024,OK,H.B.2546,HB2546,Curriculum censorship | Restricting student & educator rights,harmful,aclu,Defeated,Failed to meet House deadline,2024-02-29,,,6
2024,NH,H.B.1664,HB1664,Healthcare restrictions | Other healthcare barriers,harmful,aclu,Defeated,Legislative session ended,2024-06-13,,,6
2024,TN,S.B.1738,SB1738,Religious exemptions | Weakening Civil Rights Laws,harmful,aclu,Passed into Law,Signed by Governor,2024-04-11,,,4
2024,NH,S.B.304,SB304,Healthcare restrictions | Other healthcare barriers,harmful,aclu,Defeated,Legislative session ended,2024-06-13,,,6
2024,OK,H.B.3214,HB3214,Religious exemptions | Weakening Civil Rights Laws,harmful,aclu,Defeated,Legislative session ended,2024-05-30,,,6
2024,MS,H.B. 585,HB585,Other anti-LGBTQ bills,harmful,aclu,Defeated,House passed; Died in Senate committee,2024-04-02,,,6
2024,IA,S.F.2095,SF2095,Religious exemptions | Weakening Civil Rights Laws,harmful,aclu,Passed into Law,Governor signed,2024-04-02,,,4
2024,WY,S.F.0099,SF99,Healthcare age restrictions | Healthcare restrictions |,harmful,aclu,Passed into Law,Governor signed,2024-03-22,,,4
2024,WV,H.B.4233,HB4233,Barriers to accurate IDs |,harmful,aclu,Passed into Law,Governor signed,2024-03-27,,,4
2024,UT,H.B.157,HB157,Healthcare restrictions | Other healthcare barriers,harmful,aclu,Passed into Law,Governor signed,2024-03-14,,,4
2024,UT,H.B.316,HB316,Other anti-LGBTQ bills,harmful,aclu,Passed into Law,Governor signed,2024-03-18,,,4
2024,UT,H.B.396,HB396,Religious exemptions | Weakening Civil Rights Laws,harmful,aclu,Passed into Law,Governor signed,2024-03-19,,,4
2024,UT,S.B.150,SB150,Religious exemptions | Weakening Civil Rights Laws,harmful,aclu,Passed into Law,Governor signed,2024-03-21,,,4
2024,RI,H.B.7727,H7727,Restricting student & educator rights | School sports bans,harmful,aclu,Defeated,Legislative session ended,2024-06-14,,,6
2024,RI,H.B.7884,H7884,Healthcare age restrictions | Healthcare funding restrictions | Healthcare restrictions | Other healthcare barriers,harmful,aclu,Defeated,Legislative session ended,2024-06-14,,,6
2024,ID,S.1352,S1352,Religious exemptions | Weakening Civil Rights Laws,harmful,aclu,Passed into Law,Governor signed,2024-03-21,,,4
2024,TN,H.B.1948,HB1948,Other anti-LGBTQ bills,harmful,aclu,Defeated,Legislative session ended,2024-04-25,,,6
2024,AZ,S.B.1628,SB1628,Re-definition of sex | Weakening Civil Rights Laws,harmful,aclu,Defeated,Vetoed by Governor,2024-04-16,,,6
2024,AK,H.B. 338,HB338,Healthcare restrictions | Other healthcare barriers,harmful,aclu,Defeated,Legislative session ended,2024-05-15,,,6
2024,IA,H.F.2704,HF2704,Other anti-LGBTQ bills,harmful,aclu,Passed into Law,Companion bill passed into law,2024-05-09,,,4
2024,SC,H.B.5407,H5407,Restricting student & educator rights | School facilities bans,harmful,aclu,Defeated,Legislative session ended,2024-05-09,,,6
2024,ID,H.538,H538,Forced outing in schools | Other anti-LGBTQ bills | Other school restrictions | Restricting student & educator rights,harmful,aclu,Passed into Law,Governor signed,2024-04-08,,,4
2024,ID,H.421,H421,Re-definition of sex | Weakening Civil Rights Laws,harmful,aclu,Passed into Law,Governor signed,2024-04-09,,,4
2024,FL,H.B. 433,H0433,Other civil rights restrictions | Weakening Civil Rights Laws,harmful,aclu,Passed into Law,Governor signed,2024-04-11,,,4
2024,TN,S.B.2350,SB2350,Other anti-LGBTQ bills,harmful,aclu,Defeated,Legislative session ended,2024-04-25,,,6
2024,WI,S.B.922,SB922,Healthcare restrictions | Other healthcare barriers,harmful,aclu,Defeated,Legislative session ended,2024-03-12,,,6
2023,VA,HB 2432,HB2432,Healthcare restrictions | Restricting student & educator rights,harmful,aclu,Defeated,Passed House; passed by indefinitely by Senate committee,2023-02-16,,,6
2024,SC,S.B.0332,S332,Other anti-LGBTQ bills,harmful,aclu,Defeated,Legislative session ended,2024-05-09,,,6
2023,MO,SB 497,SB497,Restricting student & educator rights,harmful,aclu,Defeated,Dead,2023-05-12,,,6
2023,TX,HB 3164,HB3164,Other anti-LGBTQ bills,harmful,aclu,Defeated,Dead,2023-05-29,,,6
2023,KS,SB 228,SB228,Other anti-LGBTQ bills,harmful,aclu,Passed into Law,Senate and House override of Governor veto,2023-04-27,,,4
2023,MO,HB 1258,HB1258,Restricting student & educator rights | Weakening Civil Rights Laws,harmful,aclu,Defeated,Dead,2023-05-12,,,6
2023,IA,HSB 208,HSB208,Restricting student & educator rights,harmful,aclu,Defeated,Refer to renumbered bill HF 622,2023-03-16,,,6
2023,FL,SB 266,S0266,Free speech & expression bans | Restricting student & educator rights,harmful,aclu,Passed into Law,Governor signed,2023-05-15,,,4
2023,FL,HB 999,H0999,Free speech & expression bans | Restricting student & educator rights,harmful,aclu,Defeated,Dead,2023-05-05,,,6
2023,FL,SB 1320,S1320,Restricting student & educator rights,harmful,aclu,Defeated,Dead,2023-05-05,,,6
2023,FL,HB 1223,H1223,Restricting student & educator rights,harmful,aclu,Advancing,Died in committee,2023-05-05,,,2
2023,MO,HB 1332,HB1332,Healthcare restrictions |,harmful,aclu,Defeated,Dead,2023-05-12,,,6
2023,IA,HSB 214,HSB214,Healthcare restrictions |,harmful,aclu,Defeated,Bill renumbered HF 623,2023-03-02,,,6
2023,IA,SSB 1197,SSB1197,Healthcare restrictions |,harmful,aclu,Defeated,Bill renumbered SF 538,2023-03-02,,,6
2023,MO,SB 693,SB693,Free speech & expression bans |,harmful,aclu,Defeated,Dead,2023-05-12,,,6
2023,UT,HB 209,HB209,Restricting student & educator rights,harmful,aclu,Passed into Law,Governor signed,2023-03-17,,,4
2023,FL,HB 1069,H1069,Restricting student & educator rights,harmful,aclu,Passed into Law,Governor signed,2023-05-17,,,4
2023,MT,SB 458,SB458,Other anti-LGBTQ bills,harmful,aclu,Passed into Law,Governor signed,2023-05-19,,,4
2023,TX,HB 2862,HB2862,Other anti-LGBTQ bills,harmful,aclu,Defeated,Dead,2023-05-29,,,6
2023,TX,HB 3147,HB3147,Other anti-LGBTQ bills,harmful,aclu,Defeated,Dead,2023-05-29,,,6
2023,IA,HF 622,HF622,Restricting student & educator rights,harmful,aclu,Defeated,Withdrawn,2023-03-16,,,6
2023,IA,SF 496,SF496,Restricting student & educator rights,harmful,aclu,Passed into Law,Governor signed,2023-05-26,,,4
2023,TX,SB 15,SB15,Restricting student & educator rights,harmful,aclu,Passed into Law,Governor signed,2023-06-18,,,4
2023,TX,HB 4624,HB4624,Healthcare restrictions |,harmful,aclu,Defeated,Dead,2023-05-29,,,6
2023,TX,HB 4129,HB4129,Free speech & expression bans |,harmful,aclu,Defeated,Dead,2023-05-29,,,6
2023,TX,SB 14,SB14,Healthcare restrictions |,harmful,aclu,Passed into Law,Governor signed,2023-06-02,,,4
2023,TX,HB 3902,HB3902,Other anti-LGBTQ bills,harmful,aclu,Defeated,Dead,2023-05-29,,,6
2023,TX,HB 3883,HB3883,Other anti-LGBTQ bills,harmful,aclu,Defeated,Dead,2023-05-29,,,6
2023,IN,SB 487,SB487,Other anti-LGBTQ bills,harmful,aclu,Defeated,Dead,2023-04-28,,,6
2023,FL,HB 991,H0991,Other anti-LGBTQ bills,harmful,aclu,Advancing,Died in committee,2023-05-05,,,2
2023,IA,SF 538,SF538,Healthcare restrictions |,harmful,aclu,Passed into Law,Governor signed,2023-03-22,,,4
2023,FL,HB 1521,H1521,Other anti-LGBTQ bills | Public accommodation bans,harmful,aclu,Passed into Law,Governor signed,2023-05-17,,,4
2023,FL,SB 1674,S1674,Other anti-LGBTQ bills | Public accommodation bans | Restricting student & educator rights,harmful,aclu,Defeated,Dead,2023-05-05,,,6
2023,FL,HB 1421,H1421,Barriers to accurate IDs | Healthcare restrictions | Weakening Civil Rights Laws,harmful,aclu,Defeated,Dead,2023-05-05,,,6
2023,FL,SB 254,S0254,Healthcare restrictions | Other anti-LGBTQ bills,harmful,aclu,Passed into Law,Governor signed,2023-05-17,,,4
2023,TX,HB 3213,HB3213,Other anti-LGBTQ bills,harmful,aclu,Defeated,Dead,2023-05-29,,,6
2023,IA,HF 623,HF623,Healthcare restrictions |,harmful,aclu,Defeated,SF 538 substituted and bill withdrawn,2023-03-08,,,6
2023,IA,SF 482,SF482,Restricting student & educator rights,harmful,aclu,Passed into Law,Governor signed,2023-03-22,,,4
2023,UT,SB 39,SB39,Barriers to accurate IDs |,harmful,aclu,Passed into Law,Governor signed,2023-03-15,,,4
2023,TX,HB 4534,HB4534,Restricting student & educator rights,harmful,aclu,Defeated,Dead,2023-05-29,,,6
2023,TX,SB 1082,SB1082,Barriers to accurate IDs | Other anti-LGBTQ bills,harmful,aclu,Defeated,Dead,2023-05-29,,,6
2023,UT,HB 463,HB463,Restricting student & educator rights,harmful,aclu,Defeated,Passed House; passed Senate; referred to House file,2023-03-03,,,6
2023,ID,SB 1100,S1100,Restricting student & educator rights,harmful,aclu,Passed into Law,Governor signed,2023-03-23,,,4
2023,OR,SB 897,SB897,Healthcare restrictions |,harmful,aclu,Defeated,Dead,2023-06-25,,,6
2023,GA,SB 140,SB140,Healthcare restrictions |,harmful,aclu,Passed into Law,Governor signed,2023-03-23,,,4
2023,ND,HB 1526,HB1526,Restricting student & educator rights,harmful,aclu,Defeated,"Second reading, failed to pass",2023-02-15,,,6
2023,ND,HB 1111,HB1111,Other anti-LGBTQ bills,harmful,aclu,Passed into Law,Governor signed,2023-04-06,,,4
2023,ND,HB 1474,HB1474,Other anti-LGBTQ bills,harmful,aclu,Passed into Law,Governor signed,2023-05-08,,,4
2023,ND,HB 1297,HB1297,Barriers to accurate IDs |,harmful,aclu,Passed into Law,Governor signed,2023-05-08,,,4
2023,ND,SB 2188,SB2188,Restricting student & educator rights,harmful,aclu,Defeated,"Second read, failed to pass",2023-02-08,,,6
2023,ND,HB 1488,HB1488,Restricting student & educator rights,harmful,aclu,Defeated,Dead,2023-04-29,,,6
2023,ND,HB 1489,HB1489,Restricting student & educator rights,harmful,aclu,Passed into Law,Governor signed,2023-04-11,,,4
2023,ND,HB 1522,HB1522,Restricting student & educator rights,harmful,aclu,Passed into Law,Governor signed,2023-05-08,,,4
2023,ND,HB 1301,HB1301,Healthcare restrictions |,harmful,aclu,Defeated,Failed to pass House,2023-02-17,,,6
2023,KY,SB 150,SB150,Healthcare restrictions | Restricting student & educator rights,harmful,aclu,Passed into Law,Governor veto overridden,2023-03-29,,,4
2023,KY,SB 102,SB102,Restricting student & educator rights,harmful,aclu,Defeated,Dead,2023-03-30,,,6
2023,MO,HB 75,HB75,Restricting student & educator rights,harmful,aclu,Defeated,Dead,2023-05-12,,,6
2023,KY,SB 115,SB115,Free speech & expression bans |,harmful,aclu,Defeated,Dead,2023-03-30,,,6
2023,MT,HB 303,HB303,Weakening Civil Rights Laws,harmful,aclu,Passed into Law,Governor signed,2023-05-03,,,4
2023,ID,HB 63,H63,Weakening Civil Rights Laws,harmful,aclu,Defeated,Dead,2023-04-06,,,6
2023,ID,SB 1071,S1071,Restricting student & educator rights,harmful,aclu,Defeated,Dead,2023-04-06,,,6
2023,AR,SB 294,SB294,Restricting student & educator rights,harmful,aclu,Passed into Law,Became act without Governor's signature,2023-03-14,,,4
2023,KY,HB 470,HB470,Barriers to accurate IDs | Healthcare restrictions | Restricting student & educator rights,harmful,aclu,Defeated,Dead,2023-03-30,,,6
2023,RI,HB 5688,H5688,Restricting student & educator rights,harmful,aclu,Defeated,Dead,2023-06-16,,,6
2023,TX,SB 1029,SB1029,Healthcare restrictions |,harmful,aclu,Defeated,Dead,2023-05-29,,,6
2023,RI,SB 391,S391,Restricting student & educator rights,harmful,aclu,Defeated,Dead,2023-06-16,,,6
2023,NM,HB 492,HB492,Restricting student & educator rights,harmful,aclu,Defeated,Dead,2023-03-18,,,6
2023,KY,HB 585,HB585,Barriers to accurate IDs |,harmful,aclu,Defeated,Dead,2023-03-30,,,6
2023,MT,SB 413,SB413,Restricting student & educator rights,harmful,aclu,Defeated,Missed deadline for general bill transmittal,2023-03-13,,,6
2023,IA,SSB 1145,SSB1145,Restricting student & educator rights,harmful,aclu,Defeated,Refer to numbered bill  SF 496,2023-05-26,,,6
2023,MO,HB 1157,HB1157,Weakening Civil Rights Laws,harmful,aclu,Defeated,Dead,2023-05-12,,,6
2023,KY,SB 145,SB145,Restricting student & educator rights,harmful,aclu,Passed into Law,Governor signed,2023-03-24,,,4
2023,MT,SB 337,SB337,Restricting student & educator rights,harmful,aclu,Defeated,Missed deadline for general bill transmittal,2023-03-13,,,6
2023,UT,HB 464,HB464,Restricting student & educator rights,harmful,aclu,Defeated,House filed,2023-03-03,,,6
2023,AR,SB 270,SB270,Other anti-LGBTQ bills | Public accommodation bans,harmful,aclu,Passed into Law,Became act,2023-04-11,,,4
2023,AR,HB 1468,HB1468,Restricting student & educator rights,harmful,aclu,Passed into Law,Became law,2023-04-11,,,4
2023,AZ,HB 2711,HB2711,Restricting student & educator rights,harmful,aclu,Defeated,Dead,2023-07-31,,,6
2023,TX,HB 4378,HB4378,Free speech & expression bans |,harmful,aclu,Defeated,Dead,2023-05-29,,,6
2023,TX,SB 1601,SB1601,Free speech & expression bans |,harmful,aclu,Defeated,Dead,2023-05-29,,,6
2023,AL,SB 211,SB211,Restricting student & educator rights,harmful,aclu,Defeated,Legislative session ended,2023-06-06,,,6
2023,AL,HB 354,HB354,Restricting student & educator rights,harmful,aclu,Defeated,Legislative session ended,2023-06-06,,,6
2023,RI,SB 958,S958,Healthcare restrictions |,harmful,aclu,Defeated,Dead,2023-06-16,,,6
2023,LA,HB 648,HB648,Healthcare restrictions |,harmful,aclu,Passed into Law,House and Senate override of Governor veto,2023-07-18,,,4
2023,AL,HB 405,HB405,Other anti-LGBTQ bills,harmful,aclu,Defeated,Legislative session ended,2023-06-06,,,6
2023,AL,HB 401,HB401,Free speech & expression bans | Restricting student & educator rights,harmful,aclu,Defeated,Legislative session ended,2023-06-06,,,6
2023,NC,H 808,H808,Healthcare restrictions | Restricting student & educator rights,harmful,aclu,Passed into Law,House and Senate override of Governor veto,2023-08-16,,,4
2023,SC,S 624,S624,Other anti-LGBTQ bills,harmful,aclu,Advancing,First read and referred to committee,2023-03-14,,,2
2023,TX,HB 3082,HB3082,Weakening Civil Rights Laws,harmful,aclu,Defeated,Dead,2023-05-29,,,6
2023,MS,HB 1733,HB1733,Healthcare restrictions |,harmful,aclu,Passed into Law,Governor signed,2023-03-27,,,4
2023,LA,HB 463,HB463,Healthcare restrictions |,harmful,aclu,Defeated,Refer to substituted bill HB 648,2023-07-18,,,6
2023,NC,S 631,S631,Restricting student & educator rights,harmful,aclu,Passed into Law,Companion bill H. 574 passed,2023-08-16,,,4
2023,NC,H 574,H574,Restricting student & educator rights,harmful,aclu,Passed into Law,House and Senate override of Governor veto,2023-08-16,,,4
2023,AL,HB 261,HB261,Restricting student & educator rights,harmful,aclu,Passed into Law,Governor signed,2023-05-30,,,4
2023,RI,S 960,S960,Barriers to accurate IDs |,harmful,aclu,Defeated,Dead,2023-06-16,,,6
2023,RI,S 959,S959,Weakening Civil Rights Laws,harmful,aclu,Defeated,Dead,2023-06-16,,,6
2023,AL,SB 261,SB261,Other anti-LGBTQ bills,harmful,aclu,Passed into Law,Governor signed,2023-06-06,,,4
2023,MO,HB 489,HB489,Other anti-LGBTQ bills,harmful,aclu,Defeated,Dead,2023-05-12,,,6
2023,NC,S 639,S639,Healthcare restrictions | Restricting student & educator rights,harmful,aclu,Passed into Law,Companion bill H. 808 passed,2023-08-16,,,4
2023,TX,SB 77,SB77,Restricting student & educator rights,harmful,aclu,Introduced,,2023-10-27,,,1
2023,TX,HB 4754,HB4754,Healthcare restrictions |,harmful,aclu,Defeated,Dead,2023-05-29,,,6
2023,ID,HB 308,H308,Weakening Civil Rights Laws,harmful,aclu,Advancing,Dead,2023-04-06,,,2
2023,MO,HB 15,HB15,Other anti-LGBTQ bills,harmful,aclu,Defeated,Vetoed in part by Governor,2023-05-15,,,6
2023,MT,HB 837,HB837,Restricting student & educator rights,harmful,aclu,Defeated,Missed transmittal deadline,2023-04-06,,,6
2023,CA,AB 1314,AB1314,Restricting student & educator rights,harmful,aclu,Defeated,Held in Education Committee,2023-04-10,,,6
2023,TX,HB 5127,HB5127,Other anti-LGBTQ bills,harmful,aclu,Defeated,Dead,2023-05-29,,,6
2023,TX,HB 5261,HB5261,Restricting student & educator rights,harmful,aclu,Defeated,Dead,2023-05-29,,,6
2023,UT,SB 97,SB97,Other anti-LGBTQ bills,harmful,aclu,Passed into Law,Governor signed,2023-03-14,,,4
2023,TX,HB 2722,HB2722,Restricting student & educator rights,harmful,aclu,Defeated,Dead,2023-05-29,,,6
2023,TX,HB 5256,HB5256,Restricting student & educator rights,harmful,aclu,Defeated,Dead,2023-05-29,,,6
2023,TX,SB 2281,SB2281,Free speech & expression bans |,harmful,aclu,Defeated,Dead,2023-05-29,,,6
2023,ID,HB 265,H265,Free speech & expression bans |,harmful,aclu,Defeated,Dead,2023-04-06,,,6
2023,NV,SB 288,SB288,Other anti-LGBTQ bills,harmful,aclu,Defeated,No further action allowed,2023-04-15,,,6
2023,TX,SB 2199,SB2199,Weakening Civil Rights Laws,harmful,aclu,Defeated,Dead,2023-05-29,,,6
2023,TX,HB 4961,HB4961,Restricting student & educator rights,harmful,aclu,Defeated,Dead,2023-05-29,,,6
2023,TX,HB 5236,HB5236,Other anti-LGBTQ bills | Restricting student & educator rights,harmful,aclu,Defeated,Dead,2023-05-29,,,6
2023,TX,HB 5235,HB5235,Other anti-LGBTQ bills | Restricting student & educator rights,harmful,aclu,Defeated,Dead,2023-05-29,,,6
2023,LA,HB 81,HB81,Restricting student & educator rights,harmful,aclu,Defeated,Governor vetoed 6/28/23; House veto override failed,2023-07-18,,,6
2023,MT,SB 518,SB518,Restricting student & educator rights,harmful,aclu,Passed into Law,Governor signed,2023-05-19,,,4
2023,NV,AB 374,AB374,Restricting student & educator rights,harmful,aclu,Defeated,No further action allowed,2023-04-15,,,6
2023,MO,HB 13,HB13,Other anti-LGBTQ bills,harmful,aclu,Defeated,Dead,2023-05-12,,,6
2023,MO,HB 12,HB12,Other anti-LGBTQ bills,harmful,aclu,Defeated,Vetoed in part by Governor,2023-06-30,,,6
2023,MO,HB 11,HB11,Other anti-LGBTQ bills,harmful,aclu,Defeated,Failed to pass over partial veto,2023-09-13,,,6
2023,MO,HB 10,HB10,Other anti-LGBTQ bills,harmful,aclu,Defeated,Dead,2023-05-12,,,6
2023,MO,HB 9,HB9,Other anti-LGBTQ bills,harmful,aclu,Defeated,Dead,2023-05-12,,,6
2023,MO,HB 8,HB8,Other anti-LGBTQ bills,harmful,aclu,Defeated,Dead,2023-05-12,,,6
2023,MO,HB 7,HB7,Other anti-LGBTQ bills,harmful,aclu,Defeated,Dead,2023-05-12,,,6
2023,LA,HB 466,HB466,Restricting student & educator rights,harmful,aclu,Defeated,Governor vetoed; House veto override failed,2023-07-18,,,6
2023,MO,HB 6,HB6,Other anti-LGBTQ bills,harmful,aclu,Defeated,Dead,2023-05-12,,,6
2023,MO,HB 4,HB4,Other anti-LGBTQ bills,harmful,aclu,Defeated,Dead,2023-05-12,,,6
2023,MO,HB 3,HB3,Other anti-LGBTQ bills,harmful,aclu,Defeated,Dead,2023-05-12,,,6
2023,MO,HB 2,HB2,Other anti-LGBTQ bills,harmful,aclu,Defeated,Dead,2023-05-12,,,6
2023,AR,HB 1738,HB1738,Restricting student & educator rights,harmful,aclu,Defeated,Dead,2023-05-01,,,6
2023,MO,HB 1333,HB1333,Other anti-LGBTQ bills,harmful,aclu,Defeated,Dead,2023-05-12,,,6
2023,TX,HB 2659,HB2659,Restricting student & educator rights | Weakening Civil Rights Laws,harmful,aclu,Defeated,Dead,2023-05-29,,,6
2023,TX,SB 1443,SB1443,Restricting student & educator rights,harmful,aclu,Defeated,Dead,2023-05-29,,,6
2023,MO,HB 5,HB5,Other anti-LGBTQ bills,harmful,aclu,Defeated,Dead,2023-05-12,,,6
2023,KS,SB 180,SB180,Other anti-LGBTQ bills,harmful,aclu,Passed into Law,Senate and House override of Governor veto,2023-04-27,,,4
2023,TN,HB 9,HB9,Free speech & expression bans |,harmful,aclu,Passed into Law,Companion bill SB 3 signed by Governor,2023-03-02,,,4
2023,TN,SB 3,SB3,Free speech & expression bans |,harmful,aclu,Passed into Law,Governor signed,2023-03-02,,,4
2023,ND,HB 1205,HB1205,Free speech & expression bans |,harmful,aclu,Passed into Law,Governor signed,2023-04-25,,,4
2023,MO,SB 429,SB429,Free speech & expression bans |,harmful,aclu,Defeated,Dead,2023-05-12,,,6
2023,MO,HB 498,HB498,Free speech & expression bans |,harmful,aclu,Defeated,Dead,2023-05-12,,,6
2023,MO,HB 494,HB494,Free speech & expression bans |,harmful,aclu,Defeated,Dead,2023-05-12,,,6
2023,MT,HB 359,HB359,Free speech & expression bans |,harmful,aclu,Passed into Law,Governor signed,2023-05-22,,,4
2023,IN,SB 413,SB413,Restricting student & educator rights,harmful,aclu,Defeated,Dead,2023-04-28,,,6
2023,AZ,SB 1030,SB1030,Free speech & expression bans |,harmful,aclu,Defeated,Governor vetoed,2023-06-16,,,6
2023,AR,SB 43,SB43,Free speech & expression bans |,harmful,aclu,Passed into Law,Became act,2023-02-27,,,4
2023,IN,SB 386,SB386,Restricting student & educator rights,harmful,aclu,Defeated,Dead,2023-04-28,,,6
2023,IN,HB 1520,HB1520,Public accommodation bans | Restricting student & educator rights,harmful,aclu,Defeated,Dead,2023-04-28,,,6
2023,MO,SB 134,SB134,Restricting student & educator rights,harmful,aclu,Defeated,Dead,2023-05-12,,,6
2023,TX,HB 643,HB643,Free speech & expression bans |,harmful,aclu,Defeated,Dead,2023-05-29,,,6
2023,TX,HB 708,HB708,Free speech & expression bans |,harmful,aclu,Defeated,Dead,2023-05-29,,,6
2023,ND,HB 1139,HB1139,Barriers to accurate IDs |,harmful,aclu,Passed into Law,Governor signed,2023-04-10,,,4
2023,TX,SB 162,SB162,Barriers to accurate IDs |,harmful,aclu,Defeated,Dead,2023-05-29,,,6
2023,AZ,SB 1040,SB1040,Restricting student & educator rights,harmful,aclu,Defeated,Governor vetoed,2023-06-08,,,6
2023,WY,SF 117,SF117,Restricting student & educator rights,harmful,aclu,Defeated,Passed Senate; House did not consider for introduction,2023-02-24,,,6
2023,TX,HB 631,HB631,Restricting student & educator rights,harmful,aclu,Defeated,Dead,2023-05-29,,,6
2023,ND,SB 2231,SB2231,Other anti-LGBTQ bills | Restricting student & educator rights,harmful,aclu,Defeated,Dead,2023-04-29,,,6
2023,ND,SB 2260,SB2260,Restricting student & educator rights,harmful,aclu,Defeated,Dead,2023-04-29,,,6
2023,MS,HB 509,HB509,Restricting student & educator rights,harmful,aclu,Defeated,Died in committee,2023-01-31,,,6
2023,VA,SB 1203,SB1203,Healthcare restrictions |,harmful,aclu,Defeated,Incorporated by committee into SB 791,2023-02-02,,,6
2023,IN,HB 1589,HB1589,Healthcare restrictions |,harmful,aclu,Defeated,Dead,2023-04-28,,,6
2023,ID,SB 1016,S1016,Public accommodation bans,harmful,aclu,Passed into Law,Governor signed,2023-03-27,,,4
2023,IN,HB 1346,HB1346,Restricting student & educator rights,harmful,aclu,Defeated,Dead,2023-04-28,,,6
2023,ND,HB 1254,HB1254,Healthcare restrictions |,harmful,aclu,Passed into Law,Governor signed,2023-04-19,,,4
2023,IN,HB 1608,HB1608,Restricting student & educator rights,harmful,aclu,Passed into Law,Governor signed,2023-05-04,,,4
2023,MT,SB 99,SB99,Healthcare restrictions |,harmful,aclu,Passed into Law,Governor signed,2023-04-28,,,4
2023,SC,S 276,S276,Other anti-LGBTQ bills,harmful,aclu,Advancing,Referred to committee,2023-01-10,,,2
2023,MS,SB 2076,SB2076,Restricting student & educator rights,harmful,aclu,Defeated,Died in committee,2023-01-31,,,6
2023,IN,HB 1524,HB1524,Barriers to accurate IDs |,harmful,aclu,Defeated,Dead,2023-04-28,,,6
2023,ND,HB 1249,HB1249,Restricting student & educator rights,harmful,aclu,Passed into Law,Governor signed,2023-04-11,,,4
2023,AZ,SB 1001,SB1001,Restricting student & educator rights | Weakening Civil Rights Laws,harmful,aclu,Defeated,Governor vetoed,2023-05-19,,,6
2023,IN,HB 1569,HB1569,Healthcare restrictions |,harmful,aclu,Passed into Law,Governor signed,2023-04-20,,,4
2023,ID,S 1003,S1003,Other anti-LGBTQ bills,harmful,aclu,Defeated,Dead,2023-04-06,,,6
2023,MO,SB 258,SB258,Other anti-LGBTQ bills,harmful,aclu,Defeated,Dead,2023-05-12,,,6
2023,MO,HB 732,HB732,Other anti-LGBTQ bills,harmful,aclu,Defeated,Dead,2023-05-12,,,6
2023,TN,HB 239,HB239,Other anti-LGBTQ bills,harmful,aclu,Passed into Law,Companion bill SB 1440 signed by Governor,2023-05-17,,,4
2023,TX,SB 476,SB476,Free speech & expression bans |,harmful,aclu,Defeated,Dead,2023-05-29,,,6
2023,CT,SB 468,SB00468,Restricting student & educator rights,harmful,aclu,Defeated,Dead,2023-06-07,,,6
2023,VA,HB 2170,HB2170,Restricting student & educator rights,harmful,aclu,Defeated,Subcommittee recommends laying on table,2023-01-27,,,6
2023,VA,HB 1434,HB1434,Restricting student & educator rights,harmful,aclu,Defeated,Subcommittee recommends laying on table,2023-01-25,,,6
2023,WY,HB 187,HB187,Restricting student & educator rights,harmful,aclu,Defeated,Did not consider for introduction,2023-01-31,,,6
2023,VA,HB 1387,HB1387,Restricting student & educator rights,harmful,aclu,Defeated,Passed House; passed by indefinitely by Senate committee,2023-02-16,,,6
2023,CT,HB 6213,HB06213,Restricting student & educator rights,harmful,aclu,Defeated,Dead,2023-06-07,,,6
2023,ND,HB 1473,HB1473,Public accommodation bans | Restricting student & educator rights,harmful,aclu,Passed into Law,Governor signed,2023-04-25,,,4
2023,AR,HB 1156,HB1156,Restricting student & educator rights,harmful,aclu,Passed into Law,Enacted,2023-03-21,,,4
2023,KY,HB 173,HB173,Restricting student & educator rights,harmful,aclu,Defeated,Withdrawn,2023-03-13,,,6
2023,OR,HB 3044,HB3044,Restricting student & educator rights,harmful,aclu,Defeated,Dead,2023-06-25,,,6
2023,IN,HB 1118,HB1118,Healthcare restrictions |,harmful,aclu,Defeated,Dead,2023-04-28,,,6
2023,IN,HB 1220,HB1220,Healthcare restrictions |,harmful,aclu,Defeated,Dead,2023-04-28,,,6
2023,IN,HB 1232,HB1232,Healthcare restrictions |,harmful,aclu,Defeated,Dead,2023-04-28,,,6
2023,IN,HB 1407,HB1407,Healthcare restrictions |,harmful,aclu,Defeated,Dead,2023-04-28,,,6
2023,IN,SB 480,SB480,Healthcare restrictions |,harmful,aclu,Passed into Law,Governor signed,2023-04-05,,,4
2023,IN,HB 1525,HB1525,Healthcare restrictions |,harmful,aclu,Defeated,Dead,2023-04-28,,,6
2023,VA,SB 911,SB911,Restricting student & educator rights,harmful,aclu,Defeated,Incorporated into SB 1186,2023-02-02,,,6
2023,VA,SB 962,SB962,Restricting student & educator rights,harmful,aclu,Defeated,Passed by indefinitely by committee,2023-02-02,,,6
2023,VA,HB 1399,HB1399,Restricting student & educator rights,harmful,aclu,Defeated,Assigned to subcommittee,2023-01-20,,,6
2023,TX,HB 23,HB23,Restricting student & educator rights,harmful,aclu,Defeated,Dead,2023-05-29,,,6
2023,VA,HB 1707,HB1707,Restricting student & educator rights,harmful,aclu,Defeated,Incorporated by committee into HB 2432,2023-02-03,,,6
2023,OR,SB 453,SB453,Restricting student & educator rights,harmful,aclu,Defeated,Dead,2023-06-25,,,6
2023,MO,SB 87,SB87,Restricting student & educator rights,harmful,aclu,Defeated,Dead,2023-05-12,,,6
2023,IN,SB 351,SB351,Barriers to accurate IDs |,harmful,aclu,Defeated,Dead,2023-04-28,,,6
2023,MS,SB 2765,SB2765,Restricting student & educator rights,harmful,aclu,Defeated,Died in committee,2023-01-31,,,6
2023,IN,SB 354,SB354,Restricting student & educator rights,harmful,aclu,Defeated,Dead,2023-04-28,,,6
2023,WY,SF 111,SF111,Healthcare restrictions |,harmful,aclu,Defeated,Passed Senate; House did not consider for introduction,2023-02-24,,,6
2023,OR,HB 2186,HB2186,Restricting student & educator rights,harmful,aclu,Defeated,Dead,2023-06-25,,,6
2023,OR,SB 749,SB749,Restricting student & educator rights,harmful,aclu,Defeated,Dead,2023-06-25,,,6
2023,VA,SB 1186,SB1186,Restricting student & educator rights,harmful,aclu,Defeated,Passed by indefinitely by committee,2023-02-02,,,6
2023,MS,SB 2773,SB2773,Restricting student & educator rights,harmful,aclu,Defeated,Died in committee,2023-01-31,,,6
2023,MS,SB 2883,SB2883,Healthcare restrictions |,harmful,aclu,Defeated,Died in committee,2023-01-31,,,6
2023,MS,HB 1258,HB1258,Healthcare restrictions |,harmful,aclu,Defeated,Died in committee,2023-01-31,,,6
2023,MS,HB 1126,HB1126,Healthcare restrictions |,harmful,aclu,Defeated,Died in committee,2023-01-31,,,6
2023,MS,SB 2770,SB2770,Healthcare restrictions |,harmful,aclu,Defeated,Died in committee,2023-01-31,,,6
2023,MS,SB 2760,SB2760,Healthcare restrictions |,harmful,aclu,Defeated,Died in committee,2023-01-31,,,6
2023,MS,HB 1124,HB1124,Healthcare restrictions |,harmful,aclu,Defeated,Died in committee,2023-01-31,,,6
2023,TN,HB 1,HB1,Healthcare restrictions |,harmful,aclu,Passed into Law,Companion bill SB 1 signed by Governor,2023-03-02,,,4
2023,KS,HB 2238,HB2238,Restricting student & educator rights,harmful,aclu,Passed into Law,Governor veto overridden,2023-04-05,,,4
2023,SD,HB 1116,HB1116,Free speech & expression bans | Restricting student & educator rights,harmful,aclu,Defeated,Dead,2023-03-27,,,6
2023,AZ,SB 1698,SB1698,Free speech & expression bans |,harmful,aclu,Defeated,Governor vetoed,2023-06-16,,,6
2023,TN,SB 466,SB466,Restricting student & educator rights,harmful,aclu,Passed into Law,Governor signed,2023-05-17,,,4
2023,AR,SB 125,SB125,Restricting student & educator rights,harmful,aclu,Passed into Law,Became law,2023-04-11,,,4
2023,MS,HB 1480,HB1480,Restricting student & educator rights,harmful,aclu,Defeated,Died in committee,2023-01-31,,,6
2023,MS,HB 1476,HB1476,Restricting student & educator rights,harmful,aclu,Defeated,Died in committee,2023-01-31,,,6
2023,MS,HB 1489,HB1489,Restricting student & educator rights,harmful,aclu,Defeated,Died in committee,2023-01-31,,,6
2023,TX,HB 1686,HB1686,Healthcare restrictions |,harmful,aclu,Passed into Law,Companion bill SB 14 signed by Governor,2023-06-02,,,4
2023,TX,SB 649,SB649,Restricting student & educator rights,harmful,aclu,Defeated,Dead,2023-05-29,,,6
2023,MS,SB 2861,SB2861,Healthcare restrictions |,harmful,aclu,Defeated,Died in committee,2023-01-31,,,6
2023,WV,HB 2007,HB2007,Healthcare restrictions |,harmful,aclu,Passed into Law,Governor signed,2023-03-29,,,4
2023,TN,HB 306,HB306,Restricting student & educator rights,harmful,aclu,Passed into Law,Companion bill SB 1237 signed by Governor,2023-04-28,,,4
2023,AR,SB 199,SB199,Healthcare restrictions |,harmful,aclu,Passed into Law,Became act without Governor’s signature,2023-03-16,,,4
2023,ID,HB 71,H71,Healthcare restrictions |,harmful,aclu,Passed into Law,Governor signed,2023-04-04,,,4
2023,WY,SF 133,SF133,Restricting student & educator rights,harmful,aclu,Passed into Law,Became act without Governor’s signature,2023-03-17,,,4
2023,MO,SB 598,SB598,Healthcare restrictions |,harmful,aclu,Defeated,Dead,2023-05-12,,,6
2023,AZ,SB 1694,SB1694,Other anti-LGBTQ bills,harmful,aclu,Defeated,Dead,2023-07-31,,,6
2023,AZ,SB 1417,SB1417,Other anti-LGBTQ bills,harmful,aclu,Defeated,Dead,2023-07-31,,,6
2023,WY,HB 262,HB262,Weakening Civil Rights Laws,harmful,aclu,Defeated,Died in committee,2023-02-07,,,6
2023,WV,HB 3042,HB3042,Weakening Civil Rights Laws,harmful,aclu,Passed into Law,Governor signed,2023-03-09,,,4
2023,TN,SB 1440,SB1440,Other anti-LGBTQ bills,harmful,aclu,Passed into Law,Governor signed,2023-05-17,,,4
2023,SD,HB 1125,HB1125,Free speech & expression bans |,harmful,aclu,Defeated,Tabled by committee,2023-02-13,,,6
2023,ND,HB 1333,HB1333,Free speech & expression bans |,harmful,aclu,Passed into Law,Governor signed,2023-04-24,,,4
2023,TN,HB 1269,HB1269,Restricting student & educator rights,harmful,aclu,Passed into Law,Companion bill SB 466 signed by Governor,2023-05-17,,,4
2023,TN,SB 1237,SB1237,Restricting student & educator rights,harmful,aclu,Passed into Law,Governor signed,2023-04-28,,,4
2023,NC,S 49,S49,Restricting student & educator rights,harmful,aclu,Passed into Law,Senate and House override of Governor veto,2023-08-16,,,4
2023,TX,HB 1752,HB1752,Healthcare restrictions |,harmful,aclu,Defeated,Dead,2023-05-29,,,6
2023,MS,HB 1074,HB1074,Other anti-LGBTQ bills | Restricting student & educator rights,harmful,aclu,Defeated,Died in committee,2023-01-31,,,6
2023,WY,SF 144,SF144,Healthcare restrictions |,harmful,aclu,Defeated,Passed Senate; House Committee of the Whole did not consider,2023-02-27,,,6
2023,MS,SB 2764,SB2764,Restricting student & educator rights,harmful,aclu,Defeated,Died in committee,2023-01-31,,,6
2023,CO,HB 23-1098,HB23,Restricting student & educator rights,harmful,aclu,Defeated,Postponed indefinitely by committee,2023-02-13,,,6
2023,KY,HB 30,HB30,Restricting student & educator rights,harmful,aclu,Defeated,Dead,2023-03-30,,,6
2023,TX,HB 42,HB42,Healthcare restrictions |,harmful,aclu,Defeated,Dead,2023-05-29,,,6
2023,TX,HB 1155,HB1155,Restricting student & educator rights,harmful,aclu,Defeated,Dead,2023-05-29,,,6
2023,OR,HB 2477,HB2477,Restricting student & educator rights,harmful,aclu,Defeated,Dead,2023-06-25,,,6
2023,MO,HB 634,HB634,Restricting student & educator rights,harmful,aclu,Defeated,Dead,2023-05-12,,,6
2023,VA,SB 960,SB960,Healthcare restrictions | Restricting student & educator rights | Weakening Civil Rights Laws,harmful,aclu,Defeated,Passed by indefinitely by committee,2023-02-02,,,6
2023,TX,SB 250,SB250,Healthcare restrictions |,harmful,aclu,Defeated,Dead,2023-05-29,,,6
2023,TX,HB 1541,HB1541,Restricting student & educator rights,harmful,aclu,Defeated,Dead,2023-05-29,,,6
2023,TX,HB 1532,HB1532,Healthcare restrictions |,harmful,aclu,Defeated,Dead,2023-05-29,,,6
2023,TN,SB 1,SB1,Healthcare restrictions |,harmful,aclu,Passed into Law,Governor signed,2023-03-02,,,4
2023,OR,SB 452,SB452,Healthcare restrictions |,harmful,aclu,Defeated,Dead,2023-06-25,,,6
2023,MO,HB 916,HB916,Healthcare restrictions |,harmful,aclu,Defeated,Dead,2023-05-12,,,6
2023,MS,SB 2058,SB2058,Restricting student & educator rights,harmful,aclu,Defeated,Died in committee,2023-01-31,,,6
2023,MD,HB 359,HB359,Restricting student & educator rights,harmful,aclu,Defeated,Unfavorable committee report,2023-02-20,,,6
2023,MS,HB 1144,HB1144,Restricting student & educator rights,harmful,aclu,Defeated,Died in committee,2023-01-31,,,6
2023,MS,SB 2820,SB2820,Restricting student & educator rights,harmful,aclu,Defeated,Died in committee,2023-01-31,,,6
2023,MO,SB 165,SB165,Restricting student & educator rights,harmful,aclu,Defeated,Dead,2023-05-12,,,6
2023,TX,HB 1952,HB1952,Barriers to accurate IDs |,harmful,aclu,Defeated,Dead,2023-05-29,,,6
2023,OK,SB 26,SB26,Restricting student & educator rights,harmful,aclu,Passed into Law,Governor signed,2023-05-25,,,4
2023,TX,HB 41,HB41,Healthcare restrictions |,harmful,aclu,Defeated,Dead,2023-05-29,,,6
2023,TX,SB 625,SB625,Healthcare restrictions |,harmful,aclu,Passed into Law,Companion bill SB 14 signed by Governor,2023-06-02,,,4
2023,AZ,SB 1702,SB1702,Healthcare restrictions |,harmful,aclu,Defeated,Dead,2023-07-31,,,6
2023,MO,SB 42,SB42,Restricting student & educator rights,harmful,aclu,Defeated,Dead,2023-05-12,,,6
2023,MO,SB 2,SB2,Restricting student & educator rights,harmful,aclu,Defeated,Dead,2023-05-12,,,6
2023,MO,SB 48,SB48,Restricting student & educator rights,harmful,aclu,Defeated,Dead,2023-05-12,,,6
2023,MO,HB 170,HB170,Restricting student & educator rights,harmful,aclu,Defeated,Dead,2023-05-12,,,6
2023,VA,SB 791,SB791,Healthcare restrictions |,harmful,aclu,Defeated,Passed by indefinitely by committee,2023-02-02,,,6
2023,AZ,SB 1700,SB1700,Restricting student & educator rights,harmful,aclu,Defeated,Dead,2023-07-31,,,6
2023,UT,HB 132,HB132,Healthcare restrictions |,harmful,aclu,Defeated,House filed,2023-03-03,,,6
2023,MO,HB 183,HB183,Restricting student & educator rights,harmful,aclu,Defeated,Dead,2023-05-12,,,6
2023,MO,SB 29,SB29,Restricting student & educator rights,harmful,aclu,Defeated,Dead,2023-05-12,,,6
2023,UT,SB 16,SB16,Healthcare restrictions |,harmful,aclu,Passed into Law,Governor signed,2023-01-28,,,4
2023,MO,HB 337,HB337,Restricting student & educator rights,harmful,aclu,Defeated,Dead,2023-05-12,,,6
2023,TX,SB 249,SB249,Healthcare restrictions |,harmful,aclu,Defeated,Dead,2023-05-29,,,6
2023,TX,HB 122,HB122,Healthcare restrictions |,harmful,aclu,Defeated,Dead,2023-05-29,,,6
2023,MO,SB 39,SB39,Restricting student & educator rights,harmful,aclu,Passed into Law,Governor signed,2023-06-07,,,4
2025,CO,HB 25-1068,HB25,,harmful,plural,Introduced,INTRODUCED,2025-02-05 00:00:00,Malpractice Insurers Gender-Affirming Care Minors,"Scott Bottoms (R),Mark Baisley (R)",1
2025,IA,SF 116,SF116,,harmful,plural,Introduced,INTRODUCED,2025-02-05 00:00:00,"A bill for an act relating to obscenity, including the exposure of a minor to an obscene performance and admittance of a minor to a premises with obscene performances, establishing a private civil cause of action, and providing penalties.","Sandy Salmon (R),Doug Campbell (R),Cherielynn Westrich (R),+7 sponsors",1
2025,AZ,SB 1479,SB1479,,harmful,plural,Introduced,INTRODUCED,2025-02-05 00:00:00,textbooks; adverse representation; prohibition,"Lela Alston (D),Mitzi Epstein (D),Lauren Kuby (D)",1
2025,MS,HB 488,HB488,,harmful,plural,Introduced,INTRODUCED,2025-02-04 00:00:00,School prayer; require school boards to designate a period of reflection for students at the beginning of each school day.,Oscar Denton (D),1
2025,MS,HB 1159,HB1159,,harmful,plural,Introduced,INTRODUCED,2025-02-04 00:00:00,Parental consent for medical treatment and instruction in human sexuality; require for students in K-12.,Lee Yancey (R),1
2025,MS,HB 1098,HB1098,,harmful,plural,Introduced,INTRODUCED,2025-02-04 00:00:00,"Parental rights; establish fundamental right of parents to direct the upbringing, education and care of their children.",Carolyn Crawford (R),1
2025,MO,SB 55,SB55,,harmful,plural,Introduced,INTRODUCED,2025-02-04 00:00:00,Prohibits elementary and secondary schools and institutions of postsecondary education from being members of athletic organizations that allow students to use performance enhancing drugs,Coleman,1
2025,MS,SB 2156,SB2156,,harmful,plural,Introduced,INTRODUCED,2025-02-04 00:00:00,Released time courses; authorize for public school students to attend off campus religious or moral instruction for credit.,Angela Hill (R),1
2025,SC,H 3184,H3184,,harmful,plural,Introduced,INTRODUCED,2025-02-06 00:00:00,DEI in state universities,"Josiah Magnuson (R),John McCravy (R),Bill Chumley (R),+17 sponsors",1
2025,MD,HB 1212,HB1212,,harmful,plural,Introduced,INTRODUCED,2025-02-06 00:00:00,Criminal Law - Obscene Material - Device Filters,Susan McComas (R),1
2025,SD,HB 1172,HB1172,,harmful,plural,Introduced,INTRODUCED,2025-02-10 00:00:00,require that a high school health curriculum include human sexuality and human development within the womb.,Tony Randolph (R),1
2025,MN,HF 280,HF280,,harmful,plural,Introduced,INTRODUCED,2025-02-10 00:00:00,"Lake County; woodworking program funding provided, and money appropriated.","Natalie Zeleznikar (R),Roger Skraba (R)",1
2025,MN,HF 143,HF143,,harmful,plural,Introduced,INTRODUCED,2025-02-10 00:00:00,Religious belief exemption provided for entities providing certain services.,Duane Quam (R),1
2025,MO,SJR 9,SJR9,,harmful,plural,Introduced,INTRODUCED,2025-02-06 00:00:00,Establishes provisions relating to reproductive health care,Mike Moon (R),1
2025,KY,HB 64,HB64,,harmful,plural,Introduced,INTRODUCED,2025-02-04 00:00:00,AN ACT relating to executive orders and declaring an emergency.,,1
2025,MO,SJR 27,SJR27,,harmful,plural,Introduced,INTRODUCED,2025-02-06 00:00:00,Establishes provisions relating to reproductive health care,Jill Carter (R),1
2025,MO,SJR 25,SJR25,,harmful,plural,Introduced,INTRODUCED,2025-02-06 00:00:00,Establishes provisions relating to reproductive health care,Coleman,1
2025,MO,SJR 23,SJR23,,harmful,plural,Introduced,INTRODUCED,2025-02-06 00:00:00,"Establishes the ""Reproductive Health Care Protection Act""",Nick Schroer (R),1
2025,SC,H 3381,H3381,,harmful,plural,Introduced,INTRODUCED,2025-02-06 00:00:00,Defense of Children's Innocence Act,"Thomas Beach (R),Brian Lawson (R),John McCravy (R),+11 sponsors",1
2025,MO,SJR 5,SJR5,,harmful,plural,Introduced,INTRODUCED,2025-02-06 00:00:00,Establishes provisions relating to reproductive health care,Rick Brattin (R),1
2025,NY,S 2463,S2463,,supportive,plural,Introduced,INTRODUCED,2026-01-07 00:00:00,Requires that instruction in public schools aligned to the Culturally Responsive-Sustaining Education Framework,"John Liu (D),Robert Jackson (D)",1
2025,NY,S 1063,S1063,,supportive,plural,Advancing,PASSED UPPER,2026-01-07 00:00:00,Requires cultural awareness and competence training for medical professionals,"Jose Serrano (D),Jamaal Bailey (D),Brad Hoylman-Sigal (D),+5 sponsors",2
2025,NY,S 1049,S1049,,supportive,plural,Introduced,INTRODUCED,2026-01-07 00:00:00,"Enacts the ""gender identity respect, dignity and safety act""","Julia Salazar (D),Jabari Brisport (D),Samra Brouk (D),+18 sponsors",1
2025,NY,A 885,A885,,supportive,plural,Introduced,INTRODUCED,2026-01-07 00:00:00,"Establishes ""The Equity in Fertility Treatment Act""; relates to the definition of infertility and health insurance coverage for the treatment of infertility","Amy Paulin (D),Chris Burdick (D),Jeffrey Dinowitz (D),+7 sponsors",1
2025,NY,A 8841,A8841,,supportive,plural,Introduced,INTRODUCED,2026-01-07 00:00:00,Relates to establishing a gender affirming care fund,"Jessica González-Rojas (D),Anna Kelles (D),Emily Gallagher (D),+4 sponsors",1
2025,NY,A 8191,A8191,,supportive,plural,Introduced,INTRODUCED,2026-01-07 00:00:00,Provides for continuity of gender affirming care,"Gabriella Romero (D),Demond Meeks (D),Jessica González-Rojas (D),+4 sponsors",1
2025,NY,A 8054,A8054,,supportive,plural,Introduced,INTRODUCED,2026-01-07 00:00:00,Requires police officer training programs on interacting with individuals who are a part of a sexual orientation and/or gender minority,"Steven Raga (D),Karines Reyes (D)",1
2025,NY,A 7230,A7230,,supportive,plural,Introduced,INTRODUCED,2026-01-07 00:00:00,Establishes duties for pharmacies when pharmacists employed by such pharmacy refuse to fill prescriptions on the basis of personal beliefs,Rodneyse Bichotte Hermelyn (D),1
2025,NY,A 6758,A6758,,supportive,plural,Introduced,INTRODUCED,2026-01-07 00:00:00,"Relates to a pharmacy's obligation to properly dispense or refill a prescription for a drug or device, or a non-prescription drug or device",Tony Simone (D),1
2025,NY,A 6729,A6729,,supportive,plural,Introduced,INTRODUCED,2026-01-07 00:00:00,Relates to educational materials pertaining to sexual health to individuals enrolled in Medicaid,"Tony Simone (D),Chris Burdick (D)",1
2025,NY,A 6596,A6596,,supportive,plural,Introduced,INTRODUCED,2026-01-07 00:00:00,Requires Medicaid to cover gender-affirming care regardless of federal funding; prohibits discriminatory practices by health care entities and insurers; relates to coverage for treatment for gender dysphoria,"Linda Rosenthal (D),Catalina Cruz (D),Jessica González-Rojas (D),+12 sponsors",1
2025,NY,A 5076,A5076,,supportive,plural,Introduced,INTRODUCED,2026-01-07 00:00:00,Relates to the prohibition on certain databases and registries,Karines Reyes (D),1
2025,NY,A 41,A41,,supportive,plural,Introduced,INTRODUCED,2026-01-07 00:00:00,Relates to the consideration of gender affirming care in custody matters,Chris Burdick (D),1
2025,NY,A 319,A319,,supportive,plural,Introduced,INTRODUCED,2026-01-07 00:00:00,Requires cultural awareness and competence training for medical professionals,"Catalina Cruz (D),Chris Burdick (D),Steven Raga (D),+1 sponsor",1
2025,NY,S 7259,S7259,,supportive,plural,Introduced,INTRODUCED,2026-01-07 00:00:00,Relates to educational materials pertaining to sexual health to individuals enrolled in Medicaid,"Jabari Brisport (D),Julia Salazar (D)",1
2025,NY,S 7924,S7924,,supportive,plural,Introduced,INTRODUCED,2026-01-07 00:00:00,Relates to establishing a gender affirming care fund,"Kristen Gonzalez (D),Nathalia Fernández (D)",1
2025,NY,A 5478,A5478,,supportive,plural,Introduced,INTRODUCED,2026-01-08 00:00:00,"Enacts the ""gender identity respect, dignity and safety act""","Emily Gallagher (D),Nily Rozic (D),Jessica González-Rojas (D),+33 sponsors",1
2025,AL,HB 4,HB4,,harmful,plural,Introduced,INTRODUCED,2025-02-04 00:00:00,"Crimes and offenses, further provides for obscenity crimes",Arnold Mooney (R),1
2025,OK,SB 803,SB803,,harmful,plural,Introduced,INTRODUCED,2025-02-04 00:00:00,Parental rights; creating the Parental Rights Protection Act; providing certain penalties and immunities; establishing the Parental Rights Review Board. Effective date. Emergency.,Shane Jett (R),1
2025,MA,S 1505,S1505,,supportive,plural,Introduced,INTRODUCED,2026-01-29 00:00:00,An Act relative to LGBTQ+ health disparities,"Julian Cyr (D),Bruce Tarr (R)",1
2025,WA,SB 5490,SB5490,,supportive,plural,Introduced,INTRODUCED,2026-01-28 00:00:00,Providing parameters for conducting searches of transgender and intersex individuals confined in a local jail in compliance with federal law.,"Manka Dhingra (D),Mike Chapman (D),Bob Hasegawa (D),+8 sponsors",1
2025,WA,HB 1604,HB1604,,supportive,plural,Introduced,INTRODUCED,2026-01-19 00:00:00,Providing parameters for conducting searches of transgender and intersex individuals confined in a local jail in compliance with federal law.,"Osman Salahuddin (D),Amy Walen (D),Strom Peterson (D),+9 sponsors",1
2025,WA,SB 5181,SB5181,,supportive,plural,Introduced,INTRODUCED,2026-01-12 00:00:00,Amending the parents rights initiative to bring it into alignment with existing law.,"Claire Wilson (D),Jamie Pedersen (D),Manka Dhingra (D),+7 sponsors",1
2025,WA,SB 5179,SB5179,,supportive,plural,Introduced,INTRODUCED,2026-01-12 00:00:00,Establishing a complaint process to address noncompliance with certain state education laws.,"Claire Wilson (D),Liz Lovelett (D),Manka Dhingra (D),+8 sponsors",1
2025,WI,SB 380,SB380,,supportive,plural,Introduced,INTRODUCED,2026-01-09 00:00:00,"Relating to: eliminating criminal defenses of adequate provocation, self-defense, or not guilty by reason of mental disease or defect if the claim is based on the victim’s gender identity or sexual orientation.","Kelda Roys (D),Tim Carpenter (D),Kris Alfheim (D),+12 sponsors",1
2025,WI,SB 324,SB324,,supportive,plural,Introduced,INTRODUCED,2026-01-09 00:00:00,Relating to: prohibiting conversion therapy.,"Tim Carpenter (D),Kris Alfheim (D),Kelda Roys (D),+12 sponsors",1
2025,WI,AB 361,AB361,,supportive,plural,Introduced,INTRODUCED,2026-01-08 00:00:00,"Relating to: eliminating criminal defenses of adequate provocation, self-defense, or not guilty by reason of mental disease or defect if the claim is based on the victim’s gender identity or sexual orientation.","Greta Neubauer (D),Ryan Spaude (D),Lee Snodgrass (D),+32 sponsors",1
2025,NY,S 7985,S7985,,supportive,plural,Introduced,INTRODUCED,2026-01-07 00:00:00,Provides for continuity of gender affirming care,Kristen Gonzalez (D),1
2025,WI,AB 359,AB359,,supportive,plural,Introduced,INTRODUCED,2026-01-08 00:00:00,Relating to: prohibiting conversion therapy.,"Lee Snodgrass (D),Angelina Cruz (D),Greta Neubauer (D),+30 sponsors",1
2025,SD,SB 18,SB18,,harmful,plural,Introduced,INTRODUCED,2025-02-18 00:00:00,"require age verification by websites containing material that is harmful to minors, and to provide a penalty therefor.","Steve Kolbeck (R),Mike Weisgram (R),Amber Arlint (R),+10 sponsors",1
2025,MT,LC 4084,LC4084,,harmful,plural,Introduced,INTRODUCED,2025-02-24 00:00:00,Revise parenting laws involving the best interest of a child who is transitioning genders,,1
2025,MT,LC 1738,LC1738,,harmful,plural,Introduced,INTRODUCED,2025-02-24 00:00:00,Require human sexuality instruction in public schools to include image of D&E abortion at certain gestational age,,1
2025,SD,HCR 6012,HCR6012,,harmful,plural,Introduced,INTRODUCED,2025-02-24 00:00:00,Urging the Supreme Court of the United States to establish marriage as between a man and a woman.,"Tony Randolph (R),Travis Ismay (R),Carl Perry (R),+2 sponsors",1
2025,MD,HB 282,HB282,,harmful,plural,Introduced,INTRODUCED,2025-02-24 00:00:00,Public Schools - Sexually Explicit Materials - Prohibited in Libraries and Media Centers,Nino Mangione (R),1
2025,MT,LC 2434,LC2434,,harmful,plural,Introduced,INTRODUCED,2025-02-21 00:00:00,Revise laws related to hypersexualized shows,,1
2025,MT,LC 898,LC898,,harmful,plural,Introduced,INTRODUCED,2025-02-21 00:00:00,Generally revise laws regarding gender transition treatment,,1
2025,WV,HB 2070,HB2070,,harmful,plural,Introduced,INTRODUCED,2025-02-21 00:00:00,To create the Parents Bill of Rights.,"Jonathan Pinson (R),Bryan Smith (R)",1
2025,MT,LC 2955,LC2955,,harmful,plural,Introduced,INTRODUCED,2025-02-20 00:00:00,Prohibit discriminatory action against persons providing adoption or foster care services,,1
2025,IL,SJR CA3,SJRCA3,,harmful,plural,Introduced,INTRODUCED,2025-02-20 00:00:00,CON AMEND-PARENTAL RIGHTS,"Terri Bryant (R),Chapin Rose (R)",1
2025,MT,LC 3821,LC3821,,harmful,plural,Introduced,INTRODUCED,2025-02-24 00:00:00,Revise laws related to child abuse and neglect,,1
2025,MO,SJR 6,SJR6,,harmful,plural,Introduced,INTRODUCED,2025-02-25 00:00:00,Amends the Constitution to assert the right of parents to participate in and direct the education of their children free from government interference,Rick Brattin (R),1
2025,IL,SB 2082,SB2082,,harmful,plural,Introduced,INTRODUCED,2025-02-28 00:00:00,ADULT CONTENT AGE VERIFICATION,"Erica Harriss (R),Li Arellano (R)",1
2025,NE,LR 6CA,LR6,,supportive,plural,Introduced,INTRODUCED,2026-01-07 00:00:00,Constitutional amendment to recognize marriage of couples regardless of gender and race and strike language regarding gender,Machaela Cavanaugh (N),1
2025,SD,HB 1053,HB1053,,harmful,plural,Signed,SIGNED BY GOVERNOR,2025-02-27 00:00:00,"require age verification by websites containing material that is harmful to minors, and to provide a penalty therefor.","Jim Mehlhaff (R),Bethany Soye (R),Amber Hulse (R),+41 sponsors",4
2025,MA,SD 627,SD627,,harmful,plural,Introduced,INTRODUCED,2025-02-27 00:00:00,An Act to ensure fairness and safety in school sports,"Ryan Fattman (R),Katie Ferriera-Aubin,Marc Lombardo (R),+1 sponsor",1
2025,OH,SB 113,SB113,,harmful,plural,Introduced,INTRODUCED,2025-02-26 00:00:00,"Prohibit diversity, equity, and inclusion in public schools","Andrew Brenner (R),Jerry Cirino (R),Tim Schaffer (R),+2 sponsors",1
2025,IA,SF 207,SF207,,harmful,plural,Introduced,INTRODUCED,2025-02-26 00:00:00,A bill for an act relating to civil liability for certain commercial entities who publish or distribute obscene material on the internet.,Kevin Alons (R),1
2025,KY,HB 397,HB397,,harmful,plural,Introduced,INTRODUCED,2025-02-12 00:00:00,AN ACT relating to human growth and development instruction.,,1
2025,MT,LC 1273,LC1273,,harmful,plural,Introduced,INTRODUCED,2025-02-11 00:00:00,Revise education laws related to human sexuality and identity instruction,,1
2025,MO,SB 56,SB56,,harmful,plural,Introduced,INTRODUCED,2025-02-11 00:00:00,Prohibits diversity-equity-inclusion requirements in school districts and charter schools,Coleman,1
2025,AL,HB 276,HB276,,harmful,plural,Introduced,INTRODUCED,2025-02-13 00:00:00,"Consumer protection, requires social media platforms terminate certain accounts, display notifications, prohibit certain actions, use age verification, provide certain tools, remove certain content, penalties provided for violations",Ben Robbins (R),1
2025,IL,HB 3686,HB3686,,harmful,plural,Introduced,INTRODUCED,2025-02-18 00:00:00,CONT SUB-PUB BLOCKER-SCH V,Tom Weber (R),1
2025,IL,HB 3666,HB3666,,harmful,plural,Introduced,INTRODUCED,2025-02-18 00:00:00,IDPH-PUBERTY BLOCKER REPORT,Tom Weber (R),1
2025,WV,HR 6,HR6,,harmful,plural,Introduced,INTRODUCED,2025-02-17 00:00:00,Recognizing Transgenderism as a Mental Disorder and Affirming the Biological Reality of Two Genders,"Elías Coop-González (R),Chuck Sheedy (R),Eric Brooks (R),+3 sponsors",1
2025,ND,HB 1593,HB1593,,harmful,plural,Introduced,INTRODUCED,2025-02-17 00:00:00,"A BILL for an Act to create and enact a new section to chapter 51-07 of the North Dakota Century Code, relating to a covered platform's liability for publishing or distributing sexual material harmful to a minor; and to provide a penalty.","Jared Hendrix (R),Karen Anderson (R),Keith Boehm (R),+9 sponsors",1
2025,NE,LB 367,LB367,,supportive,plural,Introduced,INTRODUCED,2026-01-07 00:00:00,Prohibit conversion therapy and provide for disciplinary sanctions and a deceptive trade practice,Megan Hunt (N),1
2025,MI,HB 4251,HB4251,,supportive,plural,Introduced,INTRODUCED,2025-03-19 00:00:00,Libraries: policies and practices; district library freedom to read act; establish. Creates new act. TIE BAR WITH: HB 4250'25,"Carol Glanville (D),Veronica Paiz (D),Joey Andrews (D),+11 sponsors",1
2025,HI,SB 718,SB718,,supportive,plural,Introduced,INTRODUCED,2025-12-08 00:00:00,RELATING TO EQUITY.,"Henry Aquino (D),Stanley Chang (D),Kurt Fevella (R),+4 sponsors",1
2025,GA,SB 320,SB320,,supportive,plural,Introduced,INTRODUCED,2025-03-04 00:00:00,"""Georgia Civil Rights Act of 2025""; enact","Sonya Halpern (D),Harold Jones (D),Kim Jackson (D),+2 sponsors",1
2025,GA,HB 670,HB670,,supportive,plural,Introduced,INTRODUCED,2025-03-03 00:00:00,Georgia Civil Rights Act of 2025; enact,"Jasmine Clark (D),Carolyn Hugley (D),Doreen Carter (D),+2 sponsors",1
2025,KY,HB 706,HB706,,supportive,plural,Introduced,INTRODUCED,2025-02-27 00:00:00,AN ACT relating to health education.,,1
2025,MA,SD 297,SD297,,supportive,plural,Introduced,INTRODUCED,2025-02-27 00:00:00,"An Act to promote rehabilitation including guaranteed health, treatment, and safety for incarcerated LGBTQI+ People",Julian Cyr (D),1
2025,MA,SD 2470,SD2470,,supportive,plural,Introduced,INTRODUCED,2025-02-27 00:00:00,An Act relative to LGBTQ+ health disparities,Julian Cyr (D),1
2025,MA,SD 1116,SD1116,,supportive,plural,Introduced,INTRODUCED,2025-02-27 00:00:00,An Act establishing a commission on the status of transgender people,"Pat Jehlen (D),Lindsay Sabadosa (D),Jamie Eldridge (D),+1 sponsor",1
2025,TX,HB 607,HB607,,supportive,plural,Introduced,INTRODUCED,2025-03-04 00:00:00,"Relating to prohibited discrimination by health care providers based on an individual's age, race, disability, immigration status, sex, sexual orientation, or gender identity or expression.","Flores,Donna Howard (D),Rodríguez Ramos,+4 sponsors",1
2025,MA,HD 3654,HD3654,,supportive,plural,Introduced,INTRODUCED,2025-02-27 00:00:00,An Act relative to gender identity in insurance,Jay Livingstone (D),1
2025,AZ,HCR 2033,HCR2033,,supportive,plural,Introduced,INTRODUCED,2025-02-25 00:00:00,same-sex marriage; constitutional right,"Brian Garcia (D),Lorena Austin (D),Seth Blattman (D),+15 sponsors",1
2025,MT,LC 3797,LC3797,,supportive,plural,Introduced,INTRODUCED,2025-02-24 00:00:00,Constitutional amendment repealing the ban on same sex marriage,,1
2025,WV,HB 2907,HB2907,,supportive,plural,Introduced,INTRODUCED,2025-02-24 00:00:00,"Prohibiting civil rights violations based on disability, gender identity or sexual orientation","Kayla Young (D),Evan Hansen (D)",1
2025,IA,HF 560,HF560,,supportive,plural,Introduced,INTRODUCED,2025-02-24 00:00:00,"A bill for an act relating to the rights of parents, guardians, and minors including those relating to gender transition procedure-related activities for minors, and providing effective date and retroactive applicability provisions.","Aime Wichtendahl (D),Ken Croken (D),Elinor Levin (D),+6 sponsors",1
2025,KY,HB 513,HB513,,supportive,plural,Introduced,INTRODUCED,2025-02-21 00:00:00,AN ACT relating to children and declaring an emergency.,,1
2025,WV,HB 2763,HB2763,,supportive,plural,Introduced,INTRODUCED,2025-02-21 00:00:00,Adding “sexual orientation” and “gender identity” to the categories covered by the Human Rights Act and WV Fair Housing Act,"Mike Pushkin (D),Evan Hansen (D),Hamilton",1
2025,IL,SB 1679,SB1679,,supportive,plural,Introduced,INTRODUCED,2025-02-25 00:00:00,HEALTH CARE TRANSPARENCY,"Omar Aquino (D),Dave Koehler (D),Mary Edly-Allen (D),+3 sponsors",1
2025,TX,HB 715,HB715,,supportive,plural,Introduced,INTRODUCED,2025-03-04 00:00:00,Relating to the prohibition of certain discrimination based on sexual orientation or gender identity; providing an administrative penalty.,Diego Bernal (D),1
2025,TX,HB 729,HB729,,supportive,plural,Introduced,INTRODUCED,2025-03-04 00:00:00,Relating to the prohibition of housing discrimination on the basis of sexual orientation or gender identity and to the enforcement of that prohibition.,Diego Bernal (D),1
2025,TX,HB 781,HB781,,supportive,plural,Introduced,INTRODUCED,2025-03-05 00:00:00,Relating to certain public school instructional requirements and prohibitions and the incorporation of certain instructional activities as part of student coursework.,Diego Bernal (D),1
2025,TX,HB 1601,HB1601,,supportive,plural,Introduced,INTRODUCED,2025-03-12 00:00:00,"Relating to the prohibition, prevention, and remedying of certain discrimination.","Jon Rosenthal (D),Jessica González (D),Lauren Simmons (D),+1 sponsor",1
2025,TX,HB 1559,HB1559,,supportive,plural,Introduced,INTRODUCED,2025-03-12 00:00:00,Relating to prohibited nonconsensual medical procedures and treatment on certain minors with intersex traits.,Ana Hernandez (D),1
2025,KS,HB 2407,HB2407,,supportive,plural,Introduced,INTRODUCED,2025-03-12 00:00:00,"Amending the Kansas act against discrimination to include sexual orientation, gender identity or expression and status as a veteran.",,1
2025,PA,HB 860,HB860,,supportive,plural,Introduced,INTRODUCED,2025-03-11 00:00:00,"An Act amending the act of March 10, 1949 (P.L.30, No.14), known as the Public School Code of 1949, in terms and courses of study, providing for prohibited review of curriculum, instructional materials and voluntary inquiry material in public school entities.","Paul Friel (D),Chris Pielli (D),Tarah Probst (D),+25 sponsors",1
2025,VT,S 112,S112,,supportive,plural,Introduced,INTRODUCED,2025-03-11 00:00:00,An act relating to amending a death certificate to reflect gender identity,"Ruth Hardy (D),Alison Clarkson (D),Martine Gulick (D),+2 sponsors",1
2025,TX,HB 1470,HB1470,,supportive,plural,Introduced,INTRODUCED,2025-03-11 00:00:00,Relating to a task force to study the legal and societal barriers to equality for transgender persons.,Ron Reynolds (D),1
2025,TX,HB 1365,HB1365,,supportive,plural,Introduced,INTRODUCED,2025-03-11 00:00:00,Relating to unprofessional conduct by mental health providers who attempt to change the sexual orientation of a child.,Ana Hernandez (D),1
2025,TX,HB 1273,HB1273,,supportive,plural,Introduced,INTRODUCED,2025-03-10 00:00:00,Relating to human sexuality education in public schools.,Mary González (D),1
2025,TX,HJR 80,HJR80,,supportive,plural,Introduced,INTRODUCED,2025-03-07 00:00:00,"Proposing a constitutional amendment guaranteeing the rights to an abortion and to assisted reproductive technology treatments and procedures, including in vitro fertilization.","Rodríguez Ramos,John Bryant (D)",1
2025,TX,HB 1164,HB1164,,supportive,plural,Introduced,INTRODUCED,2025-03-07 00:00:00,Relating to the prohibition of certain discrimination; authorizing civil penalties.,"Jessica González (D),Nicole Collier (D),Flores,+4 sponsors",1
2025,TX,HB 1111,HB1111,,supportive,plural,Introduced,INTRODUCED,2025-03-07 00:00:00,Relating to the prohibition of certain discrimination based on sexual orientation or gender identity or expression; providing an administrative penalty.,Ron Reynolds (D),1
2025,PA,SB 388,SB388,,supportive,plural,Introduced,INTRODUCED,2025-03-06 00:00:00,"A Joint Resolution proposing an amendment to the Constitution of the Commonwealth of Pennsylvania, further providing for prohibition against denial or abridgment of equality of rights because of sex.","Lisa Boscola (D),Sharif Street (D),Nikil Saval (D),+10 sponsors",1
2025,TX,HB 903,HB903,,supportive,plural,Introduced,INTRODUCED,2025-03-06 00:00:00,Relating to the repeal of the offense of homosexual conduct.,Joe Moody (D),1
2025,TX,HB 894,HB894,,supportive,plural,Introduced,INTRODUCED,2025-03-06 00:00:00,Relating to the acceptance of identification for voters who identify as transgender.,Ron Reynolds (D),1
2025,OH,HB 136,HB136,,supportive,plural,Introduced,INTRODUCED,2025-03-05 00:00:00,Prohibit sexual orientation or gender identity discrimination,"Tristan Rader (D),Crystal Lett (D),Karen Brownlee (D),+30 sponsors",1
2025,VT,H 281,H281,,supportive,plural,Introduced,INTRODUCED,2025-02-19 00:00:00,An act relating to amending a death certificate to reflect gender identity,"Kate McCann (D),Mari Cordes (D),Edye Graning (D),+5 sponsors",1
2025,IL,HB 3315,HB3315,,supportive,plural,Introduced,INTRODUCED,2025-02-18 00:00:00,CONVERSION THERAPY PROHIBITION,Rita Mayfield (D),1
2025,KY,HB 426,HB426,,supportive,plural,Introduced,INTRODUCED,2025-02-14 00:00:00,AN ACT relating to youth mental health protection and declaring an emergency.,,1
2025,MO,SB 285,SB285,,supportive,plural,Introduced,INTRODUCED,2025-02-13 00:00:00,Prohibits certain mental health professionals from engaging in conversion therapy for minors,Tracy McCreery (D),1
2025,TX,SB 168,SB168,,supportive,plural,Introduced,INTRODUCED,2025-02-03 00:00:00,Relating to unprofessional conduct by mental health providers who attempt to change the sexual orientation of a child.,"José Menéndez (D),César Blanco (D),Cook,+2 sponsors",1
2025,TX,SB 150,SB150,,supportive,plural,Introduced,INTRODUCED,2025-02-03 00:00:00,Relating to the prohibition of certain discrimination; authorizing civil penalties.,"José Menéndez (D),Carol Alvarado (D),César Blanco (D),+3 sponsors",1
2025,IN,HB 1444,HB1444,,supportive,plural,Introduced,INTRODUCED,2025-01-30 00:00:00,Gender transition procedures for minors.,"Chris Campbell (D),Sue Errington (D),Matt Pierce (D)",1
2025,AZ,HB 2358,HB2358,,supportive,plural,Introduced,INTRODUCED,2025-01-29 00:00:00,adequate provocation; unavailability; transgender; gay,"Patty Contreras (D),Anna Abeytia (D),Lorena Austin (D),+7 sponsors",1
2025,IA,SF 113,SF113,,supportive,plural,Introduced,INTRODUCED,2025-01-28 00:00:00,"A bill for an act relating to children and students, including by modifying provisions related to a parent’s or guardian’s rights to make decisions affecting the parent’s or guardian’s child, the educational program and human growth and development curriculum provided to students enrolled in school districts, charter schools, and innovation zone schools, student health screenings, school district library programs, special education, and other duties of school districts and the governing boards of charter schools and innovation zone schools.",Molly Donahue (D),1
2025,PA,HB 226,HB226,,supportive,plural,Introduced,INTRODUCED,2025-01-22 00:00:00,"An Act providing for the protection of patients and medical personnel from health care facility retaliation, for prohibitions, for rebuttable presumptions, for discriminatory treatment, for evidence, for civil penalties and remedies, for criminal penalty, for restitution and damages, for injunctive relief, for peer review activity and for exemption.","Joe Ciresi (D),Jim Haddock (D),Nancy Guenst (D),+11 sponsors",1
2025,VT,H 55,H55,,supportive,plural,Introduced,INTRODUCED,2025-01-22 00:00:00,An act relating to coverage for fertility treatment and gender-affirming health care services,"Troy Headrick (I),Elizabeth Burrows (D),Conor Casey (D),+9 sponsors",1
2025,CT,SB 1025,SB01025,,supportive,plural,Introduced,INTRODUCED,2025-01-22 00:00:00,AN ACT PROHIBITING DISCRIMINATION IN THE PROVISION OF HEALTH CARE SERVICES.,,1
2025,AZ,HB 2359,HB2359,,supportive,plural,Introduced,INTRODUCED,2025-01-22 00:00:00,conversion therapy; funding; prohibitions; minors,"Patty Contreras (D),Anna Abeytia (D),Cesar Aguilar (D),+11 sponsors",1
2025,MD,SB 1,SB1,,supportive,plural,Introduced,INTRODUCED,2025-01-21 00:00:00,"Legally Protected Health Care - Reproductive, Fertility Preservation, and Contraceptive Treatment and Services (IVF and Contraception Shield Act of 2025)","Jeff Waldstreicher (D),Shelly Hettleman (D),Clarence Lam (D)",1
2025,MA,HD 4136,HD4136,,supportive,plural,Introduced,INTRODUCED,,An Act relative to LGBTQ+ health disparities,Sam Montaño (D),1
2025,MD,SB 314,SB314,,supportive,plural,Introduced,INTRODUCED,2025-01-20 00:00:00,"Certificates of Birth, Licenses, and Identification Cards - Sex Designation (Birth Certificate Modernization Act)","Clarence Lam (D),Jeff Waldstreicher (D)",1
2025,IL,SR 10,SR10,,supportive,plural,Introduced,INTRODUCED,2025-01-17 00:00:00,CONDEMNS-CONVERSION THERAPY,Mary Edly-Allen (D),1
2025,ID,S 1004,S1004,,supportive,plural,Introduced,INTRODUCED,2025-01-17 00:00:00,CIVIL RIGHTS – Amends existing law to provide that freedom from discrimination because of sexual orientation or gender identity is a civil right.,Melissa Wintrow (D),1
2025,TX,SB 189,SB189,,supportive,plural,Introduced,INTRODUCED,2025-02-03 00:00:00,Relating to a criminal offense committed against a person because of bias or prejudice on the basis of sexual orientation or gender identity.,José Menéndez (D),1
2025,MO,SB 608,SB608,,supportive,plural,Introduced,INTRODUCED,2025-03-13 00:00:00,Prohibits discrimination based on sexual orientation or gender identity,Lewis,1
2025,TX,SB 190,SB190,,supportive,plural,Introduced,INTRODUCED,2025-02-03 00:00:00,Relating to the repeal of statutes regarding the criminality or unacceptability of homosexual conduct and to the recognition of certain same-sex relationship statuses.,"José Menéndez (D),César Blanco (D),Cook,+3 sponsors",1
2025,MS,HB 350,HB350,,supportive,plural,Introduced,INTRODUCED,2025-02-04 00:00:00,Comprehensive sex education; require teaching of in Grades K-12.,Omeria Scott (D),1
2025,TX,SB 833,SB833,,supportive,plural,Introduced,INTRODUCED,2025-02-13 00:00:00,Relating to conditions applicable to health benefit plan coverage of in vitro fertilization procedures.,Johnson,1
2025,OH,SB 71,SB71,,supportive,plural,Introduced,INTRODUCED,2025-02-12 00:00:00,Prohibit conversion therapy for minors by certain professionals,"Nickie Antonio (D),Beth Liston (D),Hearcel Craig (D),+5 sponsors",1
2025,OH,SB 70,SB70,,supportive,plural,Introduced,INTRODUCED,2025-02-12 00:00:00,Enact the Ohio Fairness Act,"Nickie Antonio (D),Willis Blackshear (D),Hearcel Craig (D),+6 sponsors",1
2025,KY,HB 380,HB380,,supportive,plural,Introduced,INTRODUCED,2025-02-12 00:00:00,AN ACT relating to human sexuality instruction in public schools.,,1
2025,NC,HB 76,H76,,supportive,plural,Introduced,INTRODUCED,2025-02-11 00:00:00,Protect Access to In Vitro Fertilization.,"Tricia Cotham (R),Grant Campbell (R),Erin Paré (R),+5 sponsors",1
2025,GA,SR 167,SR167,,supportive,plural,Introduced,INTRODUCED,2025-02-11 00:00:00,Recognition of Marriage; only the union of man and woman; repeal -CA,"RaShaun Kemp (D),Kim Jackson (D),Harold Jones (D),+18 sponsors",1
2025,AZ,HB 2758,HB2758,,supportive,plural,Introduced,INTRODUCED,2025-02-11 00:00:00,antidiscrimination; public accommodations; employment; housing,"Patty Contreras (D),Anna Abeytia (D),Cesar Aguilar (D),+5 sponsors",1
2025,MD,HB 1368,HB1368,,supportive,plural,Introduced,INTRODUCED,2025-02-10 00:00:00,"Certificates of Birth, Licenses, and Identification Cards - Sex Designation (Birth Certificate Modernization Act)","Martinez,Gabriel Acevero (D),Bonnie Cullison (D),+5 sponsors",1
2025,KY,HB 235,HB235,,supportive,plural,Introduced,INTRODUCED,2025-02-07 00:00:00,AN ACT relating to civil rights.,,1
2025,KY,SB 94,SB94,,supportive,plural,Introduced,INTRODUCED,2025-02-06 00:00:00,AN ACT relating to conversion therapy.,,1
2025,KY,SB 90,SB90,,supportive,plural,Introduced,INTRODUCED,2025-02-06 00:00:00,AN ACT relating to children.,,1
2025,ID,HJR 2,HJR2,,supportive,plural,Introduced,INTRODUCED,2025-02-06 00:00:00,MARRIAGE – Proposes an amendment to the state constitution to repeal the prohibition on same sex marriage.,Ilana Rubel (D),1
2025,KS,HB 2267,HB2267,,supportive,plural,Introduced,INTRODUCED,2025-02-05 00:00:00,Prohibiting certain licensed individuals from using conversion therapy on minors.,,1
2025,AZ,SCR 1024,SCR1024,,supportive,plural,Introduced,INTRODUCED,2025-02-05 00:00:00,same-sex marriage; constitutional right.,"Lauren Kuby (D),Lela Alston (D),Rosanna Gabaldón (D),+3 sponsors",1
2025,MS,SB 2057,SB2057,,supportive,plural,Introduced,INTRODUCED,2025-02-04 00:00:00,Mississippi Civil Rights Act; enact.,Simmons,1
2025,VA,HB 2563,HB2563,,supportive,plural,Introduced,INTRODUCED,2025-02-04 00:00:00,"Assisted conception; certain medical treatments, written contract required.","Kim Taylor (R),Chad Green (R),Ellen Campbell (R)",1
2025,WV,HB 3495,HB3495,,supportive,plural,Introduced,INTRODUCED,2025-03-18 00:00:00,"Prohibiting civil rights violations based on disability, gender identity or sexual orientation","John Williams (D),Kayla Young (D)",1
2025,MI,HB 4250,HB4250,,supportive,plural,Introduced,INTRODUCED,2025-03-19 00:00:00,Libraries: policies and practices; public library freedom to read act; establish. Creates new act. TIE BAR WITH: HB 4251'25,"Veronica Paiz (D),Carol Glanville (D),Joey Andrews (D),+11 sponsors",1
2025,TX,HB 2758,HB2758,,supportive,plural,Introduced,INTRODUCED,2025-03-19 00:00:00,Relating to certain statutory changes to reflect and address same-sex marriages and parenting relationships and to the removal of provisions regarding the criminality or unacceptability of homosexual conduct.,John Bryant (D),1
2025,FL,HB 823,H0823,,supportive,plural,Introduced,INTRODUCED,2025-06-16 00:00:00,Health Care,Anna Eskamani (D),1
2025,FL,HB 1235,H1235,,supportive,plural,Introduced,INTRODUCED,2025-06-16 00:00:00,Gay and Transgender Panic Legal Defenses,"Rita Harris (D),Daryl Campbell (D)",1
2025,ME,LD 1945,LD1945,,supportive,plural,Signed,SIGNED BY GOVERNOR,2025-06-10 00:00:00,An Act To Clarify Data Collection Processes In Health Care Facilities,Ambureen Rana (D),4
2025,RI,HB 6368,H6368,,supportive,plural,Introduced,INTRODUCED,2025-06-03 00:00:00,AN ACT RELATING TO INSURANCE -- ACCIDENT AND SICKNESS INSURANCE POLICIES,"Rebecca Kislak (D),Susan Donovan (D),June Speakman (D),+7 sponsors",1
2025,NM,SB 508,SB508,,supportive,plural,Introduced,INTRODUCED,2025-06-03 00:00:00,COVERAGE FOR CERTAIN HEALTH CARE,"Heather Berghmans (D),Carrie Hamblen (D),Angel Charley (D),+2 sponsors",1
2025,NM,SB 258,SB258,,supportive,plural,Introduced,INTRODUCED,2025-06-03 00:00:00,HUMAN SEXUALITY EDUCATION,"Yanira Gurrola (D),Angel Charley (D)",1
2025,CT,HB 6913,HB06913,,supportive,plural,Signed,SIGNED BY GOVERNOR,2025-06-03 00:00:00,AN ACT PROHIBITING LONG-TERM CARE FACILITIES FROM DISCRIMINATING AGAINST LONG-TERM CARE FACILITY RESIDENTS.,,4
2025,NV,SB 171,SB171,,supportive,plural,Vetoed,VETOED,2025-06-02 00:00:00,Enacts a shield law to protect the transgender community. (BDR 54-12),"James Ohrenschall (D),Melanie Scheible (D)",5
2025,IL,SB 2507,SB2507,,supportive,plural,Introduced,INTRODUCED,2025-05-29 00:00:00,PARENTAGE-EQUALITY,"Don Harmon (D),Laura Fine (D),Graciela Guzmán (D),+5 sponsors",1
2025,OH,HB 300,HB300,,supportive,plural,Introduced,INTRODUCED,2025-05-28 00:00:00,Prohibit conversion therapy for minors by certain professionals,"Karen Brownlee (D),Crystal Lett (D),Beryl Piccolantonio (D),+12 sponsors",1
2025,IL,HB 2904,HB2904,,supportive,plural,Introduced,REFERRED TO COMMITTEE,2025-05-28 00:00:00,HEALTH CARE TRANSPARENCY,"Dee Avelar (D),Kelly Cassidy (D),Laura Faver Dias (D),+6 sponsors",1
2025,MT,LC 2832,LC2832,,supportive,plural,Introduced,INTRODUCED,2025-05-27 00:00:00,Prohibit panic defense in criminal proceedings,,1
2025,VT,H 98,H98,,supportive,plural,Signed,SIGNED BY GOVERNOR,2025-05-22 00:00:00,An act relating to confirmatory adoptions and standby guardianships,"Barbara Rachelson (D),Angela Arsenault (D),Kevin Christie (D),+3 sponsors",4
2025,IL,HB 2683,HB2683,,supportive,plural,Introduced,REFERRED TO COMMITTEE,2025-05-21 00:00:00,PARENTAGE-EQUALITY,"Tracy Katz Muhl (D),Kelly Cassidy (D),Anne Stava (D),+36 sponsors",1
2025,WA,HB 1296,HB1296,,supportive,plural,Signed,BECAME LAW,2025-05-20 00:00:00,Promoting a safe and supportive public education system.,"Monica Stonier (D),Nicole Macri (D),Debra Lekanoff (D),+21 sponsors",4
2025,FL,SB 1340,S1340,,supportive,plural,Introduced,INTRODUCED,2025-06-16 00:00:00,Gay and Transgender Panic Legal Defenses,Smith,1
2025,FL,SB 144,S0144,,supportive,plural,Introduced,INTRODUCED,2025-06-16 00:00:00,Marriage Between Persons of the Same Sex,Tina Polsky (D),1
2025,ME,LD 1328,LD1328,,supportive,plural,Passed,PASSED,2025-06-25 00:00:00,An Act To Create Housing And Recovery Services For Lgbtqia+ Individuals,"Laurie Osher (D),Cheryl Golek (D),Craig Hickman (D),+6 sponsors",4
2025,HI,SB 23,SB23,,supportive,plural,Introduced,INTRODUCED,2025-12-08 00:00:00,RELATING TO INSURANCE.,"Jarrett Keohokalole (D),Stanley Chang (D),Troy Hashimoto (D),+2 sponsors",1
2025,HI,SB 1224,SB1224,,supportive,plural,Introduced,INTRODUCED,2025-12-08 00:00:00,RELATING TO INSURANCE.,"Karl Rhoads (D),Stanley Chang (D)",1
2025,HI,SB 1010,SB1010,,supportive,plural,Introduced,INTRODUCED,2025-12-08 00:00:00,RELATING TO SEX-BASED DISCRIMINATION.,"LEE,C.,Stanley Chang (D),+2 sponsors",1
2025,HI,HB 758,HB758,,supportive,plural,Introduced,INTRODUCED,2025-12-08 00:00:00,RELATING TO SEX-BASED DISCRIMINATION.,"Amy Perruso (D),Terez Amato (D),Della Belatti (D),+7 sponsors",1
2025,HI,HB 710,HB710,,supportive,plural,Introduced,INTRODUCED,2025-12-08 00:00:00,RELATING TO INSURANCE.,Jenna Takenouchi (D),1
2025,MA,S 1660,S1660,,supportive,plural,Introduced,INTRODUCED,2025-12-04 00:00:00,"An Act to promote rehabilitation including guaranteed health, treatment, and safety for incarcerated LGBTQI+ People",Julian Cyr (D),1
2025,NY,S 6377,S6377,,supportive,plural,Introduced,INTRODUCED,2025-11-25 00:00:00,Requires Medicaid to cover gender-affirming care regardless of federal funding; prohibits discriminatory practices by health care entities and insurers; relates to coverage for treatment for gender dysphoria,Brad Hoylman-Sigal (D),1
2025,MA,S 2155,S2155,,supportive,plural,Introduced,INTRODUCED,2025-11-24 00:00:00,An Act establishing a commission on the status of transgender people,"Pat Jehlen (D),Lindsay Sabadosa (D),Jamie Eldridge (D),+6 sponsors",1
2025,CA,SB 59,SB59,,supportive,plural,Signed,BECAME LAW,2025-10-13 00:00:00,Change of name or gender and sex identifier.,"Scott Wiener (D),Christopher Cabaldon (D),Sabrina Cervantes (D),+9 sponsors",4
2025,CA,SB 418,SB418,,supportive,plural,Vetoed,VETOED,2025-10-13 00:00:00,Health care coverage: prescription hormone therapy and nondiscrimination.,"Caroline Menjivar (D),Sabrina Cervantes (D),Mia Bonta (D)",5
2025,CA,AB 1084,AB1084,,supportive,plural,Signed,BECAME LAW,2025-10-13 00:00:00,Change of name and gender and sex identifier.,"Rick Zbur (D),Mark González (D),Corey Jackson (D),+8 sponsors",4
2025,CA,AB 715,AB715,,supportive,plural,Signed,BECAME LAW,2025-10-07 00:00:00,Educational equity: discrimination: antisemitism prevention.,"Rick Zbur (D),Dawn Addis (D),Mike Fong (D),+4 sponsors",4
2025,TX,SB 50,SB50,,supportive,plural,Introduced,INTRODUCED,2025-07-28 00:00:00,Relating to including instruction on contraception as part of human sexuality instruction in public schools.,Carol Alvarado (D),1
2025,CT,SB 1380,SB01380,,supportive,plural,Signed,SIGNED BY GOVERNOR,2025-07-08 00:00:00,AN ACT PROHIBITING DISCRIMINATION BY HEALTH CARE PROVIDERS IN THE PROVISION OF HEALTH CARE SERVICES IN THE STATE.,,4
2025,ME,LD 260,LD260,,supportive,plural,Advancing,PASSED LOWER,2025-06-25 00:00:00,"Resolution, Proposing An Amendment To The Constitution Of Maine To Establish That All Maine Residents Have Equal Rights Under The Law","Holly Sargent (D),Mana Abdi (D),Dan Ankeles (D),+90 sponsors",2
2025,FL,SB 932,S0932,,supportive,plural,Introduced,INTRODUCED,2025-06-16 00:00:00,Health Care Freedom Act,"Shev Jones (D),Smith",1
2025,HI,SB 799,SB799,,supportive,plural,Introduced,INTRODUCED,2025-12-08 00:00:00,RELATING TO THE FREEDOM TO READ.,"Karl Rhoads (D),Stanley Chang (D),Carol Fukunaga (D),+1 sponsor",1
2025,MO,HB 796,HB796,,supportive,plural,Introduced,INTRODUCED,2025-05-15 00:00:00,Prohibits certain mental health professionals from engaging in conversion therapy with minors,Keri Ingle (D),1
2025,MO,HB 1460,HB1460,,supportive,plural,Introduced,INTRODUCED,2025-05-15 00:00:00,"Prohibits discrimination based on sexual orientation, gender identity, or veteran status","Wick Thomas (D),Lilly Fuchs (D)",1
2025,MN,SF 3154,SF3154,,supportive,plural,Introduced,INTRODUCED,2025-04-03 00:00:00,Foster youth bill of rights establishment,"Mary Kunesh-Podein (D),Erin Maye Quade (D),Bobby Joe Champion (D)",1
2025,TX,HB 4328,HB4328,,supportive,plural,Introduced,INTRODUCED,2025-04-01 00:00:00,Relating to a limitation on the use of a victim's gender identity or sexual orientation as the basis for a defense in the trial of a criminal offense.,Joe Moody (D),1
2025,MN,HF 3024,HF3024,,supportive,plural,Introduced,INTRODUCED,2025-04-01 00:00:00,Foster youth bill of rights established.,Jess Hanson (D),1
2025,NC,HB 538,H538,,supportive,plural,Introduced,INTRODUCED,2025-03-27 00:00:00,Equality for All.,"Allison Dahle (D),Deb Butler (D),Pricey Harrison (D),+8 sponsors",1
2025,MN,SF 3018,SF3018,,supportive,plural,Introduced,INTRODUCED,2025-03-27 00:00:00,Court procedure for a change of sex to vital records clarification,"Clare Oumou Verbeten (D),Erin Maye Quade (D),Scott Dibble (D),+1 sponsor",1
2025,NC,HB 502,H502,,supportive,plural,Introduced,INTRODUCED,2025-03-26 00:00:00,Gender-Affirming Rights Act.,"Allison Dahle (D),Deb Butler (D),Pricey Harrison (D),+4 sponsors",1
2025,NC,HB 497,H497,,supportive,plural,Introduced,INTRODUCED,2025-03-26 00:00:00,Ban on Gay and Trans Panic Defense.,"Allison Dahle (D),Vernetta Alston (D),Cynthia Ball (D),+17 sponsors",1
2025,VA,SJ 249,SJ249,,supportive,plural,Passed,PASSED,2025-03-25 00:00:00,Constitutional amendment; marriage between two adult persons.,"Adam Ebbin (D),Ghazala Hashmi (D),Scott Surovell (D),+18 sponsors",4
2025,VA,HJ 9,HJ9,,supportive,plural,Passed,PASSED,2025-03-25 00:00:00,Constitutional amendment; marriage between two adult persons.,"Mark Sickles (D),Elizabeth Bennett-Parker (D),David Bulova (D),+52 sponsors",4
2025,NC,HB 494,H494,,supportive,plural,Introduced,INTRODUCED,2025-03-25 00:00:00,Mental Health Protection Act.,"Allison Dahle (D),Pricey Harrison (D),Eric Ager (D),+19 sponsors",1
2024,NJ,S 4278,S4278,,supportive,plural,Introduced,INTRODUCED,2025-03-24 00:00:00,Makes various revisions to law pertaining to electronic medical records and recording certain minor patients' demographic information.,"Holly Schepisi (R),Jim Holzapfel (R)",1
2025,NC,SB 382,S382,,supportive,plural,Introduced,INTRODUCED,2025-03-24 00:00:00,Mental Health Protection Act.,"Lisa Grafstein (D),Natalie Murdock (D),Sophia Chitlik (D),+3 sponsors",1
2025,IL,HB 2381,HB2381,,supportive,plural,Introduced,REFERRED TO COMMITTEE,2025-03-21 00:00:00,SCH CD-SCH BD-LGBTQ+ TRAINING,"Laura Faver Dias (D),Marcus Evans (D),Maura Hirschauer (D),+10 sponsors",1
2024,NJ,A 5488,A5488,,supportive,plural,Introduced,INTRODUCED,2025-03-20 00:00:00,Makes various revisions to law pertaining to electronic medical records and recording certain minor patients' demographic information.,"John Azzariti (R),Greg McGuckin (R)",1
2025,MO,HB 703,HB703,,supportive,plural,Introduced,INTRODUCED,2025-05-15 00:00:00,Creates provisions relating to the use of reproductive or sexual health application information,Eric Woods (D),1
2025,TX,HB 5056,HB5056,,supportive,plural,Introduced,INTRODUCED,2025-04-07 00:00:00,Relating to human sexuality education in public schools.,Ron Reynolds (D),1
2025,NV,AB 74,AB74,,supportive,plural,Introduced,INTRODUCED,2025-04-12 00:00:00,Revises provisions relating to insurance. (BDR 57-256),Assembly Committee on Commerce and Labor,1
2025,MO,HB 1091,HB1091,,supportive,plural,Introduced,INTRODUCED,2025-05-15 00:00:00,Prohibits certain mental health professionals from engaging in conversion therapy with minors,"Jeremy Dean (D),Wick Thomas (D),Lilly Fuchs (D)",1
2025,CO,SB 25-130,SB25,,supportive,plural,Signed,SIGNED BY GOVERNOR,2025-05-14 00:00:00,Providing Emergency Medical Services,"Julie Gonzales (D),Mike Weissman (D),Meg Froelich (D),+57 sponsors",4
2025,TX,HB 5494,HB5494,,supportive,plural,Introduced,INTRODUCED,2025-05-14 00:00:00,Relating to parentage resulting from assisted reproduction and gestational agreements.,John Bryant (D),1
2025,WA,SB 5632,SB5632,,supportive,plural,Signed,BECAME LAW,2025-05-12 00:00:00,Protecting the confidentiality of records and information that may be relevant to another state's enforcement of its laws.,"Drew Hansen (D),Bob Hasegawa (D),Rebecca Saldaña (D),+3 sponsors",4
2024,NJ,A 5630,A5630,,supportive,plural,Introduced,INTRODUCED,2025-05-08 00:00:00,"Mandates biennial LGBTQ+ cultural training for certain educators, healthcare professionals, and State employees.",Jessica Ramirez (D),1
2025,MI,HB 4450,HB4450,,supportive,plural,Introduced,INTRODUCED,2025-05-07 00:00:00,Labor: fair employment practices; certain physical characteristics of employees; prohibit employers from discriminating based on. Creates new act.,"Tyrone Carter (D),Carol Glanville (D),Julie Brixie (D),+30 sponsors",1
2025,MA,H 1252,H1252,,supportive,plural,Introduced,INTRODUCED,2025-05-07 00:00:00,An Act relative to gender identity in insurance,"Jay Livingstone (D),Sam Montaño (D)",1
2025,AR,HB 1032,HB1032,,supportive,plural,Introduced,INTRODUCED,2025-05-05 00:00:00,TO BAN CONVERSION THERAPY.,"Andrew Collins (D),Joy Springer (D)",1
2025,PA,HB 1315,HB1315,,supportive,plural,Introduced,INTRODUCED,2025-04-28 00:00:00,"An Act amending Title 54 (Names) of the Pennsylvania Consolidated Statutes, in judicial change of name, further providing for court approval required for change of name.","Ben Sanchez (D),Nancy Guenst (D),Carol Hill-Evans (D),+15 sponsors",1
2025,PA,HB 1312,HB1312,,supportive,plural,Introduced,INTRODUCED,2025-04-28 00:00:00,"An Act amending the act of June 29, 1953 (P.L.304, No.66), known as the Vital Statistics Law of 1953, in death and fetal death registration, providing for nonbinary designation.","Ben Sanchez (D),Joe Hohenstein (D),Ben Waxman (D),+12 sponsors",1
2025,CT,HB 7135,HB07135,,supportive,plural,Introduced,INTRODUCED,2025-04-24 00:00:00,AN ACT CONCERNING THE PROVISION OF REPRODUCTIVE AND GENDER-AFFIRMING HEALTH CARE SERVICES TO PATIENTS.,,1
2025,WI,AB 215,AB215,,supportive,plural,Introduced,INTRODUCED,2025-04-23 00:00:00,Relating to: eliminating the publication requirement for a name change petition seeking to conform an individual’s name with the individual’s gender identity.,"Ryan Clancy (D),Lee Snodgrass (D),Margaret Arney (D),+28 sponsors",1
2025,LA,HB 429,HB429,,supportive,plural,Introduced,INTRODUCED,2025-04-14 00:00:00,EMPLOYMENT/DISCRIMINATN: Provides relative to employment discrimination based on gender identity and sexual orientation,Delisha Boyd (D),1
2025,MT,HB 753,HB753,,harmful,plural,Introduced,INTRODUCED,2025-05-20 00:00:00,Require human sexuality instruction in public schools to include image of D&E abortion at certain gestational age,Lukas Schubert (R),1
2025,AL,SB 101,SB101,,harmful,plural,Signed,BECAME LAW,2025-05-22 00:00:00,"Consent to medical treatment; age at which minor may consent to medical treatment revised, exceptions further provided for",Larry Stutts (R),4
2025,MO,HJR 63,HJR63,,harmful,plural,Introduced,INTRODUCED,2025-05-15 00:00:00,Proposes a constitutional amendment establishing provisions relating to reproductive health care,"Ben Baker (R),David Casteel (R)",1
2025,MO,HB 691,HB691,,harmful,plural,Introduced,INTRODUCED,2025-05-15 00:00:00,Creates a requirement that users must provide government-issued identification prior to viewing pornographic materials provided by commercial entities on the internet,"Mazzie Christensen (R),Mitch Boggs (R)",1
2025,MO,HB 542,HB542,,harmful,plural,Introduced,INTRODUCED,2025-05-15 00:00:00,Creates provisions relating to unlawful discrimination in places of public accommodation,Justin Sparks (R),1
2025,MO,HB 462,HB462,,harmful,plural,Introduced,INTRODUCED,2025-05-15 00:00:00,Requires schools to adopt school policies governing materials that are obscene or harmful to minors,Mazzie Christensen (R),1
2025,MO,HB 461,HB461,,harmful,plural,Introduced,INTRODUCED,2025-05-15 00:00:00,Requires instruction on human sexuality and development in schools,"Mazzie Christensen (R),Cathy Loy (R)",1
2025,MO,HJR 47,HJR47,,harmful,plural,Introduced,INTRODUCED,2025-05-15 00:00:00,Proposes a constitutional amendment establishing provisions relating to reproductive health care,"Ed Lewis (R),John Simmons (R)",1
2025,MT,LC 2044,LC2044,,harmful,plural,Introduced,INTRODUCED,2025-05-22 00:00:00,Require a sex assigned at birth bathroom requirement in state departments and buildings,,1
2025,MT,SB 114,SB114,,harmful,plural,Introduced,INTRODUCED,2025-05-23 00:00:00,Provide for display of Ten Commandments in public schools,Bob Phalen (R),1
2025,ME,LD 1974,LD1974,,harmful,plural,Introduced,INTRODUCED,2025-06-09 00:00:00,An Act To Affirm Parental Rights,"Liz Caruso (R),Mark Babin (R),Quentin Chapman (R),+3 sponsors",1
2025,NM,HB 44,HB44,,harmful,plural,Introduced,INTRODUCED,2025-06-03 00:00:00,PROTECT OF MINORS FROM HARMFUL MATERIAL,John Block (R),1
2025,IL,SB 2316,SB2316,,harmful,plural,Introduced,REFERRED TO COMMITTEE,2025-06-02 00:00:00,PARENTAL CONSENT SOCIAL MEDIA,Laura Ellman (D),1
2025,MO,HJR 73,HJR73,,harmful,plural,Advancing,PASSED LOWER,2025-05-30 00:00:00,Proposes a constitutional amendment that establishes provisions relating to reproductive health care,"Ed Lewis (R),Brian Seitz (R),Michael Davis (R),+7 sponsors",2
2025,PA,HB 1513,HB1513,,harmful,plural,Introduced,INTRODUCED,2025-05-29 00:00:00,"An Act amending Title 18 (Crimes and Offenses) of the Pennsylvania Consolidated Statutes, in computer offenses, providing for liability for Internet publishers and distributors of material harmful to minors.","Jill Cooper (R),Johanny Cepeda-Freytiz (D),Jamie Flick (R),+18 sponsors",1
2025,TX,SB 1257,SB1257,,harmful,plural,Signed,BECAME LAW,2025-05-24 00:00:00,Relating to required health benefit plan coverage for gender transition adverse effects and reversals.,"Bryan Hughes (R),Jeff Leach (R),Kevin Sparks (R),+2 sponsors",4
2025,MO,HB 429,HB429,,harmful,plural,Introduced,INTRODUCED,2025-05-15 00:00:00,"Requires school districts to provide ""period products"" at no cost in middle schools and high schools and charter schools and repeals provisions prohibiting abortion services providers from providing instruction on human sexuality or sexually transmitted diseases","Wick Thomas (D),Jeremy Dean (D),Lilly Fuchs (D)",1
2025,MI,HB 4468,HB4468,,harmful,plural,Introduced,INTRODUCED,2025-05-08 00:00:00,Insurance: health insurers; coverage for adverse consequences related to gender transition and reversal of gender transition; require. Amends 1956 PA 218 (MCL 500.100 - 500.8302) by adding sec. 3406ww.,"Tom Kunse (R),Pat Outman (R),Angela Rigas (R),+12 sponsors",1
2025,OH,HB 249,HB249,,harmful,plural,Introduced,INTRODUCED,2025-05-07 00:00:00,Enact the Indecent Exposure Modernization Act,"Angie King (R),Josh Williams (R),Jim Hoops (R),+41 sponsors",1
2025,NC,HB 519,H519,,harmful,plural,Advancing,PASSED LOWER,2025-05-07 00:00:00,Parents' Medical Bill of Rights.,"Jennifer Balkcom (R),Donnie Loftis (R),Brian Biggs (R),+30 sponsors",2
2025,MI,SB 291,SB291,,harmful,plural,Introduced,INTRODUCED,2025-05-07 00:00:00,Insurance: health insurers; coverage for adverse consequences related to gender transition and reversal of gender transition; require. Amends 1956 PA 218 (MCL 500.100 - 500.8302) by adding sec. 3406ww.,"Jonathan Lindsey (R),Thomas Albert (R),Kevin Daley (R),+4 sponsors",1
2025,IN,SB 442,SB442,,harmful,plural,Signed,BECAME LAW,2025-05-06 00:00:00,Instruction on human sexuality.,"Gary Byrne (R),Jeff Raatz (R),Mike Young (R),+3 sponsors",4
2025,AR,SB 164,SB164,,harmful,plural,Introduced,INTRODUCED,2025-05-05 00:00:00,TO AUTHORIZE A PUBLIC SCHOOL TO EMPLOY OR ACCEPT AS A VOLUNTEER A CHAPLAIN.,"Jim Dotson (R),Hope Duke (R)",1
2025,TX,HB 778,HB778,,harmful,plural,Introduced,INTRODUCED,2025-05-10 00:00:00,Relating to required health benefit plan coverage for gender transition adverse effects and reversals.,"Jeff Leach (R),Helen Kerwin (R),Hillary Hickland (R),+13 sponsors",1
2025,NH,HB 10,HB10,,harmful,plural,Signed,SIGNED BY GOVERNOR,2025-06-11 00:00:00,establishing a parental bill of rights.,"Sherm Packard (R),Debra L DeSimone,Jason Osborne (R),+3 sponsors",4
2025,MO,HB 1275,HB1275,,harmful,plural,Introduced,INTRODUCED,2025-05-15 00:00:00,Repeals provisions relating to gender transition procedures,Wick Thomas (D),1
2025,OH,HB 262,HB262,,harmful,plural,Introduced,INTRODUCED,2025-05-14 00:00:00,Designate Natural Family Month,"Beth Lear (R),Josh Williams (R),Thomas Hall (R),+25 sponsors",1
2025,TX,SB 451,SB451,,harmful,plural,Introduced,INTRODUCED,2025-05-14 00:00:00,"Relating to the purchase, adoption, and use of instructional materials by public schools.","Mayes Middleton (R),Donna Campbell (R),Adam Hinojosa (R),+3 sponsors",1
2025,TX,HB 497,HB497,,harmful,plural,Introduced,INTRODUCED,2025-05-13 00:00:00,Relating to requiring parental consent for behavioral or mental health treatment by school district personnel.,"Jared Patterson (R),Carrie Isaac (R),David Spiller (R)",1
2025,AZ,HB 2112,HB2112,,harmful,plural,Signed,SIGNED BY GOVERNOR,2025-05-13 00:00:00,internet pornography; minors; age verification,"Nick Kupper (R),Walt Blackman (R),Michael Carbone (R),+9 sponsors",4
2025,MO,HB 236,HB236,,harmful,plural,Introduced,INTRODUCED,2025-05-12 00:00:00,Establishes provisions relating to civil liability for publishing or distributing material harmful to minors on the internet,"Sherri Gallick (R),Brad Banderman (R),Melissa Schmidt (R),+13 sponsors",1
2025,NH,SB 72,SB72,,harmful,plural,Passed,PASSED,2025-06-12 00:00:00,establishing a parental bill of rights.,"Tim Lang (R),Sharon Carson (R),Jason Osborne (R),+15 sponsors",4
2025,NY,S 3591,S3591,,harmful,plural,Introduced,INTRODUCED,2026-01-07 00:00:00,Requires age verification for internet pornography websites,"Jake Ashby (R),George Borrello (R),Peter Oberacker (R),+14 sponsors",1
2025,NY,A 8053,A8053,,harmful,plural,Introduced,INTRODUCED,2026-01-07 00:00:00,Provides for temporary exemptions to educational institutions from certain requirements related to the multi-occupancy bathrooms and locker rooms; and authorizes funding for related improvements,"Will Barclay (R),Ken Blankenbush (R),Scott Gray (R),+1 sponsor",1
2025,NY,A 3946,A3946,,harmful,plural,Introduced,INTRODUCED,2026-01-07 00:00:00,Requires age verification for internet pornography websites,"Mary Beth Walsh (R),Joe Angelino (R),Brian Maher (R),+11 sponsors",1
2025,NY,A 3773,A3773,,harmful,plural,Introduced,INTRODUCED,2026-01-07 00:00:00,Requires parental consent for sexual health education for certain students,"Jaime Williams (D),Al Taylor (D),Brian Manktelow (R),+9 sponsors",1
2025,HI,SB 1542,SB1542,,harmful,plural,Introduced,INTRODUCED,2025-12-08 00:00:00,RELATING TO AGE VERIFICATION FOR APP DEVELOPERS AND APP STORES ACT.,"Donna Kim (D),Henry Aquino (D),Stanley Chang (D),+6 sponsors",1
2025,HI,HB 899,HB899,,harmful,plural,Introduced,INTRODUCED,2025-12-08 00:00:00,RELATING TO GROWTH AND DEVELOPMENT IN SEXUALITY HEALTH EDUCATION CURRICULUM.,"Elijah Pierick (R),Diamond Garcia (R),Lauren Matsumoto (R)",1
2025,HI,HB 264,HB264,,harmful,plural,Introduced,INTRODUCED,2025-12-08 00:00:00,RELATING TO FAMILY COURT.,"David Alcos (R),Diamond Garcia (R),Gene Ward (R)",1
2025,VA,HB 1681,HB1681,,supportive,plural,Introduced,INTRODUCED,2025-01-14 00:00:00,Undesignated sex or gender designation option.,Laura Jane Cohen (D),1
2025,CA,AB 281,AB281,,harmful,plural,Introduced,INTRODUCED,2026-02-02 00:00:00,Comprehensive sexual health education and human immunodeficiency virus (HIV) prevention education: outside consultants.,James Gallagher (R),1
2025,TN,SB 1424,SB1424,,harmful,plural,Advancing,PASSED UPPER,2026-01-27 00:00:00,"Obscenity and Pornography - As introduced, expands the definition of ""adult-oriented establishment"", for purposes of imposing certain requirements, to include commercial establishments that offer sexually oriented material, devices, or paraphernalia, adult cabaret entertainment, or specified sexual activities, but for which such materials, devices, paraphernalia, entertainment, or activities are not the principal or predominant stock or trade. - Amends TCA Title 7, Chapter 51, Part 14.",Joey Hensley (R),2
2025,TN,SB 226,SB226,,harmful,plural,Advancing,PASSED UPPER,2026-01-21 00:00:00,"Professions and Occupations - As introduced, enacts the ""Tennessee Professionals' Freedom of Religion Act."" - Amends TCA Title 4.",Adam Lowe (R),2
2025,TN,HB 884,HB884,,harmful,plural,Advancing,PASSED LOWER,2026-01-14 00:00:00,"Obscenity and Pornography - As introduced, expands the definition of ""adult-oriented establishment"", for purposes of imposing certain requirements, to include commercial establishments that offer sexually oriented material, devices, or paraphernalia, adult cabaret entertainment, or specified sexual activities, but for which such materials, devices, paraphernalia, entertainment, or activities are not the principal or predominant stock or trade. - Amends TCA Title 7, Chapter 51, Part 14.",Chris Todd (R),2
2025,WA,SB 5137,SB5137,,harmful,plural,Introduced,INTRODUCED,2026-01-12 00:00:00,Requiring parental or legal guardian approval before a child participates in comprehensive sexual health education.,"Jim McCune (R),Leonard Christian (R),Phil Fortunato (R),+1 sponsor",1
2025,WA,SB 5012,SB5012,,harmful,plural,Introduced,INTRODUCED,2026-01-12 00:00:00,Concerning the organization of interscholastic athletics.,"Phil Fortunato (R),Leonard Christian (R),Jim McCune (R)",1
2025,HI,HB 1397,HB1397,,harmful,plural,Introduced,INTRODUCED,2025-12-08 00:00:00,RELATING TO PARENTAL RIGHTS.,"Elijah Pierick (R),David Alcos (R),Diamond Garcia (R),+2 sponsors",1
2025,HI,HB 1212,HB1212,,harmful,plural,Introduced,INTRODUCED,2025-12-08 00:00:00,RELATING TO PORNOGRAPHIC WEBSITES.,Elijah Pierick (R),1
2025,NH,HB 232,HB232,,harmful,plural,Introduced,INTRODUCED,2025-11-19 00:00:00,relative to the rights of conscience for medical professionals.,"Mark A Pearson,Debra L DeSimone,Maureen Mooney (R),+6 sponsors",1
2025,OR,HB 2393,HB2393,,harmful,plural,Introduced,INTRODUCED,2025-06-27 00:00:00,Relating to the examination of instructional materials.,"Bobby Levy (R),Kim Thatcher (R),Dwayne Yunker (R),+2 sponsors",1
2025,OR,HB 2309,HB2309,,harmful,plural,Introduced,INTRODUCED,2025-06-27 00:00:00,Relating to change of name.,"Kevin Mannix (R),Anna Scharf (R)",1
2025,OR,HB 2047,HB2047,,harmful,plural,Introduced,INTRODUCED,2025-06-27 00:00:00,Relating to parental rights.,"Boomer Wright (R),Ed Diehl (R),Werner Reschke (R)",1
2025,TX,SB 13,SB13,,harmful,plural,Signed,BECAME LAW,2025-06-20 00:00:00,"Relating to a school district's library materials and catalog, the establishment of local school library advisory councils, and parental rights regarding public school library catalogs and access by the parent's child to library materials.","Angela Paxton (R),Paul Bettencourt (R),Brian Birdwell (R),+21 sponsors",4
2025,TX,HB 581,HB581,,harmful,plural,Signed,BECAME LAW,2025-06-20 00:00:00,Relating to the creation of artificial sexual material harmful to minors.,"Mary González (D),Suleman Lalani (D),Linda Garcia (D),+3 sponsors",4
2025,TX,HB 1106,HB1106,,harmful,plural,Signed,BECAME LAW,2025-06-20 00:00:00,Relating to the definitions of child abuse and neglect.,"Matt Shaheen (R),Shelley Luther (R),Trey Wharton (R),+23 sponsors",4
2025,NH,SB 96,SB96,,harmful,plural,Signed,SIGNED BY GOVERNOR,2025-06-20 00:00:00,relative to mandatory disclosure by school district employees to parents and relative to enforcement of parental rights against school districts and school employees.,"Tim Lang (R),Sharon Carson (R),Jeanine M Notter,+12 sponsors",4
2025,ME,LD 1873,LD1873,,harmful,plural,Introduced,INTRODUCED,2025-06-17 00:00:00,An Act To Require Age Verification For Online Obscene Matter,"Katrina Smith (R),Alicia Collins (R),Rolf Olsen (R),+1 sponsor",1
2025,FL,SB 1288,S1288,,harmful,plural,Introduced,INTRODUCED,2025-06-16 00:00:00,Parental Rights,"Erin Grall (R),Judiciary,Rules",1
2025,FL,HB 1505,H1505,,harmful,plural,Advancing,PASSED LOWER,2025-06-16 00:00:00,Parental Rights,"Rachel Plakon (R),Kim Kendall (R),Judiciary Committee,+12 sponsors",2
2025,ME,LD 1432,LD1432,,harmful,plural,Introduced,INTRODUCED,2025-06-13 00:00:00,An Act To Remove Consideration Of Gender Identity From The Maine Human Rights Act,"Mike Soboleski (R),Gary Drinkwater (R),Ann Marie Fredericks (R),+7 sponsors",1
2025,OR,HB 3338,HB3338,,harmful,plural,Introduced,INTRODUCED,2025-06-27 00:00:00,Relating to gender-affirming treatment; declaring an emergency.,"Ed Diehl (R),Cyrus Javadi (D),Darin Harbick (R),+5 sponsors",1
2025,OR,SB 672,SB672,,harmful,plural,Introduced,INTRODUCED,2025-06-27 00:00:00,Relating to prohibiting gender-affirming care at correctional facilities.,"Daniel Bonham (R),Noah Robinson (R),David Smith (R)",1
2025,OH,HB 162,HB162,,harmful,plural,Advancing,PASSED LOWER,2025-10-22 00:00:00,Enact the My Child-My Chart Act,"Gary Click (R),Angie King (R),Josh Williams (R),+8 sponsors",2
2025,OH,HB 96,HB96,,harmful,plural,Signed,BECAME LAW,2025-10-01 00:00:00,Make state operating appropriations for FY 2026-27,Brian Stewart (R),4
2025,MA,H 550,H550,,harmful,plural,Introduced,INTRODUCED,2025-09-16 00:00:00,An Act relative to securing parental consent for human sexuality education,David DeCoste (R),1
2025,MI,HJR L,HJRL,,harmful,plural,Introduced,INTRODUCED,2025-08-14 00:00:00,Recreation: athletics and sports; determining classification of athletic events based on the biological sex of the participant assigned at birth; allow. Amends the state constitution by adding sec. 29 to art. l.,Jason Woolford (R),1
2025,NH,HB 446,HB446,,harmful,plural,Vetoed,VETOED,2025-07-17 00:00:00,relative to parental notice for non-academic surveys in public schools.,"Melissa Litchfield (R),Jeff Tenczar (R),Daniel Popovici-Muller (R),+2 sponsors",5
2025,OR,SB 506,SB506,,harmful,plural,Introduced,INTRODUCED,2025-06-27 00:00:00,Relating to prohibiting gender-affirming care at correctional facilities.,David Smith (R),1
2025,MO,HJR 54,HJR54,,harmful,plural,Introduced,INTRODUCED,2025-05-05 00:00:00,Proposes a constitutional amendment establishing provisions relating to reproductive health care,"Melanie Stinnett (R),Alex Riley (R),Jamie Ray Gragg (R),+1 sponsor",1
2025,IA,HF 64,HF64,,harmful,plural,Introduced,INTRODUCED,2025-03-14 00:00:00,A bill for an act relating to the dissemination and exhibition of obscene material to minors and providing penalties.,"Megan Jones (R),Heather Hora (R)",1
2025,WY,HB 43,HB43,,harmful,plural,Signed,BECAME LAW,2025-03-13 00:00:00,Age verification for websites with harmful material.,"Martha Lawley (R),Ocean Andrew (R),Abby Angelos (R),+12 sponsors",4
2025,ND,HCR 3013,HCR3013,,harmful,plural,Introduced,INTRODUCED,2025-03-13 00:00:00,A concurrent resolution urging the United States Supreme Court to restore the definition of marriage to a union between one man and one woman.,"Bill Tveit (R),Karen Anderson (R),David Clemens (R),+9 sponsors",1
2025,SD,SB 113,SB113,,harmful,plural,Introduced,INTRODUCED,2025-03-12 00:00:00,provide protections for parental rights.,"Tamara Grove (R),Sue Peterson (R),Carl Perry (R),+4 sponsors",1
2025,KS,SB 275,SB275,,harmful,plural,Introduced,INTRODUCED,2025-03-12 00:00:00,"Requiring school districts to include a fetal development presentation as part of the curriculum for any course that addresses human growth, human development or human sexuality.",,1
2025,AR,HB 1083,HB1083,,harmful,plural,Introduced,INTRODUCED,2025-03-11 00:00:00,TO CREATE THE ARKANSAS KIDS ONLINE SAFETY ACT.,"Zack Gramlich (R),Justin Boyd (R),Andrew Collins (D),+2 sponsors",1
2025,TX,HB 2784,HB2784,,harmful,plural,Introduced,INTRODUCED,2025-03-19 00:00:00,Relating to health benefit plan coverage for conversion therapy.,Terry Meza (D),1
2025,MO,SB 698,SB698,,harmful,plural,Introduced,INTRODUCED,2025-03-24 00:00:00,Requires school districts to establish a policy allowing students to be excused from class to receive religious or moral instruction off school property,Mike Moon (R),1
2025,MN,HF 2734,HF2734,,harmful,plural,Introduced,INTRODUCED,2025-03-24 00:00:00,Court procedure clarified for a change of sex to vital records.,Peter Fischer (D),1
2025,IA,HF 62,HF62,,harmful,plural,Introduced,INTRODUCED,2025-03-21 00:00:00,A bill for an act relating to obscene material available on devices and imposing civil liability on certain entities who publish or distribute obscene material on the internet.,John Wills (R),1
2025,MI,SB 191,SB191,,harmful,plural,Introduced,INTRODUCED,2025-03-20 00:00:00,Communications: internet; age verification to visit adult-only pornographic websites; require. Creates new act.,Thomas Albert (R),1
2025,OH,HB 155,HB155,,harmful,plural,Introduced,INTRODUCED,2025-03-19 00:00:00,"Prohibit diversity, equity, and inclusion in public schools","Beth Lear (R),Josh Williams (R),Thomas Hall (R),+5 sponsors",1
2025,WV,HB 2689,HB2689,,harmful,plural,Introduced,INTRODUCED,2025-03-11 00:00:00,Require pornography websites to utilize age verification methods to prevent minors from accessing content,"Geno Chiarelli (R),Elliott Pritt (R),Jeffries,+8 sponsors",1
2025,TX,HB 1484,HB1484,,harmful,plural,Introduced,INTRODUCED,2025-03-11 00:00:00,Relating to the protection of students from sexual grooming.,"Terri Leo-Wilson (R),Candy Noble (R),Charles Cunningham (R),+3 sponsors",1
2025,TX,HB 1279,HB1279,,harmful,plural,Introduced,INTRODUCED,2025-03-10 00:00:00,"Relating to prohibiting teaching in Texas public elementary and secondary schools of hateful, divisive and discriminatory practices and beliefs that could lead to discriminatory treatment of individuals because of such individual's race, color, ethnicity, sex, national origin or religion and the establishment of remedies and penalties for discriminatory treatment.",Alan Schoolcraft (R),1
2025,NH,HB 662,HB662,,harmful,plural,Introduced,INTRODUCED,2025-03-06 00:00:00,requiring the discussion of abortion procedures and viewing of certain videos during health education in public schools.,"John Sellers (R),Jordan Ulery (R),Sandra Panek (R),+2 sponsors",1
2025,MO,SJR 33,SJR33,,harmful,plural,Introduced,INTRODUCED,2025-03-05 00:00:00,Establishes provisions relating to reproductive health care,"Adam Schnelting (R),Nick Schroer (R),Rick Brattin (R),+4 sponsors",1
2025,MO,SB 295,SB295,,harmful,plural,Introduced,INTRODUCED,2025-03-05 00:00:00,Establishes provisions relating to adult cabaret including civil liability for adult cabarets and the offense of engaging in an adult cabaret performance,Rick Brattin (R),1
2025,MS,SB 2221,SB2221,,harmful,plural,Advancing,PASSED UPPER,2025-03-04 00:00:00,Campus safety; require institutions of higher learning to review safety procedures concerning student living accommodations.,Bart Williams (R),2
2025,ID,H 351,H351,,harmful,plural,Advancing,PASSED LOWER,2025-03-10 00:00:00,EDUCATION – Amends existing law to revise provisions regarding parental rights in education.,EDUCATION COMMITTEE,2
2025,UT,H.B. 518,HB518,,harmful,plural,Introduced,INTRODUCED,2025-03-07 00:00:00,Sexual Abuse Material Modifications,Nicholeen Peck (R),1
2025,UT,H.B. 449,HB449,,harmful,plural,Advancing,PASSED UPPER,2025-03-07 00:00:00,Student Athlete Amendments,"Jordan Teuscher (R),Ann Millner (R)",2
2025,TX,HB 1158,HB1158,,harmful,plural,Introduced,INTRODUCED,2025-03-07 00:00:00,Relating to parental approval for a student's participation in human sexuality instruction in public schools.,"Lacey Hull (R),Andy Hopper (R),David Spiller (R),+45 sponsors",1
2025,TX,HB 1084,HB1084,,harmful,plural,Introduced,INTRODUCED,2025-03-07 00:00:00,Relating to the regulation of in vitro fertilization procedures; authorizing an administrative penalty.,Pat Curry (R),1
2025,TN,HB 470,HB470,,harmful,plural,Introduced,INTRODUCED,2025-03-26 00:00:00,"Professions and Occupations - As introduced, enacts the ""Tennessee Professionals' Freedom of Religion Act."" - Amends TCA Title 4.",Tim Rudd (R),1
2025,AZ,HB 2126,HB2126,,harmful,plural,Vetoed,VETOED,2025-04-15 00:00:00,medical records; parental rights,"Julie Willoughby (R),Leo Biasiucci (R),Selina Bliss (R),+4 sponsors",5
2025,ND,HB 1561,HB1561,,harmful,plural,Signed,SIGNED BY GOVERNOR,2025-04-14 00:00:00,"AN ACT to create and enact a new section to chapter 51-07 of the North Dakota Century Code, relating to a commercial entity's liability for publishing or distributing sexual material harmful to a minor; to provide a penalty; and to provide for application.","Steve Swiontek (R),Michelle Axtman (R),Glenn Bosch (R),+8 sponsors",4
2025,IN,SB 143,SB143,,harmful,plural,Signed,BECAME LAW,2025-04-22 00:00:00,Parental rights.,"Liz Brown (R),Scott Alexander (R),Brett Clark (R),+19 sponsors",4
2025,TX,SB 112,SB112,,harmful,plural,Advancing,PASSED UPPER,2025-04-22 00:00:00,Relating to parental rights in public education.,Bob Hall (R),2
2025,AZ,SB 1443,SB1443,,harmful,plural,Vetoed,VETOED,2025-05-02 00:00:00,parental rights; compensatory damages,"Carine Werner (R),Hildy Angius (R),Shawnna Bolick (R),+13 sponsors",5
2025,NC,HB 636,H636,,harmful,plural,Advancing,PASSED LOWER,2025-04-28 00:00:00,Promoting Wholesome Content for Students.,"Neal Jackson (R),Brian Biggs (R),David Willis (R),+13 sponsors",2
2025,ND,SB 2380,SB2380,,harmful,plural,Signed,SIGNED BY GOVERNOR,2025-04-26 00:00:00,"AN ACT to create and enact a new section to chapter 51-07 of the North Dakota Century Code, relating to a commercial entity's liability for publishing or distributing sexual material harmful to a minor; to provide a penalty; and to provide for application.","Keith Boehm (R),Todd Beard (R),Larry Klemin (R),+3 sponsors",4
2025,ND,HB 1181,HB1181,,harmful,plural,Signed,SIGNED BY GOVERNOR,2025-04-25 00:00:00,"AN ACT to amend and reenact section 1-01-34 of the North Dakota Century Code, relating to gender usage in the North Dakota Century Code.","SuAnn Olson (R),Karen Anderson (R),Jose Castaneda (R),+6 sponsors",4
2025,OK,HB 1275,HB1275,,harmful,plural,Advancing,PASSED LOWER,2025-04-22 00:00:00,Social media; social network; parents and guardians; permission; verification.,"Chad Caldwell (R),Ally Seifried (R)",2
2025,KS,HB 2382,HB2382,,harmful,plural,Passed,PASSED,2025-04-10 00:00:00,"Senate Substitute for HB 2382 by Committee on Education - Requiring school districts to include a fetal development presentation as part of the curriculum for any course that addresses human growth, human development or human sexuality and authorizing the state board of education to establish the rate of compensation for members of the board.",,4
2025,TX,HB 4381,HB4381,,harmful,plural,Introduced,INTRODUCED,2025-04-01 00:00:00,Relating to parental rights and required notification in public education; authorizing an administrative penalty.,"Cole Hefner (R),Cook,Lacey Hull (R),+23 sponsors",1
2025,AR,SB 223,SB223,,harmful,plural,Signed,SIGNED BY GOVERNOR,2025-03-31 00:00:00,TO CREATE THE RELIGIOUS RIGHTS AT PUBLIC SCHOOLS ACT OF 2025.,"Mark Johnson (R),Alyssa Brown (R)",4
2025,ND,HB 1430,HB1430,,harmful,plural,Advancing,PASSED LOWER,2025-03-27 00:00:00,"A BILL for an Act to create and enact a new section to chapter 43-41 of the North Dakota Century Code, relating to the regulation of social workers.","Lori VanWinkle (R),Karen Anderson (R),Macy Bolinske (R),+9 sponsors",2
2025,OH,HB 196,HB196,,harmful,plural,Introduced,INTRODUCED,2025-03-26 00:00:00,"Regards candidate nomination protests, names on candidacy forms","Rodney Creech (R),Angie King (R)",1
2025,MS,HB 599,HB599,,harmful,plural,Signed,SIGNED BY GOVERNOR,2025-04-10 00:00:00,Internet; create civil liability for distribution of child pornography and obscene matter by commercial entities.,Price Wallace (R),4
2025,PA,SB 603,SB603,,harmful,plural,Introduced,INTRODUCED,2025-04-09 00:00:00,"An Act amending Title 18 (Crimes and Offenses) of the Pennsylvania Consolidated Statutes, in computer offenses, providing for Internet protections for minors.","Cris Dush (R),Judy Ward (R),Wayne Fontana (D),+1 sponsor",1
2025,TX,SB 371,SB371,,harmful,plural,Advancing,PASSED UPPER,2025-04-09 00:00:00,Relating to parental approval for a student's participation in human sexuality instruction in public schools.,"Donna Campbell (R),Bryan Hughes (R),Paul Bettencourt (R),+7 sponsors",2
2025,SC,H 3638,H3638,,harmful,plural,Introduced,INTRODUCED,2025-04-09 00:00:00,Parental rights,"Mark Smith (R),John McCravy (R),Bill Taylor (R),+23 sponsors",1
2025,MO,HB 1197,HB1197,,harmful,plural,Introduced,INTRODUCED,2025-04-08 00:00:00,Establishes immunity from civil liability for certain actions taken by private schools related to access to restrooms or changing areas,Ben Baker (R),1
2025,TX,SB 87,SB87,,harmful,plural,Introduced,INTRODUCED,2025-04-08 00:00:00,Relating to parental approval for a student's participation in human sexuality instruction in public schools.,"Bob Hall (R),Kevin Sparks (R)",1
2025,CT,HB 7014,HB07014,,harmful,plural,Introduced,INTRODUCED,2025-04-08 00:00:00,AN ACT CONCERNING PUBLIC SCHOOL LIBRARIES.,,1
2025,SC,H 3160,H3160,,supportive,plural,Introduced,INTRODUCED,2025-01-14 00:00:00,Uniform Antidiscrimination Act,Todd Rutherford (D),1
